Rank,IAAF Points,Distance,Finish Time,Joggler,Gender,Nationality,Date,Drops,Notes / Result Links
1,886,3b 100m,0:00:11.90,Owen Morse,M,USA,16/07/1988,?,http://www.juggling.org/orgs/ija/champs.txt
2,886,3b 100m,0:00:11.68,Owen Morse,M,USA,1989,0,https://www.guinnessworldrecords.com/world-records/fastest-100m-joggling-with-three-objects-men
3,820,3b 5km,0:18:12.00,Gabrielle Foran,F,CAN,05/07/2015,?,https://sites.google.com/site/guelph5kjoggling/results
4,798,3b 5km,0:18:26.00,Gabrielle Foran,F,CAN,2016,?,https://sites.google.com/site/guelph5kjoggling/results
5,763,3b 10km,0:40:06.00,Gabrielle Foran,F,CAN,04/06/2016,?,http://www.recordholders.org/en/list/joggling.html
6,730,3b 5km,0:19:09.00,Gabrielle Foran,F,CAN,2018,?,https://sites.google.com/site/guelph5kjoggling/results
7,726,3b 5km,0:19:12.00,Gabrielle Foran,F,CAN,2017,?,https://sites.google.com/site/guelph5kjoggling/results
8,700,3b 5km,0:19:29.70,Gabrielle Foran,F,CAN,15/07/2017,?,"IJA Database, https://www.juggle.org/enewsletter/2017-07"
9,681,3b 10km,0:33:34.00,Henry Wellenstein,M,USA,05/11/2022,?,https://www.strava.com/activities/8074621672
10,678,3b Mile,0:04:36.80,Caleb Williams,M,USA,14/08/2023,?,"IJA Database, https://www.youtube.com/watch?v=ubG4stsEwPw"
11,671,3b Mile,0:05:40.00,Gabrielle Foran,F,CAN,30/07/2016,?,IJA Database
12,670,3b 1000m,0:02:41.67,Jannik Weiss,M,DEU,01/08/2018,0,https://www.youtube.com/watch?v=gI1bCx23-cc
13,649,3b Mile,0:04:39.00,Henry Wellenstein,M,USA,23/05/2022,0,https://www.strava.com/activities/7136444528
14,643,3b 10km,0:42:58.00,Trish Evans,F,USA,12/11/2011,?,http://www.recordholders.org/en/list/joggling.html
15,640,3b 5km,0:20:10.00,Trish Evans,F,USA,23/06/2012,?,https://www.onlineraceresults.com/race/view_race.php?race_id=25925&num=15&split=TIME&submit_action=Refresh+Leaders#racetop
16,634,3b 100m,0:00:14.48,Hayley Fix,F,USA,05/08/2000,?,https://dev.juggle.org/history/champs/champs2000.php
17,634,3b 100m,0:00:14.96,Lana Bolin,F,USA,05/08/2000,?,https://dev.juggle.org/history/champs/champs2000.php
18,621,3b Half Marathon,1:35:03.00,Dana Giuglielmo,F,USA,16/11/2013,?,https://www.huffpost.com/entry/the-invention-of-joggling_b_6512928  https://www.albanyrunningexchange.org/results/search.php?ID=3667
19,620,3b Mile,0:04:42.00,Will Howard,M,USA,01/02/2003,?,http://www.atlantajugglers.org/aja-media/articles-by-our-members/86-joggling-world-record
20,615,3b 100m,0:00:12.74,Albert Lucas,M,USA,17/07/2002,?,https://dev.juggle.org/history/champs/champs2002.php
21,615,3b 100m,0:00:12.72,Chris Essick,M,USA,17/07/2002,?,https://dev.juggle.org/history/champs/champs2002.php
22,615,3b 100m,0:00:12.16,Albert Lucas,M,USA,05/08/2000,?,https://dev.juggle.org/history/champs/champs2000.php
23,615,3b 100m,0:00:12.90,Albert Lucas,M,USA,21/07/1990,?,http://www.juggling.org/orgs/ija/champs.txt
24,615,3b 100m,0:00:12.10,Owen Morse,M,USA,21/07/1990,?,http://www.juggling.org/orgs/ija/champs.txt
25,615,3b 100m,0:00:12.00,Albert Lucas,M,USA,16/07/1988,?,http://www.juggling.org/orgs/ija/champs.txt
26,615,3b 100m,0:00:12.12,Owen Morse,M,USA,18/07/1987,?,http://www.juggling.org/orgs/ija/champs.txt
27,615,3b 100m,0:00:12.03,Owen Morse,M,USA,26/07/1986,?,http://www.juggling.org/orgs/ija/champs.txt
28,615,3b 100m,0:00:12.67,Albert Lucas,M,USA,21/07/1984,?,http://www.juggling.org/orgs/ija/champs.txt
29,611,3b Mile,0:04:43.00,Zach Prescott,M,USA,08/05/2018,?,https://www.runnersworld.com/runners-stories/a20732918/joggler-sets-a-world-record-in-the-mile/
30,611,3b Mile,0:04:43.80,Kirk Swenson,M,USA,26/07/1986,1,http://www.juggling.org/orgs/ija/champs.txt http://www.juggling.org/jw/86/3/joggling.html
31,597,3b 10km,0:34:47.00,Michael-Lucien Bergeron,M,CAN,10/07/2022,?,IJA Database
32,597,3b 5km,0:20:40.00,Dana Giuglielmo,F,USA,06/04/2014,3,https://tomahawktiming.com/road-races/2014-season/46-codependency-5k-cooper-river/  https://medium.com/the-moorestown-sun/dana-guglielmo-breaks-guinness-world-record-for-joggling-8f1a107d5774
33,594,3b 5km,0:20:42.00,Gabrielle Foran,F,CAN,2019,?,https://sites.google.com/site/guelph5kjoggling/results
34,593,3b Half Marathon,1:16:47.34,Chris Edwin,M,GBR,16/11/2025,0,"World Record, and P1! https://watchtree.co.uk/wp-content/uploads/2025/11/provisional-resultshalf-marathon-2025-Google-Sheets.pdf https://www.strava.com/activities/16474995238"
35,588,3b 10km,0:34:55.00,Samuel Dean,M,USA,23/05/2026,0,"https://results.itsracetime.com/myresults.aspx?uid=17095-4507-2-426032
https://www.strava.com/activities/18622127956/overview
"
36,588,3b 400m,0:00:55.80,Eric Walter,M,USA,20/07/2013,?,IJA Database
37,586,3b Half Marathon,1:17:03.00,Chris Edwin,M,GBR,26/04/2026,0,https://www.fyldecoastrunners.com/uploads/5/2/4/9/52490083/festhalf26.pdf
38,583,3b Marathon,2:47:52.00,Benjamin Balbeur,M,BEL,06/04/2025,16,WR. https://www.instagram.com/p/DIJbAZ_Npul/ https://www.chronocompetition.com/wp-content/glive/g-live.html?f=../2025/NAMUR/BNM25.clax https://www.lavenir.net/regions/namur/2025/04/06/namur-benjamin-balbeur-boucler-son-marathon-en-jonglant-et-soffre-un-record-vers-la-fin-cetait-un-combat-3HVIO5AMONDO3M4YSKO2DORYG4/ https://www.sportograf.com/fr/event/13509/search/327
39,583,3b Half Marathon,1:17:09.00,Michael-Lucien Bergeron,M,CAN,21/10/2018,?,https://runningmagazine.ca/sections/runs-races/bergeron-breaks-half-marathon-joggling-record/
40,582,3b Half Marathon,1:17:11.00,Graydon Snider,M,CAN,21/10/2018,?,https://runningmagazine.ca/sections/runs-races/bergeron-breaks-half-marathon-joggling-record/
41,582,3b 800m,0:02:38.30,Gabrielle Foran,F,CAN,24/07/2018,?,IJA Database
42,581,3b 10km,0:35:01.83,Samuel Dean,M,USA,28/09/2025,0,"https://strava.app.link/Bnx8bwJ5DXb
https://runsignup.com/Race/Results/74716/IndividualResult/TkTT?resultSetId=577557#U50715666"
43,575,3b Mile,0:04:47.00,Samuel Dean,M,USA,14/02/2026,1,"https://www.movinshoesrc.com/_files/ugd/bed08b_edcfa7e6e17d48c4963243a19a51f131.pdf
https://www.strava.com/activities/17399323443/overview"
44,575,3b Mile,0:04:47.51,Kirk Swenson,M,USA,20/07/1985,?,http://www.juggling.org/orgs/ija/champs.txt
45,574,3b Mile,0:05:58.00,Emily Beaver,F,USA,15/05/2013,?,https://missouristatebears.com/news/2013/5/15/Emily_Beaver_Sets_World_Record_for_Joggling https://www.guinnessworldrecords.com/world-records/fastest-mile-joggling-with-three-objects-women
46,572,3b 10km,0:35:09.00,Samuel Dean,M,USA,14/03/2026,0,"https://www.bikesignup.com/Race/Results/38267/IndividualResult/Yctf?resultSetId=632716#U50715666
https://www.strava.com/activities/17720388890/overview"
47,569,3b 800m,0:02:39.70,Gabrielle Foran,F,CAN,25/07/2015,?,IJA Database
48,566,3b Mile,0:04:48.00,Samuel Dean,M,USA,31/07/2025,0,https://www.strava.com/activities/15303133543/overview
49,565,3b Half Marathon,1:17:45.47,Samuel Dean,M,USA,21/09/2025,0,"https://strava.app.link/7VEl0nT4DXb
https://www.givesignup.org/Race/Results/28060/IndividualResult/TMTN?resultSetId=576059#U50715666"
50,563,3b Half Marathon,1:17:49.00,Jean-Marc Doiron,M,CAN,08/09/2024,3,https://sportstats.one/results/142048/1214  https://www.strava.com/activities/12358680496
51,559,3b 1000m,0:03:29.10,Gabrielle Foran,F,CAN,29/06/2019,?,IJA Database
52,557,3b Marathon,2:49:56.00,Samuel Dean,M,USA,06/12/2025,14,"https://sportstats.one/event/st-jude-marathon-weekend/leaderboard/145472
https://www.strava.com/activities/16668884158/overview"
53,556,3b 800m,0:02:09.29,Jannik Weiss,M,DEU,26/05/2015,0,https://www.youtube.com/watch?v=-29JenoyYgg
54,554,3b Marathon,2:50:10.00,Samuel Dean,M,USA,09/11/2025,7,"https://results.raceroster.com/v3/events/4eek2t7xx2swa2nt/race/246734/participant/mq9r3keug9ypfuwp?filter_search=
https://www.strava.com/activities/16407254490/overview"
55,554,3b Marathon,2:50:12.00,Michal Kapral,M,CAN,30/09/2007,2,
56,552,3b 5km,0:16:34.00,Bob Evans,M,USA,23/06/2012,?,https://www.onlineraceresults.com/race/view_race.php?race_id=25925&num=15&split=TIME&submit_action=Refresh+Leaders#racetop
57,550,3b Half Marathon,1:18:16.00,Samuel Dean,M,USA,18/10/2025,0,"https://strava.app.link/wfXgNYi4DXb
https://results.itsracetime.com/myresults.aspx?uid=17095-4485-3-393793"
58,544,3b 800m,0:02:41.90,Gabrielle Foran,F,CAN,02/08/2014,?,IJA Database
59,543,3b 10km,0:35:36.00,Michael-Lucien Bergeron,M,CAN,19/08/2018,?,https://athleticsillustrated.com/michael-lucien-bergerons-ballsy-joggling-nets-him-a-world-10k-record/    https://runningmagazine.ca/the-scene/canadian-runs-5000m-joggling-world-record-of-1650/
60,540,3b 400m,0:00:56.23,David Ferman,M,USA,05/05/2011,0,https://www.youtube.com/watch?v=YhcXu01bUzE
61,540,3b 400m,0:00:56.06,Franz Roos,M,CHE,11/09/1997,0,https://www.youtube.com/watch?v=igd6zcLXXAU
62,537,3b 10km,0:35:41.00,Bob Evans,M,USA,12/11/2011,?,http://1stplacesports.com/man11gradedres.htm
63,535,3b 800m,0:02:10.90,Caleb Williams,M,USA,2021,?,IJA Database
64,533,3b 10km,0:35:45.00,Mike Hebebrand,M,USA,1990,?,From Email exchange with Mike (April 2023)
65,532,3b 5km,0:16:42.00,Bob Evans,M,USA,04/03/2012,?,https://thejoggler.blogspot.com/2012/03/bob-evans-lowers-5k-joggling-record-to.html
66,530,3b Half Marathon,1:19:00.00,Michel Lauziere,M,CAN,1982,?,Email exchange
67,529,3b 10km,0:35:49.00,Chris Edwin,M,GBR,06/09/2025,0,https://strava.app.link/bkLuYnB4rWb
68,529,3b Marathon,2:52:15.00,Zach Warren,M,USA,19/11/2006,?,
69,524,3b Marathon,2:52:39.00,Jean-Marc Doiron,M,CAN,12/05/2024,?,https://results.raceroster.com/v2/en-CA/results/mgba2wayykp2qux2/results  https://www.instagram.com/p/C64QdY6uqnH/
70,523,3b 2 Miles,0:10:32.00,Samuel Dean,M,USA,13/06/2026,0,"https://results.performancetiming.com/myresults.aspx?uid=16541-897-2-406106
https://www.strava.com/activities/18905674915/overview"
71,518,3b 5km,0:16:48.38,Samuel Dean,M,USA,27/09/2025,0,"https://strava.app.link/ijb4vMs5DXb
https://runsignup.com/Race/Results/93655/IndividualResult/TDSF?resultSetId=577276#U50715666"
72,516,3b 5km,0:16:49.70,Michael-Lucien Bergeron,M,CAN,2020,?,IJA Database
73,515,3b 10km,0:36:02.00,Chris Edwin,M,GBR,2022,0,
74,514,3b Marathon,2:53:28.00,Michal Kapral,M,CAN,21/04/2007,4,
75,511,3b 5km,0:16:51.00,Bob Evans,M,USA,29/10/2011,?,https://www.prweb.com/releases/catchitearly/joggling-world-record/prweb8929941.htm
76,509,3b 5km,0:21:46.30,Trish Evans,F,USA,20/07/2011,?,IJA Database
77,508,3b Half Marathon,1:19:48.00,Samuel Dean,M,USA,04/07/2026,1,"https://runsignup.com/Race/Results/125778/IndividualResult/RRkPs?resultSetId=667510#U50715666
https://www.strava.com/activities/19177992898/overview"
78,508,3b 800m,0:02:44.40,Gabrielle Foran,F,CAN,30/07/2016,?,IJA Database
79,508,3b 800m,0:02:44.70,Trish Evans,F,USA,20/07/2011,?,IJA Database
80,501,3b 5km,0:16:55.80,Kirk Swenson,M,USA,26/07/1986,1,"http://www.juggling.org/orgs/ija/champs.txt  http://www.juggling.org/jw/86/3/joggling.html I reached out to Kirk on Linkedin. He thinks he ran 16:55.8, and the 16:58.8 is a typo."
81,499,3b 5km,0:16:56.00,John Baker,M,USA,28/07/2022,?,https://www.instagram.com/p/CgiOHBcBGU6/
82,497,3b 5km,0:16:57.00,Graydon Snider,M,CAN,18/08/2018,0,https://www.parkrun.ca/fredericback/news/2018/09/15/highlights-from-the-last-few-weeks/  https://www.parkrun.ca/fredericback/results/58/
83,497,3b 800m,0:02:45.80,Gabrielle Foran,F,CAN,15/07/2017,?,IJA Database
84,497,3b Mile,0:04:56.01,Kirk Swenson,M,USA,21/07/1984,?,http://www.juggling.org/orgs/ija/champs.txt
85,495,3b 10km,0:36:22.00,Samuel Dean,M,USA,29/09/2024,2,"https://www.strava.com/activities/12533116223
"
86,495,3b 800m,0:02:12.90,Eric Walter,M,USA,29/06/2019,?,IJA Database
87,494,3b 400m,0:00:57.66,Eric Walter,M,USA,20/07/2011,?,IJA Database
88,494,3b 400m,0:00:57.40,Owen Morse,M,USA,21/07/1990,?,http://www.juggling.org/orgs/ija/champs.txt
89,491,3b Marathon,2:55:25.00,Michal Kapral,M,CAN,09/10/2016,0,https://chicago-history.r.mikatiming.com/2021/?pid=search
90,490,3b Half Marathon,1:20:27.00,Chris Edwin,M,GBR,08/05/2022,1,
91,490,3b 10km,0:36:27.00,Michal Kapral,M,CAN,10/09/2006,?,
92,488,3b Mile,0:04:57.01,Samuel Dean,M,USA,19/07/2025,?,IJA Database
93,488,3b 600m,0:02:00.40,Gabrielle Foran,F,CAN,29/06/2019,?,IJA Database
94,487,3b 5km,0:17:01.00,Michael-Lucien Bergeron,M,CAN,19/05/2018,?,https://www.sportstats.ca/display-results.xhtml?raceid=93319     https://www.facebook.com/664250217053533/posts/pfbid0219Yu1yTQzrGpqUzeYuti47oUfMr1RHohS3bhUrdxFH89RQh6iLr4qMkCR7Wacb9Rl/?app=fbl
95,486,3b 100m,0:00:15.90,Lana Bolin,F,USA,30/07/1999,?,IJA Database
96,486,3b 100m,0:00:15.90,Melinda Paas,F,CAN,30/07/1999,?,IJA Database
97,484,3b Half Marathon,1:20:40.00,Michal Kapral,M,CAN,19/10/2014,?,
98,483,3b Half Marathon,1:20:42.06,Samuel Dean,M,USA,14/06/2025,0,https://runsignup.com/Race/Results/40689/IndividualResult/hpLh?resultSetId=557311#U50715666
99,483,3b Half Marathon,1:20:42.00,Samuel Dean,M,USA,2025,?,IJA Database
100,480,3b Mile,0:04:58.00,Samuel Dean,M,USA,14/08/2023,?,https://www.strava.com/activities/9648987682
101,480,3b Half Marathon,1:20:50.00,Michael-Lucien Bergeron,M,CAN,11/05/2018,?,https://www.saltwire.com/nova-scotia/sports/video-bergeron-combines-running-and-juggling-243982/   https://results.raceroster.com/en-CA/results/detail/chxvfrgp4wa9fz63
102,480,3b 5km,0:17:04.00,Simon Hodge,M,CAN,29/08/2008,5,https://thejoggler.blogspot.com/2008/08/canadian-running-magazine-5k-joggle-off.html
103,480,3b Mile,0:06:17.00,Kathy Glynn,F,USA,22/07/1989,?,http://www.juggling.org/orgs/ija/champs.txt
104,478,3b 5km,0:17:05.00,Michal Kapral,M,CAN,29/08/2008,0,https://thejoggler.blogspot.com/2008/08/canadian-running-magazine-5k-joggle-off.html
105,478,3b 5km,0:17:05.00,Travis Saunders,M,CAN,29/04/2007,?,https://thejoggler.blogspot.com/2007/05/saunders-just-misses-5k-joggling-record.html
106,475,3b 800m,0:02:13.20,Eric Walter,M,USA,20/07/2011,?,IJA Database
107,473,3b 800m,0:02:47.40,Grace Boatman,F,0,20/07/2011,?,IJA Database
108,473,3b Marathon,2:57:02.00,Zach Warren,M,USA,21/04/2007,?,
109,471,3b 200m,0:00:31.87,Grace Boatman,F,0,20/07/2011,?,IJA Database
110,471,3b 200m,0:00:31.83,Trish Evans,F,USA,20/07/2011,?,IJA Database
111,471,3b 5km,0:17:08.00,Tyler Wishau,M,USA,2007,0,https://thejoggler.blogspot.com/2007/12/best-joggles-of-2007.html
112,469,3b 5km,0:17:09.00,Samuel Dean,M,USA,23/08/2025,0,"https://strava.app.link/8nrJUKS6rWb
https://runsignup.com/Race/Results/45009#resultSetId-569984;perpage:100"
113,469,3b 5km,0:17:09.00,Samuel Dean,M,USA,02/08/2025,0,https://www.parkrun.us/howardteminlakeshorepath/results/225/ 
114,466,3b 10km,0:36:50.00,Jean-Marc Doiron,M,CAN,06/10/2024,0,"https://strava.app.link/FFc2zVbFzOb
https://www.instagram.com/reel/DA4AOVQxmNo/?igsh=aTloNnlpa2Q2em1x
https://results.raceroster.com/v2/en-CA/results/ectbajxgxrmkxvdg/detail/g4fvecyjeb73eng9"
115,466,3b 10km,0:36:50.00,Michal Kapral,M,CAN,21/09/2008,?,https://thejoggler.blogspot.com/2008/09/joggling-longboat-10k-again.html
116,465,3b Marathon,2:57:44.00,Michal Kapral,M,CAN,24/09/2006,8,
117,462,3b 5km,0:17:12.00,Samuel Dean,M,USA,31/01/2026,0,"https://www.movinshoesrc.com/_files/ugd/bed08b_3fe2fce690a8440e8895999b43d20ce9.pdf
https://www.strava.com/activities/17242788321/overview"
118,461,3b Half Marathon,1:21:34.00,Michael-Lucien Bergeron,M,CAN,15/10/2017,6,https://runningmagazine.ca/sections/runs-races/michael-bergeron-2017-pei-half-marathon/     https://peiroadrunners.ca/results/2017/pei-marathon/13.1mi/
119,458,3b 400m,0:01:13.90,Gabrielle Foran,F,CAN,30/07/2016,?,IJA Database
120,458,3b 200m,0:00:26.81,Eric Walter,M,USA,20/07/2011,?,IJA Database
121,458,3b Marathon,2:58:23.00,Zach Warren,M,USA,17/04/2006,?,
122,458,3b 200m,0:00:26.50,Chris Essick,M,USA,17/07/2002,?,https://dev.juggle.org/history/champs/champs2002.php
123,458,3b 200m,0:00:26.61,Albert Lucas,M,USA,27/05/2001,?,https://www.flashresults.com/2001_Meets/outdoor/pre/pre.htm
124,458,3b 200m,0:00:26.19,Chris Essick,M,USA,27/05/2001,?,https://www.flashresults.com/2001_Meets/outdoor/pre/pre.htm
125,458,3b 200m,0:00:26.78,Travis Saunders,M,CAN,27/05/2001,?,https://www.flashresults.com/2001_Meets/outdoor/pre/pre.htm
126,453,3b 5km,0:17:16.00,Michael-Lucien Bergeron,M,CAN,08/06/2019,?,https://www.sportstats.ca/display-results.xhtml?raceid=100727&status=results&lastname=Bergeron    https://www.facebook.com/664250217053533/posts/pfbid02AgUtA5gMLKM8xnTKednYBmKC4xshKLLrVbZs8PcD2xoLobwPAifzwaotF4kj43N2l/?app=fbl
127,448,3b 1500m,0:04:40.23,Samuel Dean,M,USA,11/07/2024,?,"IJA Database, Giduz 1500m"
128,448,3b Mile,0:05:02.31,Samuel Dean,M,USA,2024,?,IJA Database
129,446,3b 5km,0:17:19.00,Chris Edwin,M,GBR,23/08/2025,0,https://strava.app.link/OU8nQpYEaWb
130,445,3b Marathon,2:59:32.00,Michal Kapral,M,CAN,07/10/2012,?,https://www.nlaa.ca/results/rr/2012/20121007traplinemarathon.php
131,442,3b Half Marathon,1:22:18.00,Chris Edwin,M,GBR,16/07/2023,0,https://www.sportstimingsolutions.co.uk/rd.php?id=484
132,441,3b Half Marathon,1:22:19.00,Chris Edwin,M,GBR,19/03/2023,0,
133,440,3b Mile,0:05:03.50,Scott Jenkins,M,GBR,31/08/2025,0,https://www.strava.com/activities/15647865208
134,438,3b Marathon,3:00:06.00,Chris Edwin,M,GBR,15/10/2023,1,https://www.strava.com/activities/10042614562/
135,438,3b Marathon,3:00:06.00,Michael-Lucien Bergeron,M,CAN,15/10/2023,?,https://www.strava.com/activities/10044512008
136,437,3b 800m,0:02:15.50,Tristan Heinicke,M,USA,20/05/2024,1,https://www.strava.com/activities/11460278327
137,437,3b 800m,0:02:15.61,Michal Kapral,M,CAN,25/08/2013,0,https://www.youtube.com/watch?v=Odw5gytllio
138,435,3b 5km,0:17:24.00,Michael-Lucien Bergeron,M,CAN,27/05/2023,?,https://www.strava.com/activities/9152812476
139,434,3b Half Marathon,1:22:37.00,Samuel Dean,M,USA,19/10/2024,2,https://www.strava.com/activities/12694368106
140,434,3b 400m,0:01:14.80,Gabrielle Foran,F,CAN,24/07/2018,?,IJA Database
141,432,3b 5km,0:22:48.00,Summer Cooper,F,USA,21/07/2024,0,https://runsignup.com/Race/Results/21507/?resultSetId=473898#resultSetId-473898;perpage:100       https://x.com/TimYoder24/status/1815089986099986624?t=NH7L7hCXvvbrsSzivo68Yw&s=19
142,431,3b 5km,0:17:26.00,Samuel Dean,M,USA,05/10/2025,0,"https://strava.app.link/BMJ5th15DXb
"
143,429,3b 800m,0:02:51.00,Gabrielle Foran,F,CAN,20/07/2013,?,IJA Database
144,424,3b 2 Miles,0:10:59.80,Samuel Dean,M,USA,07/06/2025,0,https://results.performancetiming.com/myresults.aspx?uid=16541-826-2-365180
145,424,3b Half Marathon,1:22:59.00,Benjamin Balbeur,M,BEL,06/04/2025,?,"Split in the Namur marathon, https://www.instagram.com/p/DIJbAZ_Npul/ https://www.chronocompetition.com/wp-content/glive/g-live.html?f=../2025/NAMUR/BNM25.clax https://www.lavenir.net/regions/namur/2025/04/06/namur-benjamin-balbeur-boucler-son-marathon-en-jonglant-et-soffre-un-record-vers-la-fin-cetait-un-combat-3HVIO5AMONDO3M4YSKO2DORYG4/ https://www.sportograf.com/fr/event/13509/search/327"
146,418,3b 800m,0:02:16.34,Scott Jenkins,M,GBR,17/05/2026,0,https://youtu.be/D1KIrWOAHVk?si=NvL0KhhhqLO8HpO3
147,418,3b Marathon,3:01:57.00,Jean-Marc Doiron,M,CAN,19/10/2025,?,"https://sportstats.one/event/toronto-waterfront-marathon/leaderboard/144989
https://marathonphotos.live/Event/Sports%2FSTCA%2F2025%2FToronto%20Waterfront%20Marathon/2278"
148,417,3b Half Marathon,1:23:18.61,Scott Jenkins,M,GBR,16/11/2025,0,P4! https://watchtree.co.uk/wp-content/uploads/2025/11/provisional-resultshalf-marathon-2025-Google-Sheets.pdf https://www.strava.com/activities/16474703376
149,417,3b Mile,0:05:06.00,Charlie Freeman,M,USA,22/08/2020,1,https://www.tiktok.com/@cfreeman77/video/6863613020333985029
150,417,3b Mile,0:05:06.00,Banks Helfrich,M,0,20/07/1985,?,http://www.juggling.org/orgs/ija/champs.txt
151,417,3b Mile,0:05:06.95,Jim Piaskowy,M,0,21/07/1984,?,http://www.juggling.org/orgs/ija/champs.txt
152,414,3b Half Marathon,1:23:23.00,Samuel Dean,M,USA,09/08/2025,0,"https://strava.app.link/Tgzoq0r7rWb
https://runsignup.com/Race/Results/131236/IndividualResult/cLYC?resultSetId=570293#U50715666"
153,413,3b 10km,0:37:45.00,Jean-Marc Doiron,M,CAN,08/06/2024,?,https://results.raceroster.com/v2/en-US/results/c2fsjcbar2gm22u4/detail/jq6esmxk6peqs9hm
154,410,3b 400m,0:01:15.50,Gabrielle Foran,F,CAN,25/07/2015,?,IJA Database
155,408,3b 400m,0:00:59.00,Jannik Weiss,M,DEU,21/05/2022,?,https://www.youtube.com/watch?v=H0abml3gEIQ&t=16535s
156,407,3b 2 Miles,0:11:04.20,Samuel Dean,M,USA,08/06/2024,0,https://www.strava.com/activities/11604611750
157,407,3b 5km,0:17:37.00,Mike Hebebrand,M,USA,21/07/1990,?,http://www.juggling.org/orgs/ija/champs.txt
158,404,3b Marathon,4:02:30.00,Sarah Szefi,F,USA,07/10/2018,?,https://chicago-history.r.mikatiming.com/2021/?pid=search
159,404,3b Half Marathon,1:23:49.00,Michal Kapral,M,CAN,19/04/2009,2,http://thejoggler.blogspot.com/2009/04/half-marathon-joggling-record.html
160,399,3b 5km,0:17:41.00,Samuel Dean,M,USA,24/08/2024,0,https://www.strava.com/activities/12230983636/overview
161,399,3b 5km,0:17:41.00,Jean-Marc Doiron,M,CAN,14/07/2024,?,https://www.strava.com/activities/11887871076
162,399,3b 10km,0:38:01.90,Samuel Dean,M,USA,25/05/2024,1,https://www.strava.com/activities/11494825025  https://results.itsracetime.com/results.aspx?CId=17095&RId=4417&EId=2
163,399,3b 1000m,0:02:59.30,Samuel Dean,M,USA,2023,?,IJA Database
164,398,3b 1500m,0:04:46.50,Samuel Dean,M,USA,30/05/2025,0,Manually timed by Scott Jenkins. https://www.strava.com/activities/14646922597
165,398,3b 1500m,0:04:46.00,Samuel Dean,M,USA,2025,?,IJA Database
166,396,3b 5km,0:17:42.00,Graydon Snider,M,CAN,21/05/2016,?,https://www.sportstats.ca/display-results.xhtml?raceid=29483
167,394,3b 100m,0:00:13.57,Scott Jenkins,M,GBR,06/08/2026,?,https://drive.google.com/file/d/1qnrcWsPurOdbl_2fbmmvB_rNF_XWH7Ph/view?usp=sharing
168,394,3b 100m,0:00:13.97,Stijn Westerbeek,M,NLD,06/08/2026,?,https://drive.google.com/file/d/1qnrcWsPurOdbl_2fbmmvB_rNF_XWH7Ph/view?usp=sharing
169,394,3b 100m,0:00:13.88,Scott Jenkins,M,GBR,04/08/2026,?,https://drive.google.com/file/d/1XEZ6TLz2q2lpJ89CLP3F6wQBp5zFDskm/view?usp=sharing
170,394,3b 100m,0:00:13.92,Dominic Lodge,M,GBR,09/08/2025,?,EJC results in Joggler's United Group
171,394,3b 100m,0:00:13.53,Mark Fiore,M,USA,09/08/2025,?,EJC results in Joggler's United Group
172,394,3b 10km,0:38:06.00,Chris Edwin,M,GBR,09/06/2024,0,https://www.strava.com/activities/11610045382
173,394,4b 100m,0:00:13.97,Mark Fiore,M,USA,22/07/2023,?,IJA Database
174,394,5b 100m,0:00:13.39,Matthew Feldman,M,USA,15/06/2018,0,https://www.youtube.com/watch?v=g18oD4SjaEs
175,394,3b 100m,0:00:13.39,Barry Goldmeier,M,USA,25/07/2015,?,http://www.juggling.org/orgs/ija/champs.txt
176,394,3b 100m,0:00:13.99,Christopher van Hoomissen,M,0,25/07/2015,?,IJA Database
177,394,3b 100m,0:00:13.85,Mark Fiore,M,USA,25/07/2015,?,IJA Database
178,394,3b 100m,0:00:13.16,Matan Presberg,M,USA,25/07/2015,?,IJA Database
179,394,3b 100m,0:00:13.57,Michael-Lucien Bergeron,M,CAN,25/07/2015,?,IJA Database
180,394,3b 100m,0:00:13.42,Mike Hout,M,USA,25/07/2015,?,http://www.juggling.org/orgs/ija/champs.txt
181,394,3b 100m,0:00:13.90,Jared Janssen,M,0,02/08/2014,?,IJA Database
182,394,3b 100m,0:00:13.90,Chris Lovdal,M,USA,20/07/2010,?,https://dev.juggle.org/history/champs/champs2010.php
183,394,3b 100m,0:00:13.90,Tyler Wishau,M,USA,20/07/2010,?,https://dev.juggle.org/history/champs/champs2010.php
184,394,3b 100m,0:00:13.91,David Ferman,M,USA,14/07/2009,?,https://dev.juggle.org/history/champs/champs2009.php
185,394,3b 100m,0:00:13.22,Travis Saunders,M,CAN,05/08/2000,?,https://dev.juggle.org/history/champs/champs2000.php
186,394,3b 100m,0:00:13.90,David Hussey,M,0,06/08/1997,?,https://dev.juggle.org/history/champs/champs1997.php
187,394,3b 100m,0:00:13.10,Albert Lucas,M,USA,20/07/1996,?,https://dev.juggle.org/history/champs/champs1996.php
188,394,3b 100m,0:00:13.20,Albert Lucas,M,USA,13/08/1994,?,https://dev.juggle.org/history/champs/champs1994.php
189,394,3b 100m,0:00:13.75,Mike Hout,M,USA,20/07/1991,?,http://www.juggling.org/orgs/ija/champs.txt
190,394,3b 100m,0:00:13.20,Jeff Mason,M,USA,22/07/1989,?,http://www.juggling.org/orgs/ija/champs.txt
191,394,3b 100m,0:00:13.90,Tom Sparough,M,0,22/07/1989,?,http://www.juggling.org/orgs/ija/champs.txt
192,394,3b 100m,0:00:13.30,Tuey Wilson,M,USA,22/07/1989,?,http://www.juggling.org/orgs/ija/champs.txt
193,394,3b 100m,0:00:13.00,Jerome Ellis,M,USA,26/07/1986,?,http://www.juggling.org/orgs/ija/champs.txt
194,394,3b 100m,0:00:13.84,John Ellwanger,M,USA,21/07/1984,?,http://www.juggling.org/orgs/ija/champs.txt
195,394,3b 100m,0:00:13.90,Sterling Franklin,M,USA,2024,?,IJA Database
196,394,3b 100m,0:00:13.96,Sterling Franklin,M,USA,2020,?,IJA Database
197,394,5b 100m,0:00:13.80,Owen Morse,M,USA,1988,0,https://www.youtube.com/watch?v=g18oD4SjaEs
198,392,3b 5km,0:17:44.00,Samuel Dean,M,USA,01/02/2026,1,"https://runsignup.com/Race/Results/138564/IndividualResult/RJQqT?resultSetId=624251#U50715666
https://www.strava.com/activities/17250662072/overview"
199,392,3b 5km,0:17:44.40,Samuel Dean,M,USA,06/10/2024,0,https://www.strava.com/activities/12592511722
200,390,3b 3km,0:10:21.00,Scott Jenkins,M,GBR,26/05/2023,0,https://www.strava.com/activities/9143369867
201,390,3b 10km,0:38:10.00,Michal Kapral,M,CAN,13/10/2007,?,"https://sportstats.one/event/crs-zoo-run/leaderboard/2982 
https://thejoggler.blogspot.com/2007/10/monkeying-around-at-oasis-zoorun.html"
202,388,3b Half Marathon,1:24:28.00,Scott Jenkins,M,GBR,25/05/2025,0,https://www.strava.com/activities/14591295757 https://sportstats.one/event/ottawa-race-weekend/leaderboard/143801
203,387,3b 400m,0:01:16.60,Gabrielle Foran,F,CAN,02/08/2014,?,IJA Database
204,387,3b 400m,0:01:16.00,Christa Rypins,F,USA,21/07/1990,?,http://www.juggling.org/orgs/ija/champs.txt
205,386,3b Mile,0:05:10.00,Scott Jenkins,M,GBR,26/08/2025,0,https://www.strava.com/activities/15596912064
206,386,3b 5km,0:17:47.00,Aaron Scott,M,USA,03/04/2020,1,https://www.youtube.com/watch?v=NYNBRc9AKHE
207,386,3b 5km,0:17:47.00,Michael-Lucien Bergeron,M,CAN,20/05/2017,?,https://www.sportstats.ca/display-results.xhtml?raceid=42181&status=results&lastname=Bergeron     https://www.facebook.com/664250217053533/posts/pfbid02AgUtA5gMLKM8xnTKednYBmKC4xshKLLrVbZs8PcD2xoLobwPAifzwaotF4kj43N2l/?app=fbl
208,383,3b 800m,0:02:18.74,Samuel Dean,M,USA,30/05/2025,0,Manually timed by Scott Jenkins. https://www.strava.com/activities/14646922592
209,383,3b 800m,0:02:18.20,Samuel Dean,M,USA,2025,?,IJA Database
210,376,3b 5km,0:17:52.00,Samuel Dean,M,USA,21/09/2024,0,https://www.strava.com/activities/12468382727
211,372,3b Half Marathon,1:25:10.00,Tyler Wishau,M,USA,18/10/2015,?,https://www.onlineraceresults.com/race/view_race.php?race_id=48212&re_NO=e.g.%2C+1946&re_FN=tyler&re_LN=e.g.%2C+Desch&re_CITY=&re_STATE=&re_DIVISION=&submit_action=select_result&race_id=48212#results
212,370,3b 5km,0:17:55.00,Robert Slick,M,0,21/07/1990,?,http://www.juggling.org/orgs/ija/champs.txt
213,369,3b 10km,0:38:34.98,Scott Jenkins,M,GBR,02/02/2025,0,https://www.strava.com/activities/13517740366
214,368,3b 400m,0:01:00.23,Scott Jenkins,M,GBR,06/08/2026,?,https://drive.google.com/file/d/1qnrcWsPurOdbl_2fbmmvB_rNF_XWH7Ph/view?usp=sharing
215,368,3b 400m,0:01:00.29,Scott Jenkins,M,GBR,09/08/2025,0,EJC results in Joggler's United Group
216,368,3b Marathon,3:06:45.00,Michal Kapral,M,CAN,17/04/2006,14,
217,368,3b 400m,0:01:00.60,Chris Essick,M,USA,17/07/2002,?,https://dev.juggle.org/history/champs/champs2002.php
218,368,3b 400m,0:01:00.16,Albert Lucas,M,USA,05/08/2000,?,https://dev.juggle.org/history/champs/champs2000.php
219,368,3b 400m,0:01:00.46,Travis Saunders,M,CAN,05/08/2000,?,https://dev.juggle.org/history/champs/champs2000.php
220,368,3b 5km,0:23:45.00,Heather Marriott,F,USA,06/08/1997,?,https://dev.juggle.org/history/champs/champs1997.php
221,368,3b 400m,0:01:00.90,Albert Lucas,M,USA,20/07/1996,?,https://dev.juggle.org/history/champs/champs1996.php
222,367,3b 200m,0:00:27.96,David Ferman,M,USA,14/07/2009,?,https://dev.juggle.org/history/champs/champs2009.php
223,367,3b 200m,0:00:27.00,Albert Lucas,M,USA,17/07/2002,?,https://dev.juggle.org/history/champs/champs2002.php
224,367,3b 200m,0:00:27.66,Albert Lucas,M,USA,05/08/2000,?,https://dev.juggle.org/history/champs/champs2000.php
225,367,3b 200m,0:00:27.44,Travis Saunders,M,CAN,05/08/2000,?,https://dev.juggle.org/history/champs/champs2000.php
226,366,3b 800m,0:02:19.20,Samuel Dean,M,USA,11/07/2024,?,IJA Database
227,366,3b 5km,0:17:57.40,Charles Schweitzer,M,USA,20/07/2011,?,IJA Database
228,366,3b 800m,0:02:19.10,Henry Wellenstein,M,USA,2020,?,IJA Database
229,365,3b Mile,0:05:13.76,Chris Edwin,M,GBR,17/05/2026,0,https://youtu.be/yeAhMs8cxGs?si=zl-8Qt0RWwtn6bH9
230,365,3b Mile,0:05:13.00,Scott Jenkins,M,GBR,29/07/2025,0,https://www.strava.com/activities/15279159052
231,365,3b Marathon,3:07:05.00,Zach Warren,M,USA,20/11/2005,?,https://www.thecrimson.com/article/2005/11/30/marathon-man-grad-student-keeps-balls/
232,365,3b Mile,0:05:13.00,Reese Edwards,M,0,06/08/1997,?,https://dev.juggle.org/history/champs/champs1997.php
233,364,3b 5km,0:17:58.00,Samuel Dean,M,USA,02/06/2024,0,https://www.strava.com/activities/11556827273
234,364,3b 400m,0:01:17.69,Lana Bolin,F,USA,05/08/2000,?,https://dev.juggle.org/history/champs/champs2000.php
235,364,3b Mile,0:06:43.40,Christa Rypins,F,USA,21/07/1990,?,http://www.juggling.org/orgs/ija/champs.txt
236,360,3b 5km,0:18:00.00,Michal Kapral,M,CAN,17/06/2007,1,https://thejoggler.blogspot.com/2007/06/joggling-fathers-day-5k.html
237,358,3b 10km,0:38:46.00,Samuel Dean,M,USA,19/04/2025,6,https://runsignup.com/Race/Results/54445/IndividualResult/cZkX?resultSetId=541950#U50715666
238,358,3b Half Marathon,1:25:45.00,Tyler Wishau,M,USA,16/11/2011,?,https://www.onlineraceresults.com/race/view_race.php?race_id=21745&re_NO=e.g.%2C+1946&re_FN=e.g.%2C+Joe&re_LN=Wishau&re_CITY=&re_STATE=&re_DIVISION=&submit_action=select_result&race_id=21745#results      https://www.dmu.edu/blog/2012/03/joggler-juggles-more-than-medical-school/
239,358,3b Marathon,3:07:46.00,Michal Kapral,M,CAN,25/09/2005,20,
240,357,3b 100m,0:00:16.40,Sydney Paugh,F,0,21/07/2012,?,IJA Database
241,357,3b 100m,0:00:16.29,Trish Evans,F,USA,20/07/2011,?,IJA Database
242,357,3b 100m,0:00:16.13,Amanda Richter,F,0,14/07/2009,?,https://dev.juggle.org/history/champs/champs2009.php
243,356,3b 5km,0:18:02.00,Michal Kapral,M,CAN,15/06/2008,0,https://thejoggler.blogspot.com/2008/06/joggler-wins-race-outright.html
244,356,3b 5km,0:18:02.80,Samuel Dean,M,USA,2023,?,IJA Database
245,352,3b Marathon,3:08:26.00,Michal Kapral,M,CAN,26/05/2024,2,https://www.instagram.com/p/C7emxQTxVVN/
246,352,3b 5km,0:18:04.00,Samuel Dean,M,USA,15/08/2023,?,https://www.strava.com/activities/9655725241
247,351,3b Half Marathon,1:26:04.00,Scott Jenkins,M,GBR,30/03/2025,0,https://www.strava.com/activities/14027128990
248,351,3b Half Marathon,1:26:04.00,Chris Edwin,M,GBR,02/03/2025,0,https://www.strava.com/activities/13766449529
249,351,3b Half Marathon,1:26:04.00,Scott Jenkins,M,GBR,02/03/2025,1,https://www.strava.com/activities/13766448454
250,351,3b Mile,0:05:15.94,Sean McLoughlin,M,0,17/07/1982,?,http://www.juggling.org/orgs/ija/champs.txt
251,350,3b Half Marathon,1:26:07.00,Samuel Dean,M,USA,19/05/2024,1,"https://runsignup.com/Race/Results/132944/?resultSetId=382322#resultSetId-457438;perpage:100  https://www.strava.com/activities/11448641958
"
252,349,3b 800m,0:02:20.00,Eric Walter,M,USA,20/07/2013,?,IJA Database
253,348,3b 5km,0:18:06.00,Scott Jenkins,M,GBR,19/04/2025,0,https://www.parkrun.org.uk/edinburgh/results/717/  https://www.strava.com/activities/14220044467
254,348,3b Mile,0:06:47.00,Heather Marriott,F,USA,06/08/1997,?,https://dev.juggle.org/history/champs/champs1997.php
255,344,3b 10km,0:39:03.00,Dominic Lodge,M,GBR,06/09/2025,1,
256,344,3b Marathon,3:09:13.00,Chris Edwin,M,GBR,14/05/2023,1,https://www.strava.com/activities/9069308254
257,344,3b Mile,0:05:16.00,Mike Hebebrand,M,USA,21/07/1990,?,http://www.juggling.org/orgs/ija/champs.txt
258,342,3b 5km,0:18:09.00,Scott Jenkins,M,GBR,04/04/2026,0,https://www.parkrun.org.uk/burnham and highbridge/results/486/
259,340,3b Mile,0:06:49.28,Lana Bolin,F,USA,05/08/2000,?,https://dev.juggle.org/history/champs/champs2000.php
260,339,3b 10km,0:39:08.00,Scott Jenkins,M,GBR,19/01/2025,2,https://www.strava.com/activities/13517740366 https://my.raceresult.com/323949/#0_2F3B1C
261,338,3b Half Marathon,1:26:39.00,Scott Jenkins,M,GBR,14/09/2025,0,https://www.strava.com/activities/15806757852
262,336,3b 1500m,0:04:54.08,Scott Jenkins,M,GBR,30/05/2025,0,Manually timed by Sam Dean. https://www.strava.com/activities/14645861689
263,334,3b 5km,0:18:13.00,Scott Jenkins,M,GBR,20/09/2025,0,https://www.parkrun.org.uk/riverfront/results/363
264,334,3b 5km,0:18:13.00,Scott Jenkins,M,GBR,08/03/2025,0,https://www.strava.com/activities/13766449529
265,332,3b 800m,0:02:21.60,Scott Jenkins,M,GBR,29/07/2025,0,https://www.strava.com/activities/15279159052
266,332,3b Marathon,3:10:30.00,Chris Edwin,M,GBR,16/04/2023,0,
267,332,3b Half Marathon,1:26:55.00,Jordan Evans,M,GBR,30/09/2018,?,
268,332,3b 800m,0:02:21.80,Michael-Lucien Bergeron,M,CAN,25/07/2015,?,IJA Database
269,332,3b 800m,0:02:21.00,Tyler Wishau,M,USA,14/07/2009,?,https://dev.juggle.org/history/champs/champs2009.php
270,332,3b 10km,0:39:17.00,Michal Kapral,M,CAN,01/03/2009,0,https://thejoggler.blogspot.com/2009/03/worlds-best-10k-joggling-update.html
271,330,3b 400m,0:01:01.97,Scott Jenkins,M,GBR,03/08/2026,?,https://drive.google.com/file/d/1XEZ6TLz2q2lpJ89CLP3F6wQBp5zFDskm/view?usp=sharing
272,330,3b 400m,0:01:01.59,Scott Jenkins,M,GBR,17/05/2026,0,https://youtu.be/jv8da1bQDBs?si=cGLUloPRCY6y-fNN
273,330,3b 400m,0:01:01.90,Michael-Lucien Bergeron,M,CAN,25/07/2015,?,IJA Database
274,330,3b 400m,0:01:01.00,Trey Newsome,M,USA,18/07/2006,?,https://dev.juggle.org/history/champs/champs2006.php
275,328,3b 5km,0:18:16.00,Scott Jenkins,M,GBR,04/08/2025,?,EJC results in Joggler's United Group
276,327,3b 10km,0:39:23.00,Samuel Dean,M,USA,16/03/2024,2,https://www.strava.com/activities/10971982364
277,325,3b Half Marathon,1:27:14.00,Michal Kapral,M,CAN,07/12/2008,15,https://www.caymancompass.com/2008/12/11/keeping-pace-is-a-balancing-act/
278,321,3b Marathon,3:11:36.00,Samuel Dean,M,USA,31/08/2024,7,https://www.strava.com/activities/12292141500
279,319,3b 5km,0:18:21.00,Chris Edwin,M,GBR,01/10/2023,?,https://www.strava.com/activities/9956880609
280,319,3b 10km,0:39:32.00,Jordan Evans,M,GBR,26/11/2017,?,https://www.strava.com/activities/1291259819 https://www.thepowerof10.info/resultsfiles/2017/222094_7901_05122017010351_GLOS.pdf
281,319,3b 5km,0:18:21.00,Reese Edwards,M,0,06/08/1997,?,https://dev.juggle.org/history/champs/champs1997.php
282,318,3b 800m,0:03:02.20,Katie Burgess,F,0,02/08/2014,?,IJA Database
283,317,3b Half Marathon,1:27:35.00,Chris Edwin,M,GBR,01/03/2026,0,https://www.runthroughrankings.com/rankings/profile/286606
284,317,3b Marathon,3:12:05.00,Michal Kapral,M,CAN,12/10/2008,?,
285,316,3b 800m,0:02:22.30,Sterling Franklin,M,USA,2020,?,IJA Database
286,313,3b Marathon,3:12:28.00,Chris Edwin,M,GBR,27/04/2025,2,https://mel-active-eventresults-webdynamiccontent.azurewebsites.net/finishcertificate/pdf?eventId=7315035702770155264&raceId=493116&bib=4101&format=pdf
287,313,3b 5km,0:18:24.00,Chris Edwin,M,GBR,20/04/2024,0,https://www.strava.com/activities/11223208296
288,313,3b Half Marathon,1:27:48.00,Scott Jenkins,M,GBR,28/05/2023,2,https://www.strava.com/activities/9154792920
289,313,3b 5km,0:24:37.00,Katie Burgess,F,0,15/07/2017,?,https://www.juggle.org/enewsletter/2017-07
290,313,3b 5km,0:24:37.80,Katie Burgess,F,0,15/07/2017,?,IJA Database
291,311,3b 5km,0:18:25.00,Dominic Lodge,M,GBR,04/08/2025,?,EJC results in Joggler's United Group
292,310,3b Mile,0:05:21.00,Scott Jenkins,M,GBR,08/08/2026,?,https://drive.google.com/file/d/1v5KXHNKD3UqQcFqTQ_POWGjEc5X8w7t7/view?usp=sharing
293,310,3b Mile,0:05:21.00,Stijn Westerbeek,M,NLD,08/08/2026,?,https://drive.google.com/file/d/1v5KXHNKD3UqQcFqTQ_POWGjEc5X8w7t7/view?usp=sharing
294,310,3b Mile,0:05:21.00,Aaron Scott,M,USA,14/07/2020,1,https://www.youtube.com/watch?v=OM97KJQIVAM
295,309,3b 10km,0:39:45.00,James McDiarmid,M,GBR,22/09/2024,?,https://www.mens10k.com/results?event=998&name=james&running_number=&rs=390&gender=&age_category=  https://www.instagram.com/p/DAOqLnPI5MM/
296,308,3b Half Marathon,1:28:01.00,Dominic Lodge,M,GBR,26/04/2026,?,https://www.fyldecoastrunners.com/uploads/5/2/4/9/52490083/festhalf26.pdf
297,308,3b 5km,0:18:27.00,Samuel Dean,M,USA,31/05/2025,0,https://www.parkrun.us/howardteminlakeshorepath/results/216/  https://www.strava.com/activities/14655044998
298,308,3b 5km,0:24:42.00,Morgan Anderson,F,0,2018,?,https://sites.google.com/site/guelph5kjoggling/results
299,307,3b Half Marathon,1:28:03.00,Scott Jenkins,M,GBR,27/04/2025,0,https://www.strava.com/activities/14299457163  https://www.fyldecoastrunners.com/uploads/5/2/4/9/52490083/festhalf2025.pdf
300,307,3b Marathon,3:13:06.00,Jean-Marc Doiron,M,CAN,20/10/2024,7,"https://www.instagram.com/p/DBZfbJGxxEf/

https://sportstats.one/results/142384"
301,306,3b Marathon,3:13:12.00,Michael-Lucien Bergeron,M,CAN,17/04/2017,4,
302,305,3b Half Marathon,1:28:08.00,Samuel Dean,M,USA,24/09/2023,4,https://www.strava.com/activities/9912752839
303,301,3b 800m,0:02:23.60,Tyler Wishau,M,USA,20/07/2010,?,https://dev.juggle.org/history/champs/champs2010.php
304,301,3b 800m,0:02:23.50,Len Ferman,M,USA,15/07/2008,?,https://dev.juggle.org/history/champs/champs2008.php
305,301,3b 800m,0:02:23.50,Sterling Franklin,M,USA,2021,?,IJA Database
306,300,3b 1500m,0:04:59.96,Jonathan Abbott,M,USA,11/07/2024,?,"IJA Database, Giduz 1500m"
307,300,3b 5km,0:18:31.00,Samuel Dean,M,USA,25/05/2024,0,https://www.strava.com/activities/11497983220 https://results.itsracetime.com/results.aspx?CId=17095&RId=4417&EId=2
308,299,3b 10km,0:39:57.00,James McDiarmid,M,GBR,22/10/2023,0,https://www.myrunning.uk/mens-10k-edinburgh/results-stats?entry_id=1433665&race_number=10355&people_id=701492
309,298,3b 5km,0:18:32.00,Chris Edwin,M,GBR,19/04/2025,0,https://www.parkrun.org.uk/edinburgh/results/717/  https://www.strava.com/activities/14220474253
310,298,3b Half Marathon,1:28:28.00,Michael-Lucien Bergeron,M,CAN,17/05/2015,?,https://www.sportstats.ca/display-results.xhtml?raceid=25949&status=results&lastname=Bergeron    https://www.facebook.com/664250217053533/posts/pfbid02AgUtA5gMLKM8xnTKednYBmKC4xshKLLrVbZs8PcD2xoLobwPAifzwaotF4kj43N2l/?app=fbl
311,297,3b Mile,0:05:23.00,John Ellwanger,M,USA,21/07/1984,?,http://www.juggling.org/orgs/ija/champs.txt
312,296,3b Half Marathon,1:28:35.80,Dominic Lodge,M,GBR,16/11/2025,?,P10! https://watchtree.co.uk/wp-content/uploads/2025/11/provisional-resultshalf-marathon-2025-Google-Sheets.pdf
313,296,3b Marathon,3:14:19.00,Daniel Raum,M,AUT,13/04/2019,?,https://linzmarathon.r.mikatiming.de/2019/?pid=search
314,296,3b 200m,0:00:34.34,Lana Bolin,F,USA,05/08/2000,?,https://dev.juggle.org/history/champs/champs2000.php
315,295,3b 400m,0:01:02.43,Stijn Westerbeek,M,NLD,06/08/2026,?,https://drive.google.com/file/d/1qnrcWsPurOdbl_2fbmmvB_rNF_XWH7Ph/view?usp=sharing
316,295,3b Marathon,3:14:25.00,Chris Edwin,M,GBR,26/05/2024,2,https://www.strava.com/activities/11501501012
317,295,3b 400m,0:01:02.70,Mark Fiore,M,USA,25/07/2015,?,IJA Database
318,295,3b 400m,0:01:02.50,Matt Diffee,M,USA,13/07/2004,?,https://dev.juggle.org/history/champs/champs2004.php
319,295,3b 400m,0:01:02.20,Albert Lucas,M,USA,13/08/1994,?,https://dev.juggle.org/history/champs/champs1994.php
320,295,3b 400m,0:01:02.40,Sterling Franklin,M,USA,2020,?,IJA Database
321,293,3b Half Marathon,1:28:43.00,Scott Jenkins,M,GBR,01/03/2026,?,https://www.runthroughrankings.com/rankings/profile/718361
322,293,3b 5km,0:18:35.90,Mike Hebebrand,M,USA,24/07/1993,?,http://www.juggling.org/orgs/ija/champs.txt
323,292,3b Half Marathon,1:28:46.00,Scott Jenkins,M,GBR,16/02/2025,0,https://www.strava.com/activities/13640782249
324,292,3b Half Marathon,1:28:47.00,James McDiarmid,M,GBR,10/03/2024,?,https://invernesshalfmarathon.co.uk/results/1/2024/
325,288,3b 5km,0:18:38.80,Tyler Wishau,M,USA,20/07/2011,?,IJA Database
326,287,3b 600m,0:01:43.00,Sterling Franklin,M,USA,2021,?,IJA Database
327,285,3b 800m,0:02:24.97,Jonathan Abbott,M,USA,11/07/2024,?,IJA Database
328,285,3b 200m,0:00:28.46,Mark Fiore,M,USA,11/07/2024,?,IJA Database
329,285,3b 200m,0:00:28.91,Chris Lovdal,M,USA,20/07/2011,?,IJA Database
330,285,3b 200m,0:00:28.75,Trey Newsome,M,USA,19/07/2005,?,https://dev.juggle.org/history/champs/champs2005.php
331,284,3b Mile,0:05:25.63,Dominic Lodge,M,GBR,17/05/2026,0,https://youtu.be/yeAhMs8cxGs?si=zl-8Qt0RWwtn6bH9
332,284,3b Mile,0:05:25.00,Michel Lauziere,M,CAN,23/07/1983,?,http://www.juggling.org/orgs/ija/champs.txt
333,283,3b Half Marathon,1:29:12.00,James McDiarmid,M,GBR,17/11/2024,2,https://docs.google.com/spreadsheets/d/1xG136D94wNXM98BcByv_nZc7rszIR8WUljIfApThARk/edit?fbclid=IwY2xjawGpmTJleHRuA2FlbQIxMQABHWp8OfxOUxsaM-ty_Qqemjc3TGKVDC3alC-gNi33uGxyg1BPMsIXyaKgSw_aem_G64t2d7Le1K2E2_3y2MXPA
334,282,3b 5km,0:18:41.00,Scott Jenkins,M,GBR,29/08/2025,0,https://www.strava.com/activities/15630356423
335,282,3b 5km,0:18:41.00,Scott Jenkins,M,GBR,07/09/2024,0,https://www.parkrun.org.uk/armley/results/252/  https://www.strava.com/activities/12346919109
336,281,3b 400m,0:01:21.70,Katie Burgess,F,0,02/08/2014,?,IJA Database
337,279,3b 5km,0:18:43.00,Darin Marriott,M,USA,06/08/1997,?,https://dev.juggle.org/history/champs/champs1997.php
338,278,3b Mile,0:05:26.74,Todd McLeish,M,0,18/07/1987,?,http://www.juggling.org/orgs/ija/champs.txt
339,276,3b Mile,0:07:06.00,Heather Marriott,F,USA,30/07/1999,?,IJA Database
340,275,3b 5km,0:18:45.00,Dominic Lodge,M,GBR,30/08/2025,?,https://www.parkrun.org.uk/huddersfield/results/646/
341,275,3b 10km,0:40:28.00,Scott Jenkins,M,GBR,13/05/2023,0,https://www.strava.com/activities/9062494677
342,273,3b Half Marathon,1:29:44.00,Scott Jenkins,M,GBR,06/10/2024,0,"https://www.strava.com/activities/12588594690

https://www.greatrun.org/results/1261/?search=Jenkins"
343,273,3b 1500m,0:05:03.00,Michel Lauziere,M,CAN,18/07/1981,?,"Email exchange inc photo of newpaper article, http://www.juggling.org/orgs/ija/champs.txt"
344,272,3b 5km,0:18:47.50,Tyler Wishau,M,USA,14/07/2009,?,https://dev.juggle.org/history/champs/champs2009.php
345,272,3b Mile,0:07:07.00,Heather Marriott,F,USA,15/07/1998,?,IJA Database
346,272,3b 5km,0:18:47.95,Marty Gardella,M,0,17/07/1982,?,http://www.juggling.org/orgs/ija/champs.txt
347,271,3b 800m,0:02:25.30,Trey Newsome,M,USA,18/07/2006,?,https://dev.juggle.org/history/champs/champs2006.php
348,271,3b Mile,0:05:27.00,Albert Lucas,M,USA,20/07/1996,?,https://dev.juggle.org/history/champs/champs1996.php
349,269,3b Half Marathon,1:29:56.00,Tim Ebersole,M,USA,12/09/2020,0,https://falconracetiming.com/racetimes/Harrisburg%20Half%20Overall%202020.htm
350,268,3b 5km,0:18:49.00,Scott Jenkins,M,GBR,27/09/2025,1,https://www.parkrun.org.uk/merthyr/results/341
351,267,3b Half Marathon,1:30:01.00,Jordan Evans,M,GBR,22/10/2017,?,https://www.strava.com/activities/1241841107
352,267,3b 600m,0:01:44.90,Sterling Franklin,M,USA,2020,?,IJA Database
353,265,3b 5km,0:18:51.00,Jordan Evans,M,GBR,10/03/2018,?,https://www.strava.com/activities/1445037548  https://www.parkrun.org.uk/gloucestercity/results/2/
354,265,3b Mile,0:05:28.55,Billy Gillen,M,USA,18/07/1987,?,http://www.juggling.org/orgs/ija/champs.txt
355,264,3b 800m,0:03:08.00,Lauren Rice,F,0,18/07/2006,?,https://dev.juggle.org/history/champs/champs2006.php
356,261,3b 400m,0:01:03.54,Stijn Westerbeek,M,NLD,09/08/2025,0,EJC results in Joggler's United Group
357,261,3b 400m,0:01:03.89,Samuel Dean,M,USA,19/07/2025,?,IJA Database
358,261,3b 5km,0:18:53.00,Samuel Dean,M,USA,14/04/2024,?,https://www.strava.com/activities/11181858418
359,261,3b 400m,0:01:03.80,Chris Lovdal,M,USA,21/07/2012,?,IJA Database
360,261,3b 400m,0:01:03.10,Chris Lovdal,M,USA,20/07/2011,?,IJA Database
361,261,3b 400m,0:01:03.60,Tyler Wishau,M,USA,20/07/2011,?,IJA Database
362,261,3b 400m,0:01:03.25,David Ferman,M,USA,14/07/2009,?,https://dev.juggle.org/history/champs/champs2009.php
363,261,3b 400m,0:01:03.10,Chris Essick,M,USA,13/07/2004,?,https://dev.juggle.org/history/champs/champs2004.php
364,261,3b 400m,0:01:03.90,Sterling Franklin,M,USA,2024,?,IJA Database
365,261,3b 400m,0:01:03.90,Sterling Franklin,M,USA,2021,?,IJA Database
366,260,3b 5km,0:18:54.00,Scott Jenkins,M,GBR,23/05/2026,0,https://www.parkrun.org.uk/edinburgh/results/774/
367,260,3b 5km,0:18:54.00,Jordan Evans,M,GBR,23/09/2017,0,https://www.strava.com/activities/1197014312
368,259,3b Mile,0:05:29.00,Chris Edwin,M,GBR,01/10/2023,?,https://www.strava.com/activities/9956880609
369,259,3b Mile,0:05:29.00,Andrew Head,M,0,23/07/1983,?,http://www.juggling.org/orgs/ija/champs.txt
370,259,3b Mile,0:05:29.00,Paul Williams,M,0,17/07/1982,?,http://www.juggling.org/orgs/ija/champs.txt
371,258,3b 5km,0:18:55.00,Scott Jenkins,M,GBR,09/08/2025,0,https://www.parkrun.co.nl/sonsbeek/results/199/
372,258,3b 5km,0:18:55.00,Michael-Lucien Bergeron,M,CAN,21/05/2016,?,https://www.sportstats.ca/display-results.xhtml?raceid=29483
373,256,3b 800m,0:02:26.40,Len Ferman,M,USA,02/08/2014,?,IJA Database
374,255,3b 5km,0:18:57.00,Jordan Evans,M,GBR,01/01/2022,2,
375,253,3b Mile,0:05:30.09,Troy Fitzgerald,M,0,25/07/2015,?,http://www.juggling.org/orgs/ija/champs.txt
376,253,3b Mile,0:05:30.00,Sterling Franklin,M,USA,2020,?,IJA Database
377,250,3b Marathon,3:19:37.00,James McDiarmid,M,GBR,29/09/2024,0,https://lochnessmarathon.com/results/1/2024/
378,250,3b 5km,0:19:00.00,Jordan Evans,M,GBR,02/09/2017,?,https://www.strava.com/activities/1163922574  https://www.parkrun.org.uk/worcesterpitchcroft/results/12/
379,250,3b Marathon,3:19:36.00,Daniel Raum,M,AUT,09/04/2017,?,https://services.datasport.com/2017/lauf/zuerich/alfar.htm
380,250,3b 5km,0:25:43.00,Heather Marriott,F,USA,17/07/2002,?,https://dev.juggle.org/history/champs/champs2002.php
381,250,3b 5km,0:19:00.00,Sean McLoughlin,M,0,17/07/1982,?,http://www.juggling.org/orgs/ija/champs.txt
382,250,3b 5km,0:19:00.00,Mike Hebebrand,M,USA,1998,?,From Email exchange with Mike (April 2023)
383,248,3b 100m,0:00:17.83,Natascha Ilgin,F,DEU,06/08/2026,?,https://drive.google.com/file/d/1qnrcWsPurOdbl_2fbmmvB_rNF_XWH7Ph/view?usp=sharing
384,248,3b 100m,0:00:17.98,Kayla Malmgren,F,USA,19/07/2025,?,IJA Database
385,248,3b 100m,0:00:17.84,Kayla Malmgren,F,USA,15/07/2017,?,IJA Database
386,248,3b 100m,0:00:17.99,Gabrielle Foran,F,CAN,25/07/2015,?,IJA Database
387,248,3b 100m,0:00:17.70,Gabrielle Foran,F,CAN,02/08/2014,?,IJA Database
388,248,3b 100m,0:00:17.80,Anna Voelker,F,0,20/07/2013,?,IJA Database
389,248,3b 100m,0:00:17.80,Sydney Paugh,F,0,20/07/2013,?,IJA Database
390,248,3b 5km,0:19:01.60,Bob Evans,M,USA,20/07/2011,?,IJA Database
391,248,3b 100m,0:00:17.79,Sydney Paugh,F,0,20/07/2011,?,IJA Database
392,248,3b 100m,0:00:17.74,Bronwyn Neeser,F,0,13/07/2004,?,https://dev.juggle.org/history/champs/champs2004.php
393,248,3b 100m,0:00:17.70,Dorothy Finnigan,F,0,06/08/1997,?,https://dev.juggle.org/history/champs/champs1997.php
394,248,3b 100m,0:00:17.00,Melinda Paas,F,CAN,06/08/1997,?,https://dev.juggle.org/history/champs/champs1997.php
395,248,3b 100m,0:00:17.70,Sandy Brown,F,0,06/08/1997,?,https://dev.juggle.org/history/champs/champs1997.php
396,248,3b 100m,0:00:17.54,Laura Green,F,0,20/07/1991,?,http://www.juggling.org/orgs/ija/champs.txt
397,248,3b 100m,0:00:17.20,Sandy Brown,F,0,21/07/1990,?,http://www.juggling.org/orgs/ija/champs.txt
398,247,3b 200m,0:00:35.76,Gabrielle Foran,F,CAN,29/06/2019,?,IJA Database
399,247,3b 1000m,0:03:12.60,Sterling Franklin,M,USA,29/06/2019,?,IJA Database
400,247,3b 800m,0:03:10.00,Heather Marriott,F,USA,18/07/2006,?,https://dev.juggle.org/history/champs/champs2006.php
401,246,3b Marathon,3:20:07.00,Zach Becker,M,USA,26/04/2026,13,https://results.laurelt.com/eug/results?pk=8799298 https://www.strava.com/activities/18269692694
402,245,3b 5km,0:19:03.00,Chris Edwin,M,GBR,16/05/2026,0,https://www.parkrun.org.uk/myrtle/results/324/
403,244,3b 400m,0:01:23.40,Gabrielle Foran,F,CAN,15/07/2017,?,IJA Database
404,244,3b 400m,0:01:23.80,Katie Burgess,F,0,25/07/2015,?,IJA Database
405,244,3b 400m,0:01:23.80,Gabrielle Foran,F,CAN,20/07/2013,?,IJA Database
406,244,3b Mile,0:07:15.17,Heather Marriott,F,USA,28/07/2001,?,https://dev.juggle.org/history/champs/champs2001.php
407,241,3b 5km,0:19:05.00,Scott Jenkins,M,GBR,18/04/2026,0,https://www.parkrun.org.uk/edinburgh/results/769/
408,241,3b Marathon,3:20:45.00,Daniel Raum,M,AUT,29/05/2016,?,https://www.alphafoto.com/images.php?runID=752&sn=81       https://www.datasport.com/live/startlist/?racenr=21167
409,241,3b 5km,0:19:05.00,Michal Kapral,M,CAN,2018,?,https://sites.google.com/site/guelph5kjoggling/results
410,240,3b 5km,0:19:06.00,Stijn Westerbeek,M,NLD,04/08/2025,?,EJC results in Joggler's United Group
411,240,3b Marathon,3:20:49.00,Paul-Erik Lillholm,M,NOR,10/08/2000,?,
412,240,3b 5km,0:19:06.70,John Kilgust,M,0,22/07/1989,?,http://www.juggling.org/orgs/ija/champs.txt
413,239,3b 5km,0:25:56.00,Meggie Mariah,F,0,15/07/2024,?,IJA Database
414,238,3b Half Marathon,1:31:31.00,Samuel Dean,M,USA,26/05/2024,3,https://www.strava.com/activities/11503046086  https://results.raceroster.com/v2/en-US/results/pft2hpqqzamghxwy/results?subEvent=199748&page=1
415,237,3b 10km,0:41:20.00,Jordan Evans,M,GBR,07/10/2018,?,https://www.strava.com/activities/1889442921
416,235,3b 10km,0:41:22.00,James McDiarmid,M,GBR,02/02/2025,?,https://connect.garmin.com/modern/activity/18166907174
417,235,3b 3km,0:11:10.90,Sterling Franklin,M,USA,2020,?,IJA Database
418,234,3b Marathon,3:21:37.00,Daniel Raum,M,AUT,06/10/2019,?,https://bregenz.r.mikatiming.de/2019/?pid=search
419,234,3b Marathon,3:21:38.00,Perry Romanowski,M,USA,06/06/2009,?,
420,233,3b Half Marathon,1:31:48.00,Dominic Lodge,M,GBR,01/03/2026,?,https://www.runthroughrankings.com/rankings/profile/718454
421,232,3b 10km,0:41:26.00,Scott Jenkins,M,GBR,13/02/2022,0,
422,230,3b 5km,0:19:12.00,Chris Edwin,M,GBR,19/02/2023,1,https://www.parkrun.org.uk/robertspark/results/19/      https://www.facebook.com/108529600921199/posts/pfbid0xiw65sANFevSWGv3avyQoS8v81v9Vyvz83nWbR9Zx7TBRMxYKAk6Xc4CW6C9UAoTl/?app=fbl
423,230,3b Mile,0:05:34.28,Clarke McFarlane,M,0,18/07/1987,?,http://www.juggling.org/orgs/ija/champs.txt
424,229,3b 400m,0:01:04.85,Dominic Lodge,M,GBR,09/08/2025,0,EJC results in Joggler's United Group
425,229,3b Half Marathon,1:32:01.00,Dominic Lodge,M,GBR,17/11/2024,11,https://www.strava.com/activities/12920882173  https://docs.google.com/spreadsheets/d/1xG136D94wNXM98BcByv_nZc7rszIR8WUljIfApThARk/edit?fbclid=IwY2xjawGpmTJleHRuA2FlbQIxMQABHWp8OfxOUxsaM-ty_Qqemjc3TGKVDC3alC-gNi33uGxyg1BPMsIXyaKgSw_aem_G64t2d7Le1K2E2_3y2MXPA
426,229,3b 400m,0:01:04.40,Mark Fiore,M,USA,15/07/2017,?,IJA Database
427,229,3b 400m,0:01:04.47,Tyler Wishau,M,USA,14/07/2009,?,https://dev.juggle.org/history/champs/champs2009.php
428,229,3b 400m,0:01:04.62,Trey Newsome,M,USA,19/07/2005,?,https://dev.juggle.org/history/champs/champs2005.php
429,229,3b 400m,0:01:04.30,Jamie Whoolery,M,0,17/07/2002,?,https://dev.juggle.org/history/champs/champs2002.php
430,229,3b 400m,0:01:04.93,Jamie Whoolery,M,0,28/07/2001,?,https://dev.juggle.org/history/champs/champs2001.php
431,229,3b 400m,0:01:04.88,Barry Goldmeier,M,USA,20/07/1991,?,http://www.juggling.org/orgs/ija/champs.txt
432,229,3b 400m,0:01:04.50,Albert Lucas,M,USA,21/07/1990,?,http://www.juggling.org/orgs/ija/champs.txt
433,228,3b Half Marathon,1:32:03.00,James McDiarmid,M,GBR,09/03/2025,?,https://invernesshalfmarathon.co.uk/results/1/2025/?epage=1&sort=Position&text-search=Mcdiarmid&filter=#more
434,227,3b Marathon,3:22:32.00,Ashrita Furman,M,USA,04/07/1988,?,
435,226,3b Half Marathon,1:32:10.00,Scott Jenkins,M,GBR,13/10/2024,2,"https://www.strava.com/activities/12643984253

https://www.burnham-on-sea.com/news/two-new-course-records-set-at-2024-burnham-on-sea-half-marathon-photos-full-results/

https://www.burnham-on-sea.com/wp-content/uploads/2024/10/BHM-Results-V1.1.pdf"
436,225,3b Half Marathon,1:32:12.00,Daniel Raum,M,AUT,12/09/2021,?,https://my.raceresult.com/163389/
437,224,3b Half Marathon,1:32:17.00,Jordan Evans,M,GBR,01/10/2017,?,https://www.strava.com/activities/1209848764
438,224,3b 5km,0:19:16.00,Jacob Heimer,M,0,15/07/2017,?,https://www.juggle.org/enewsletter/2017-07
439,224,3b 5km,0:19:16.60,Jacob Heimer,M,0,15/07/2017,?,IJA Database
440,224,3b Marathon,3:22:54.00,Perry Romanowski,M,USA,09/10/2005,?,https://chicago-history.r.mikatiming.com/2021/?pid=search
441,224,3b Mile,0:05:35.80,Albert Lucas,M,USA,16/07/1988,?,http://www.juggling.org/orgs/ija/champs.txt
442,223,3b Marathon,3:22:58.00,Daniel Raum,M,AUT,26/05/2019,?,https://services.datasport.com/2019/lauf/winterthur/rang010.htm
443,223,3b Marathon,3:23:00.00,Perry Romanowski,M,USA,2007,?,
444,222,3b 2 Miles,0:12:07.00,Jonathan Abbott,M,USA,08/06/2025,0,https://runsignup.com/Race/Photos/Location/SuperheroSprint2025/NJ/WallTwp/superherosprint P1
445,221,3b 100m,0:00:14.63,Karel Schuller,M,NLD,06/08/2026,?,https://drive.google.com/file/d/1qnrcWsPurOdbl_2fbmmvB_rNF_XWH7Ph/view?usp=sharing
446,221,3b 100m,0:00:14.87,Tamino Larisch,M,DEU,06/08/2026,?,https://drive.google.com/file/d/1qnrcWsPurOdbl_2fbmmvB_rNF_XWH7Ph/view?usp=sharing
447,221,3b 100m,0:00:14.03,Dominic Lodge,M,GBR,04/08/2026,?,https://drive.google.com/file/d/1XEZ6TLz2q2lpJ89CLP3F6wQBp5zFDskm/view?usp=sharing
448,221,3b 100m,0:00:14.22,Finn Mertens,M,BEL,04/08/2026,?,https://drive.google.com/file/d/1XEZ6TLz2q2lpJ89CLP3F6wQBp5zFDskm/view?usp=sharing
449,221,3b 100m,0:00:14.75,Finn Mertens,M,BEL,04/08/2026,?,https://drive.google.com/file/d/1XEZ6TLz2q2lpJ89CLP3F6wQBp5zFDskm/view?usp=sharing
450,221,3b 100m,0:00:14.93,Karel Schuller,M,NLD,04/08/2026,?,https://drive.google.com/file/d/1XEZ6TLz2q2lpJ89CLP3F6wQBp5zFDskm/view?usp=sharing
451,221,3b 100m,0:00:14.97,Karel Schuller,M,NLD,04/08/2026,?,https://drive.google.com/file/d/1XEZ6TLz2q2lpJ89CLP3F6wQBp5zFDskm/view?usp=sharing
452,221,3b 100m,0:00:14.94,Samuel Tittelein,M,FRA,04/08/2026,?,https://drive.google.com/file/d/1XEZ6TLz2q2lpJ89CLP3F6wQBp5zFDskm/view?usp=sharing
453,221,3b 100m,0:00:14.00,Shimon Levikov,M,DEU,04/08/2026,?,https://drive.google.com/file/d/1XEZ6TLz2q2lpJ89CLP3F6wQBp5zFDskm/view?usp=sharing
454,221,3b 100m,0:00:14.87,Tamino Larisch,M,DEU,04/08/2026,?,https://drive.google.com/file/d/1XEZ6TLz2q2lpJ89CLP3F6wQBp5zFDskm/view?usp=sharing
455,221,3b 100m,0:00:14.97,Tamino Larisch,M,DEU,04/08/2026,?,https://drive.google.com/file/d/1XEZ6TLz2q2lpJ89CLP3F6wQBp5zFDskm/view?usp=sharing
456,221,3b 100m,0:00:14.10,Shimon Levikov,M,DEU,03/08/2026,?,https://drive.google.com/file/d/1XEZ6TLz2q2lpJ89CLP3F6wQBp5zFDskm/view?usp=sharing
457,221,3b 100m,0:00:14.93,Karel Schuller,M,NLD,02/08/2026,?,https://drive.google.com/file/d/1XEZ6TLz2q2lpJ89CLP3F6wQBp5zFDskm/view?usp=sharing
458,221,3b 100m,0:00:14.97,Shimon Levikov,M,DEU,02/08/2026,?,https://drive.google.com/file/d/1XEZ6TLz2q2lpJ89CLP3F6wQBp5zFDskm/view?usp=sharing
459,221,3b 100m,0:00:14.87,Shimon Levikov,M,DEU,02/08/2026,?,https://drive.google.com/file/d/1XEZ6TLz2q2lpJ89CLP3F6wQBp5zFDskm/view?usp=sharing
460,221,3b 100m,0:00:14.13,Stijn Westerbeek,M,NLD,02/08/2026,?,https://drive.google.com/file/d/1XEZ6TLz2q2lpJ89CLP3F6wQBp5zFDskm/view?usp=sharing
461,221,3b 100m,0:00:14.96,Scott Jenkins,M,GBR,17/05/2026,0,https://youtu.be/rBhM7jC_XPs?si=gZcprv3qNQBV_N21
462,221,5b 100m,0:00:14.98,Mark Fiore,M,USA,09/08/2025,0,EJC results in Joggler's United Group
463,221,3b 100m,0:00:14.43,Scott Jenkins,M,GBR,09/08/2025,?,EJC results in Joggler's United Group
464,221,3b 100m,0:00:14.79,Shimon Levikov,M,DEU,09/08/2025,?,EJC results in Joggler's United Group
465,221,4b 100m,0:00:14.71,Mark Fiore,M,USA,19/07/2025,?,IJA Database
466,221,3b 100m,0:00:14.74,Alexander Armbruster,M,DEU,30/07/2023,?,https://www.joggling.pl/joggling-competitionszawody/2023-lublin-open.html
467,221,3b 100m,0:00:14.98,Ilia Poliakov,M,ISR,30/07/2023,?,https://www.joggling.pl/joggling-competitionszawody/2023-lublin-open.html
468,221,3b 100m,0:00:14.14,Sebastian Siwiec,M,POL,30/07/2023,?,https://www.joggling.pl/joggling-competitionszawody/2023-lublin-open.html
469,221,3b 100m,0:00:14.84,Vasek Peca,M,CZE,30/07/2023,?,https://www.joggling.pl/joggling-competitionszawody/2023-lublin-open.html
470,221,3b 100m,0:00:14.41,Jared Janssen,M,0,22/07/2023,?,IJA Database
471,221,5b 100m,0:00:14.63,Mark Fiore,M,USA,22/07/2023,?,IJA Database
472,221,3b 100m,0:00:14.37,Sterling Franklin,M,USA,22/07/2023,?,IJA Database
473,221,3b 100m,0:00:14.62,Ben Fry,M,0,24/07/2018,?,IJA Database
474,221,3b 100m,0:00:14.00,Bryan Harris,M,0,24/07/2018,?,IJA Database
475,221,3b 100m,0:00:14.20,Jared Ashton,M,0,24/07/2018,?,IJA Database
476,221,5b 100m,0:00:14.10,Matthew Feldman,M,USA,24/07/2018,?,IJA Database
477,221,3b 100m,0:00:14.28,Mark Fiore,M,USA,15/07/2017,?,IJA Database
478,221,3b 100m,0:00:14.34,Christopher van Hoomissen,M,0,30/07/2016,?,IJA Database
479,221,3b 100m,0:00:14.97,Nicolas Souren,M,0,30/07/2016,?,IJA Database
480,221,3b 100m,0:00:14.41,Ben Thompson,M,0,25/07/2015,?,IJA Database
481,221,3b 100m,0:00:14.56,Derek Holm,M,0,25/07/2015,?,IJA Database
482,221,3b 100m,0:00:14.99,Eric Reinhart,M,0,25/07/2015,?,IJA Database
483,221,3b 100m,0:00:14.52,Joe Lyons,M,0,25/07/2015,?,http://www.juggling.org/orgs/ija/champs.txt
484,221,3b 100m,0:00:14.64,Michael Nance,M,0,25/07/2015,?,http://www.juggling.org/orgs/ija/champs.txt
485,221,3b 100m,0:00:14.60,Jared Janssen,M,0,20/07/2013,?,IJA Database
486,221,3b 100m,0:00:14.10,Albert Lucas,M,USA,21/07/2012,?,IJA Database
487,221,3b 100m,0:00:14.30,Dylan Waickman,M,0,21/07/2012,?,IJA Database
488,221,3b 100m,0:00:14.60,Joe Spicola,M,0,21/07/2012,?,IJA Database
489,221,3b 100m,0:00:14.80,Len Ferman,M,USA,21/07/2012,?,IJA Database
490,221,3b 100m,0:00:14.50,Nicolas Souren,M,0,21/07/2012,?,IJA Database
491,221,3b 100m,0:00:14.28,Chris Lovdal,M,USA,20/07/2011,?,IJA Database
492,221,3b 100m,0:00:14.48,Tyler Wishau,M,USA,20/07/2011,?,IJA Database
493,221,3b 100m,0:00:14.90,Anders Kierulf,M,0,20/07/2010,?,https://dev.juggle.org/history/champs/champs2010.php
494,221,3b 100m,0:00:14.20,Dylan Waickman,M,0,20/07/2010,?,https://dev.juggle.org/history/champs/champs2010.php
495,221,3b 100m,0:00:14.60,Joey Spicola,M,0,20/07/2010,?,https://dev.juggle.org/history/champs/champs2010.php
496,221,3b 100m,0:00:14.90,Paul Arneberg,M,0,20/07/2010,?,https://dev.juggle.org/history/champs/champs2010.php
497,221,3b 100m,0:00:14.80,Tim Hark,M,0,20/07/2010,?,https://dev.juggle.org/history/champs/champs2010.php
498,221,3b 100m,0:00:14.76,Chris Lovdal,M,USA,14/07/2009,?,https://dev.juggle.org/history/champs/champs2009.php
499,221,3b 100m,0:00:14.66,Jeremy Stanley,M,0,14/07/2009,?,https://dev.juggle.org/history/champs/champs2009.php
500,221,3b 100m,0:00:14.45,Tyler Wishau,M,USA,14/07/2009,?,https://dev.juggle.org/history/champs/champs2009.php
501,221,3b 100m,0:00:14.56,Chris Essick,M,USA,15/07/2008,?,https://dev.juggle.org/history/champs/champs2008.php
502,221,3b 100m,0:00:14.10,Jeremy Stanley,M,0,15/07/2008,?,https://dev.juggle.org/history/champs/champs2008.php
503,221,3b 100m,0:00:14.91,Anders Kierulf,M,0,17/07/2007,?,https://dev.juggle.org/history/champs/champs2007.php
504,221,3b 100m,0:00:14.81,David Ferman,M,USA,17/07/2007,?,https://dev.juggle.org/history/champs/champs2007.php
505,221,3b 100m,0:00:14.90,Riley Wiklund,M,0,18/07/2006,?,https://dev.juggle.org/history/champs/champs2006.php
506,221,3b 100m,0:00:14.03,Trey Newsome,M,USA,18/07/2006,?,https://dev.juggle.org/history/champs/champs2006.php
507,221,3b 100m,0:00:14.25,Chris Essick,M,USA,19/07/2005,?,https://dev.juggle.org/history/champs/champs2005.php
508,221,3b 100m,0:00:14.43,Trey Newsome,M,USA,19/07/2005,?,https://dev.juggle.org/history/champs/champs2005.php
509,221,3b 100m,0:00:14.50,Sam Hartford,M,0,17/07/2002,?,https://dev.juggle.org/history/champs/champs2002.php
510,221,3b 100m,0:00:14.00,Barry Goldmeier,M,USA,05/08/2000,?,https://dev.juggle.org/history/champs/champs2000.php
511,221,3b 100m,0:00:14.00,Nathan Seedfeldt,M,0,05/08/2000,?,https://dev.juggle.org/history/champs/champs2000.php
512,221,3b 100m,0:00:14.10,David Hussey,M,0,30/07/1999,?,IJA Database
513,221,3b 100m,0:00:14.80,Joe Sonnenburg,M,0,30/07/1999,?,IJA Database
514,221,3b 100m,0:00:14.10,Barry Goldmeier,M,USA,06/08/1997,?,https://dev.juggle.org/history/champs/champs1997.php
515,221,3b 100m,0:00:14.90,Darin Marriott,M,USA,06/08/1997,?,https://dev.juggle.org/history/champs/champs1997.php
516,221,3b 100m,0:00:14.80,Andrew Swan,M,0,20/07/1996,?,https://dev.juggle.org/history/champs/champs1996.php
517,221,3b 100m,0:00:14.90,Barry Goldmeier,M,USA,20/07/1996,?,https://dev.juggle.org/history/champs/champs1996.php
518,221,3b 100m,0:00:14.16,Barry Goldmeier,M,USA,20/07/1991,?,http://www.juggling.org/orgs/ija/champs.txt
519,221,3b 100m,0:00:14.56,Jim Steffens,M,0,20/07/1991,?,http://www.juggling.org/orgs/ija/champs.txt
520,221,3b 100m,0:00:14.30,Barry Goldmeier,M,USA,21/07/1990,?,http://www.juggling.org/orgs/ija/champs.txt
521,221,3b 100m,0:00:14.00,Tom Sparough,M,0,16/07/1988,?,http://www.juggling.org/orgs/ija/champs.txt
522,221,3b 100m,0:00:14.89,Todd McLeish,M,0,18/07/1987,?,http://www.juggling.org/orgs/ija/champs.txt
523,221,3b 100m,0:00:14.61,Tom Sparough,M,0,18/07/1987,?,http://www.juggling.org/orgs/ija/champs.txt
524,221,3b 100m,0:00:14.63,Michel Lauziere,M,CAN,23/07/1983,?,http://www.juggling.org/orgs/ija/champs.txt
525,221,3b 100m,0:00:14.83,Yvon Tourigny,M,0,23/07/1983,?,http://www.juggling.org/orgs/ija/champs.txt
526,221,3b 100m,0:00:14.85,Bill Giduz,M,USA,18/07/1981,?,https://dev.juggle.org/history/champs/champs1981.php
527,221,3b 100m,0:00:14.50,Paul Williams,M,0,18/07/1981,?,https://dev.juggle.org/history/champs/champs1981.php
528,221,4b 100m,0:00:14.84,Sterling Franklin,M,USA,2024,?,IJA Database
529,221,3b 100m,0:00:14.22,Sterling Franklin,M,USA,2022,?,IJA Database
530,221,5b 100m,0:00:14.37,Mark Fiore,M,USA,2021,?,IJA Database
531,221,3b 100m,0:00:14.73,Matthew Feldman,M,USA,2021,?,IJA Database
532,221,3b 100m,0:00:14.50,Stephan Cipra,M,DEU,2021,?,IJA Database
533,221,3b 100m,0:00:14.10,Sterling Franklin,M,USA,2021,?,IJA Database
534,220,3b 5km,0:19:18.00,James McDiarmid,M,GBR,27/04/2024,0,https://www.parkrun.org.uk/portobello/results/381/
535,219,3b Mile,0:05:36.00,Bill Giduz,M,USA,17/07/1982,?,http://www.juggling.org/orgs/ija/champs.txt
536,217,3b 5km,0:19:20.00,James McDiarmid,M,GBR,18/11/2023,0,https://www.parkrun.org.uk/edinburgh/results/651/
537,217,3b 5km,0:19:20.80,Mickey Campaniello,M,0,26/07/1986,?,http://www.juggling.org/orgs/ija/champs.txt
538,216,3b Marathon,3:23:57.00,Jonathan Abbott,M,USA,06/04/2025,?,https://www.facebook.com/groups/372157942956062/permalink/2837234993114999/?app=fbl
539,216,3b 5km,0:19:21.00,Samuel Dean,M,USA,16/12/2023,1,https://www.strava.com/activities/10391427729
540,215,3b 10km,0:41:51.00,Kacper Suchora,M,POL,10/05/2025,1,chrome-extension://efaidnbmnnnibpcajpcglclefindmkaj/https://utm.run/wp-content/uploads/2025/05/2025_nh4s_wiosna_10.pdf
541,215,3b 800m,0:02:29.89,Scott Jenkins,M,GBR,08/09/2024,0,Manually Timed by Chris Edwin
542,214,3b 200m,0:00:29.18,Scott Jenkins,M,GBR,17/05/2026,0,https://youtu.be/EsKZ-dj0iNE
543,214,3b 200m,0:00:29.90,Scott Jenkins,M,GBR,31/08/2025,0,https://www.strava.com/activities/15648838273
544,214,3b 200m,0:00:29.39,Samuel Dean,M,USA,11/07/2024,?,IJA Database
545,214,3b 200m,0:00:29.38,Mark Fiore,M,USA,29/06/2019,?,IJA Database
546,214,3b 10km,0:41:53.00,Jordan Evans,M,GBR,09/09/2018,?,https://www.strava.com/activities/1829732164
547,214,3b 200m,0:00:29.50,Sean Carney,M,USA,20/07/2010,?,https://dev.juggle.org/history/champs/champs2010.php
548,214,3b 200m,0:00:29.87,Chris Lovdal,M,USA,14/07/2009,?,https://dev.juggle.org/history/champs/champs2009.php
549,214,3b 200m,0:00:29.90,Ben Thompson,M,0,15/07/2008,?,https://dev.juggle.org/history/champs/champs2008.php
550,214,3b 200m,0:00:29.55,Trey Newsome,M,USA,18/07/2006,?,https://dev.juggle.org/history/champs/champs2006.php
551,214,3b 200m,0:00:29.44,Sterling Franklin,M,USA,2023,?,IJA Database
552,214,3b 200m,0:00:29.96,Sterling Franklin,M,USA,2022,?,IJA Database
553,214,3b 200m,0:00:29.14,Sterling Franklin,M,USA,2021,?,IJA Database
554,214,3b 200m,0:00:29.12,Sterling Franklin,M,USA,2020,?,IJA Database
555,213,3b Mile,0:05:37.00,Kevin Niittyviita,M,FIN,08/08/2026,?,https://drive.google.com/file/d/1v5KXHNKD3UqQcFqTQ_POWGjEc5X8w7t7/view?usp=sharing
556,213,3b Mile,0:05:37.00,Scott Jenkins,M,GBR,21/04/2024,0,Manually recorded
557,211,3b Half Marathon,1:32:59.00,Tim Ebersole,M,USA,08/09/2019,2,https://falconracetiming.com/racetimes/Harrisburg%20Half%20Marathon%20Overall%202019.htm
558,209,3b Marathon,3:24:46.00,Perry Romanowski,M,USA,22/10/2006,?,https://chicago-history.r.mikatiming.com/2021/?pid=search
559,209,3b 400m,0:01:25.60,Heather Marriott,F,USA,17/07/2002,?,https://dev.juggle.org/history/champs/champs2002.php
560,209,3b 400m,0:01:25.37,Heather Marriott,F,USA,28/07/2001,?,https://dev.juggle.org/history/champs/champs2001.php
561,209,3b 400m,0:01:25.00,Lana Bolin,F,USA,30/07/1999,?,IJA Database
562,208,3b 5km,0:19:26.00,Scott Jenkins,M,GBR,16/05/2026,0,https://www.parkrun.org.uk/myrtle/results/324/
563,208,3b Mile,0:05:38.20,Mark Branner,M,0,21/07/1990,?,http://www.juggling.org/orgs/ija/champs.txt
564,208,3b Mile,0:05:38.00,Paul Bernardo,M,0,23/07/1983,?,http://www.juggling.org/orgs/ija/champs.txt
565,207,3b 1000m,0:03:16.50,Sterling Franklin,M,USA,2023,?,IJA Database
566,203,3b Half Marathon,1:33:28.00,James McDiarmid,M,GBR,24/09/2023,0,https://www.scottishhalfmarathon.com/results
567,202,3b Mile,0:05:39.04,Nathan Nard,M,0,19/07/2025,?,IJA Database
568,202,3b 5km,0:19:30.00,James McDiarmid,M,GBR,11/11/2023,3,https://www.parkrun.org.uk/edinburgh/results/650/
569,202,3b Mile,0:05:39.00,Paul Arneberg,M,0,20/07/1996,?,https://dev.juggle.org/history/champs/champs1996.php
570,202,3b Mile,0:05:39.00,Steve Wilson,M,0,16/07/1988,?,http://www.juggling.org/orgs/ija/champs.txt
571,201,3b 5km,0:19:31.00,Scott Jenkins,M,GBR,26/03/2022,0,
572,201,3b Marathon,3:25:49.00,Perry Romanowski,M,USA,10/10/2004,?,https://chicago-history.r.mikatiming.com/2021/?pid=search
573,200,3b 400m,0:01:05.91,Stijn Westerbeek,M,NLD,02/08/2026,?,https://drive.google.com/file/d/1XEZ6TLz2q2lpJ89CLP3F6wQBp5zFDskm/view?usp=sharing
574,200,3b 400m,0:01:05.00,Ben Fry,M,0,25/07/2015,?,IJA Database
575,200,3b 400m,0:01:05.70,Griffin Kelley,M,0,20/07/2011,?,IJA Database
576,200,3b 400m,0:01:05.40,Len Ferman,M,USA,20/07/2011,?,IJA Database
577,200,3b 400m,0:01:05.10,Jamie Whoolery,M,0,13/07/2004,?,https://dev.juggle.org/history/champs/champs2004.php
578,200,3b 400m,0:01:05.40,Andrew Swan,M,0,20/07/1996,?,https://dev.juggle.org/history/champs/champs1996.php
579,200,3b 400m,0:01:05.40,Franz Roos,M,CHE,19/07/1995,?,https://dev.juggle.org/history/champs/champs1995.php
580,200,3b 400m,0:01:05.30,John Zaleskie,M,0,13/08/1994,?,https://dev.juggle.org/history/champs/champs1994.php
581,199,3b 5km,0:19:32.00,Sterling Franklin,M,USA,04/11/2018,0,https://www.youtube.com/watch?v=4pMKerapCpk
582,196,3b 5km,0:19:34.00,Scott Jenkins,M,GBR,26/02/2022,0,
583,196,3b 5km,0:19:34.30,John Kilgust,M,0,16/07/1988,?,http://www.juggling.org/orgs/ija/champs.txt
584,195,3b 2 Miles,0:12:18.00,Scott Jenkins,M,GBR,08/06/2025,0,https://runsignup.com/Race/Photos/Location/SuperheroSprint2025/NJ/WallTwp/superherosprint P2
585,195,3b 5km,0:19:35.00,Shidan Habib,M,0,23/07/1983,?,http://www.juggling.org/orgs/ija/champs.txt
586,193,3b Half Marathon,1:34:03.00,Scott Jenkins,M,GBR,19/12/2021,3,http://results.runthrough.co.uk/results.aspx?CId=16487&RId=4574&EId=5&dt=0&PageNo=1&adv=0
587,193,3b 5km,0:19:36.00,Bob Evans,M,USA,15/07/2017,?,https://www.juggle.org/enewsletter/2017-07
588,193,3b 5km,0:19:36.10,Bob Evans,M,USA,15/07/2017,?,IJA Database
589,192,3b 15km,1:28:05.00,Katie Burgess,F,0,15/07/2025,?,IJA Database
590,192,3b 400m,0:01:26.00,Lana Bolin,F,USA,18/07/2006,?,https://dev.juggle.org/history/champs/champs2006.php
591,192,3b Mile,0:05:41.00,Steve Otteson,M,0,22/07/1989,?,http://www.juggling.org/orgs/ija/champs.txt
592,191,3b 15km,1:28:06.00,Meggie Exner,F,0,15/07/2025,?,IJA Database
593,190,3b 800m,0:02:31.00,Nathan Lane,M,0,20/07/2013,?,IJA Database
594,190,3b 10km,0:42:29.00,Daniel Raum,M,AUT,2024,?,IJA Database
595,190,3b 800m,0:02:31.30,Michal Kapral,M,CAN,2022,?,IJA Database
596,190,3b 800m,0:02:31.65,Michal Kapral,M,CAN,2022,0,https://www.youtube.com/watch?v=GtdYaeHkXNw
597,189,3b Marathon,3:27:30.00,James McDiarmid,M,GBR,26/05/2024,5,https://www.instagram.com/p/C7ce9jMIy37/
598,189,3b 5km,0:19:39.00,James McDiarmid,M,GBR,02/09/2023,0,https://www.parkrun.org.uk/holyrood/results/54/
599,189,3b Marathon,3:27:29.00,Perry Romanowski,M,USA,22/11/2009,?,https://marathonview.net/result/60673065
600,188,3b 5km,0:26:57.00,Kay Caskey,F,0,06/08/1997,?,https://dev.juggle.org/history/champs/champs1997.php
601,188,3b 5km,0:26:57.00,Marion Caldwell,F,0,06/08/1997,?,https://dev.juggle.org/history/champs/champs1997.php
602,187,3b Mile,0:05:42.50,Darin Marriott,M,USA,30/07/1999,?,IJA Database
603,187,3b Mile,0:05:42.00,Mike Hebebrand,M,USA,19/07/1995,?,https://dev.juggle.org/history/champs/champs1995.php
604,186,3b 800m,0:03:18.60,Katie Burgess,F,0,24/07/2018,?,IJA Database
605,186,3b 5km,0:19:41.00,Tyler Wishau,M,USA,20/07/2010,?,https://dev.juggle.org/history/champs/champs2010.php
606,185,3b Marathon,3:28:01.00,Perry Romanowski,M,USA,09/01/2005,?,https://marathonview.net/result/61221540
607,184,3b Mile,0:07:34.00,Kathy Glynn,F,USA,21/07/1990,?,http://www.juggling.org/orgs/ija/champs.txt
608,183,3b 5km,0:19:43.00,James McDiarmid,M,GBR,26/08/2023,?,https://twitter.com/BobakChampion/status/1695403676653764661?t=V1talFM3LhClas5Hx3vH-w&s=19
609,183,3b 5km,0:19:43.00,Jordan Evans,M,GBR,05/08/2017,?,https://www.strava.com/activities/1117927066
610,183,3b 5km,0:19:43.00,Sterling Franklin,M,USA,2020,?,IJA Database
611,182,3b 5km,0:19:44.00,Scott Jenkins,M,GBR,06/09/2025,0,https://www.parkrun.org.uk/canterbury/results/523
612,182,3b 5km,0:19:44.00,Bradley Fiander,M,CAN,19/05/2018,?,https://www.sportstats.ca/display-results.xhtml?raceid=93319&status=results&bib=9207     https://www.facebook.com/664250217053533/posts/pfbid026Q8wfDQrDtNwPhxy9kixvJSxzPoa62mcs3kfx9te2VsD5PViKr5DnzvxC4JRf17Xl/?app=fbl
613,182,3b Marathon,3:28:29.00,Ivan Schleppenbach,M,USA,19/05/2018,?,https://www.mtecresults.com/runner/show?race=6660&rid=463
614,182,3b 5km,0:19:44.00,Jordan Evans,M,GBR,14/04/2018,?,https://www.strava.com/activities/1507147677
615,182,3b Mile,0:07:35.00,Marion Caldwell,F,0,06/08/1997,?,https://dev.juggle.org/history/champs/champs1997.php
616,180,3b 5km,0:19:45.00,Scott Jenkins,M,GBR,09/03/2024,0,https://www.strava.com/activities/10921014895
617,180,3b 5km,0:19:45.00,Tim Ebersole,M,USA,04/12/2021,0,https://falconracetiming.com/racetimes/Frosty%205k%20AG%202021.htm
618,179,3b 5km,0:19:46.00,Scott Jenkins,M,GBR,13/12/2025,0,https://www.parkrun.org.uk/dunfermline/results/431/
619,179,3b 5km,0:19:46.00,Scott Jenkins,M,GBR,17/05/2025,0,https://www.parkrun.org.uk/oriam/results/196 https://www.strava.com/activities/14505774094
620,179,3b Marathon,3:28:56.00,David Livingston,M,USA,26/09/2009,?,https://eu.beaconjournal.com/story/news/local/2015/09/24/wooster-runner-hopes-to-set/10301568007/  https://marathonview.net/search?query=david%20livingston
621,179,3b Marathon,3:28:54.00,Perry Romanowski,M,USA,24/09/2006,?,https://marathonview.net/result/53088739
622,178,3b 800m,0:02:32.60,Len Ferman,M,USA,20/07/2010,?,https://dev.juggle.org/history/champs/champs2010.php
623,178,3b 800m,0:02:32.00,Len Ferman,M,USA,14/07/2009,?,https://dev.juggle.org/history/champs/champs2009.php
624,178,3b 800m,0:02:32.90,Perry Romanowski,M,USA,15/07/2008,?,https://dev.juggle.org/history/champs/champs2008.php
625,178,3b Marathon,3:29:04.00,Albert Lucas,M,USA,1988,?,
626,177,3b 5km,0:19:47.00,Scott Jenkins,M,GBR,22/03/2025,0,3 lemon joggling! https://www.strava.com/activities/13951591668
627,177,3b 600m,0:01:49.00,Sterling Franklin,M,USA,29/06/2019,?,IJA Database
628,177,3b 400m,0:01:27.60,Melinda Paas,F,CAN,06/08/1997,?,https://dev.juggle.org/history/champs/champs1997.php
629,176,3b 5km,0:19:48.04,Ben Schoenberg,M,0,25/07/2015,?,http://www.juggling.org/orgs/ija/champs.txt
630,176,3b Mile,0:05:44.00,Marty Gardella,M,0,26/07/1986,?,http://www.juggling.org/orgs/ija/champs.txt
631,176,3b 5km,0:19:48.00,Perry Romanowski,M,USA,2005,?,
632,175,3b 5km,0:19:49.15,Nathan Nard,M,0,15/07/2025,?,IJA Database
633,173,3b 10km,0:58:23.00,EJ Coldham,F,GBR,24/09/2023,?,https://www.strava.com/activities/9909298131
634,172,3b 400m,0:01:06.40,Scott Jenkins,M,GBR,17/12/2024,0,https://www.strava.com/activities/13159372547
635,172,3b 400m,0:01:06.70,Matthew Feldman,M,USA,24/07/2018,?,IJA Database
636,172,3b 400m,0:01:06.20,Barry Goldmeier,M,USA,25/07/2015,?,http://www.juggling.org/orgs/ija/champs.txt
637,172,3b 800m,0:03:20.00,Katie Burgess,F,0,25/07/2015,?,IJA Database
638,172,3b 800m,0:03:20.90,Sarah Earl,F,0,25/07/2015,?,IJA Database
639,172,3b 400m,0:01:06.40,Jason Matkowksi,M,0,21/07/2012,?,IJA Database
640,172,3b 800m,0:03:20.00,Heather Marriott,F,USA,15/07/2008,?,https://dev.juggle.org/history/champs/champs2008.php
641,172,3b 400m,0:01:06.50,Perry Romanowski,M,USA,15/07/2008,?,https://dev.juggle.org/history/champs/champs2008.php
642,172,3b 400m,0:01:06.69,Jamie Whoolery,M,0,05/08/2000,?,https://dev.juggle.org/history/champs/champs2000.php
643,172,3b 400m,0:01:06.20,Ben Schoenberg,M,0,20/07/1996,?,https://dev.juggle.org/history/champs/champs1996.php
644,172,3b 400m,0:01:06.00,Barry Goldmeier,M,USA,19/07/1995,?,https://dev.juggle.org/history/champs/champs1995.php
645,172,3b 400m,0:01:06.80,Barry Goldmeier,M,USA,21/07/1990,?,http://www.juggling.org/orgs/ija/champs.txt
646,172,3b 5km,0:19:51.00,David Marcias,M,0,17/07/1982,?,http://www.juggling.org/orgs/ija/champs.txt
647,172,3b 400m,0:01:06.30,Sterling Franklin,M,USA,2022,?,IJA Database
648,171,3b Mile,0:05:45.00,Chris Edwin,M,GBR,21/04/2024,0,Manually recorded
649,170,3b 5km,0:19:52.00,Mike Hebebrand,M,USA,17/07/2002,?,https://dev.juggle.org/history/champs/champs2002.php
650,170,3b 5km,0:19:52.40,Billy Gillen,M,USA,18/07/1987,?,http://www.juggling.org/orgs/ija/champs.txt
651,169,3b 5km,0:19:53.00,James McDiarmid,M,GBR,16/09/2023,?,https://www.parkrun.org.uk/holyrood/results/56/
652,168,3b 5km,0:19:54.00,Mike Hebebrand,M,USA,19/07/1995,?,https://dev.juggle.org/history/champs/champs1995.php
653,167,3b Mile,0:05:46.00,Reese Edwards,M,0,20/07/1996,?,https://dev.juggle.org/history/champs/champs1996.php
654,167,3b Mile,0:05:46.00,Mark Kolbus,M,0,24/07/1993,?,http://www.juggling.org/orgs/ija/champs.txt
655,166,3b 800m,0:02:33.00,Len Ferman,M,USA,21/07/2012,?,IJA Database
656,165,3b 5km,0:27:28.00,Katie Burgess,F,0,15/07/2024,?,IJA Database
657,165,3b 800m,0:03:21.00,Summer Cooper,F,USA,22/07/2023,?,IJA Database
658,165,3b 800m,0:03:21.30,Sarah Earl,F,0,02/08/2014,?,IJA Database
659,164,3b 5km,0:19:57.00,James McDiarmid,M,GBR,30/09/2023,?,https://www.facebook.com/torveanparkrun/videos/695705485378377  https://www.parkrun.org.uk/torvean/results/105/
660,164,3b 5km,0:19:57.00,Jordan Evans,M,GBR,30/09/2017,?,https://www.strava.com/activities/1208265120
661,163,3b Marathon,3:31:11.00,Joe Salter,M,USA,22/11/2009,?,
662,162,3b Mile,0:05:47.00,Tim Ebersole,M,USA,21/07/2021,?,https://falconracetiming.com/racetimes/Harrisburg%20Mile%20Overall%202021.htm
663,162,3b 400m,0:01:28.50,Rebecca Moore,F,0,15/07/2017,?,IJA Database
664,162,3b Mile,0:05:47.80,Bill Giduz,M,USA,22/07/1989,?,http://www.juggling.org/orgs/ija/champs.txt
665,162,3b Mile,0:05:47.00,Andrew Head,M,0,20/07/1985,?,http://www.juggling.org/orgs/ija/champs.txt
666,162,3b 5km,0:19:58.60,Daniel Raum,M,AUT,2022,?,IJA Database
667,161,3b 5km,0:19:59.00,Richard Ross,M,USA,27/06/2019,?,https://www.instagram.com/p/BzQTDEWhe-X/  https://newenglandruns.com/race-results/st-peters-fiesta-5k/?date=2019-06-27&result=43122&bib=ross&gender=&division=&order_by=finish_time&order=ASC
668,161,3b Half Marathon,1:36:00.60,Daniel Raum,M,AUT,2025,?,IJA Database
669,160,3b 5km,0:20:00.77,Troy Fitzgerald,M,0,25/07/2015,?,http://www.juggling.org/orgs/ija/champs.txt
670,160,3b 5km,0:20:00.00,Billy Watson,M,0,20/07/2011,?,IJA Database
671,158,3b 100m,0:00:18.29,Christina-Anna Senser,F,DEU,06/08/2026,?,https://drive.google.com/file/d/1qnrcWsPurOdbl_2fbmmvB_rNF_XWH7Ph/view?usp=sharing
672,158,3b 100m,0:00:18.29,Tamara Maul,F,DEU,06/08/2026,?,https://drive.google.com/file/d/1qnrcWsPurOdbl_2fbmmvB_rNF_XWH7Ph/view?usp=sharing
673,158,3b 100m,0:00:18.69,Verena Rau,F,DEU,06/08/2026,?,https://drive.google.com/file/d/1qnrcWsPurOdbl_2fbmmvB_rNF_XWH7Ph/view?usp=sharing
674,158,3b 100m,0:00:18.38,Tamara Maul,F,DEU,04/08/2026,?,https://drive.google.com/file/d/1XEZ6TLz2q2lpJ89CLP3F6wQBp5zFDskm/view?usp=sharing
675,158,3b 100m,0:00:18.38,Tamara Maul,F,DEU,04/08/2026,?,https://drive.google.com/file/d/1XEZ6TLz2q2lpJ89CLP3F6wQBp5zFDskm/view?usp=sharing
676,158,3b 100m,0:00:18.56,Tamara Maul,F,DEU,04/08/2026,?,https://drive.google.com/file/d/1XEZ6TLz2q2lpJ89CLP3F6wQBp5zFDskm/view?usp=sharing
677,158,3b 100m,0:00:18.88,Tamara Maul,F,DEU,03/08/2026,?,https://drive.google.com/file/d/1XEZ6TLz2q2lpJ89CLP3F6wQBp5zFDskm/view?usp=sharing
678,158,3b 100m,0:00:18.97,Tamara Maul,F,DEU,03/08/2026,?,https://drive.google.com/file/d/1XEZ6TLz2q2lpJ89CLP3F6wQBp5zFDskm/view?usp=sharing
679,158,3b 100m,0:00:18.41,Tamara Maul,F,DEU,03/08/2026,?,https://drive.google.com/file/d/1XEZ6TLz2q2lpJ89CLP3F6wQBp5zFDskm/view?usp=sharing
680,158,3b 100m,0:00:18.34,Christina-Anna Senser,F,DEU,02/08/2026,?,https://drive.google.com/file/d/1XEZ6TLz2q2lpJ89CLP3F6wQBp5zFDskm/view?usp=sharing
681,158,3b 5km,0:20:01.00,James McDiarmid,M,GBR,17/12/2023,0,https://www.instagram.com/p/C09KG53t49D/
682,158,3b 5km,0:20:01.00,James McDiarmid,M,GBR,09/09/2023,0,https://www.parkrun.org.uk/holyrood/results/55/
683,158,3b 100m,0:00:18.76,Kaylin Meyers,F,USA,22/07/2023,?,IJA Database
684,158,3b 100m,0:00:18.50,Gabrielle Foran,F,CAN,24/07/2018,?,IJA Database
685,158,3b 100m,0:00:18.27,Gabrielle Foran,F,CAN,15/07/2017,?,IJA Database
686,158,3b 100m,0:00:18.50,Laura Schroeder,F,0,15/07/2017,?,IJA Database
687,158,3b 100m,0:00:18.87,Joanne Swaim,F,0,25/07/2015,?,http://www.juggling.org/orgs/ija/champs.txt
688,158,3b 100m,0:00:18.91,Joanne Swaim,F,0,25/07/2015,?,http://www.juggling.org/orgs/ija/champs.txt
689,158,3b 100m,0:00:18.99,Katie Burgess,F,0,25/07/2015,?,IJA Database
690,158,3b 100m,0:00:18.60,Heather Marriott,F,USA,02/08/2014,?,IJA Database
691,158,3b Half Marathon,1:36:15.00,Ivan Schleppenbach,M,USA,21/06/2014,?,https://www.mtecresults.com/runner/show?race=2165&rid=11928
692,158,3b 100m,0:00:18.40,Maggie Armstrong,F,0,21/07/2012,?,IJA Database
693,158,3b 100m,0:00:18.90,Riga Moettus,F,USA,21/07/2012,?,IJA Database
694,158,3b 100m,0:00:18.85,Hannah Stoehr,F,0,14/07/2009,?,https://dev.juggle.org/history/champs/champs2009.php
695,158,3b 100m,0:00:18.85,Taylor Glenn,F,USA,14/07/2009,?,https://dev.juggle.org/history/champs/champs2009.php
696,158,3b 5km,0:20:01.00,Tosch Roy,M,0,18/07/2006,?,https://dev.juggle.org/history/champs/champs2006.php
697,158,3b 100m,0:00:18.60,Joanne Swaim,F,0,30/07/1999,?,IJA Database
698,158,3b 100m,0:00:18.30,Becky Provance,F,0,06/08/1997,?,https://dev.juggle.org/history/champs/champs1997.php
699,158,3b 100m,0:00:18.80,Kelsey Deutch,F,0,06/08/1997,?,https://dev.juggle.org/history/champs/champs1997.php
700,158,3b 100m,0:00:18.60,Laura Provance,F,0,06/08/1997,?,https://dev.juggle.org/history/champs/champs1997.php
701,158,3b 100m,0:00:18.30,Laura Green,F,0,22/07/1989,?,http://www.juggling.org/orgs/ija/champs.txt
702,158,3b Marathon,3:32:00.00,Mike Hebebrand,M,USA,05/03/1989,10,https://www.latimes.com/archives/la-xpm-1989-04-24-me-1750-story.html
703,158,3b 100m,0:00:18.80,Sandy Brown,F,0,16/07/1988,?,http://www.juggling.org/orgs/ija/champs.txt
704,157,3b 5km,0:20:02.00,Scott Jenkins,M,GBR,02/05/2026,0,https://www.parkrun.org.uk/livingston/results/467/
705,157,3b 5km,0:27:39.00,Karly Swaim,F,USA,01/05/2024,0,https://runsignup.com/Race/Results/32546/IndividualResult/HhNT?resultSetId=453827#U87313877
706,157,3b Marathon,3:32:10.00,Erick Sells,M,USA,12/08/2023,?,https://my.raceresult.com/256528/#11_EA305B  https://www.strava.com/activities/9635073806/overview
707,157,3b Mile,0:05:48.00,Mark Kolbus,M,0,06/08/1997,?,https://dev.juggle.org/history/champs/champs1997.php
708,157,3b Mile,0:05:48.20,Albert Lucas,M,USA,13/08/1994,?,https://dev.juggle.org/history/champs/champs1994.php
709,157,3b Mile,0:05:48.00,Mickey Campaniello,M,0,26/07/1986,?,http://www.juggling.org/orgs/ija/champs.txt
710,155,3b 5km,0:27:41.00,Ingrid Vukusic,F,0,15/07/2025,?,IJA Database
711,155,3b Half Marathon,1:36:24.00,Abraham Wirtz,M,DEU,29/06/2025,?,https://www.chiplauf.de/en/events/39-int-trierer-stadtlauf-2025/results?d=4952&sort=&s=Wirtz
712,155,3b 5km,0:27:42.04,Laurie Young,F,0,25/07/2015,?,http://www.juggling.org/orgs/ija/champs.txt
713,155,3b 800m,0:02:34.00,Sterling Franklin,M,USA,2022,?,IJA Database
714,154,3b 5km,0:20:04.00,Scott Jenkins,M,GBR,24/05/2025,0,https://www.parkrun.ca/victoriaparkbeachcobourg/results/4/  https://www.strava.com/activities/14579998402
715,154,3b 5km,0:20:04.00,Sterling Franklin,M,USA,15/07/2024,?,IJA Database
716,154,3b Half Marathon,1:36:28.00,Tim Ebersole,M,USA,11/09/2022,?,https://runsignup.com/Race/Results/15430#resultSetId-336858;perpage:100
717,154,3b 5km,0:27:43.00,Karly Swaim,F,USA,12/06/2022,?,https://runsignup.com/Race/Results/46903/IndividualResult/SBRs?resultSetId=322635#U21578490
718,154,3b 10km,0:59:18.00,EJ Coldham,F,GBR,19/12/2021,?,https://results.runthrough.co.uk/results.aspx?CId=16487&RId=4574&EId=2&dt=0&PageNo=4&adv=0
719,153,3b 5km,0:20:05.00,Brady Xue,M,USA,29/09/2024,0,https://my.racewire.com/finishercertificate/export/9555807
720,153,3b 200m,0:00:30.38,Sterling Franklin,M,USA,11/07/2024,?,IJA Database
721,153,3b Half Marathon,1:36:35.00,Tim Ebersole,M,USA,13/06/2021,?,https://www.pretzelcitysports.com/wp-content/uploads/2021/06/21-dd-half-results.pdf
722,153,3b 200m,0:00:30.06,Tyler Wishau,M,USA,20/07/2011,?,IJA Database
723,153,3b 200m,0:00:30.90,Tim Hark,M,0,20/07/2010,?,https://dev.juggle.org/history/champs/champs2010.php
724,153,3b 200m,0:00:30.50,Tyler Wishau,M,USA,20/07/2010,?,https://dev.juggle.org/history/champs/champs2010.php
725,153,3b 200m,0:00:30.76,Tyler Wishau,M,USA,14/07/2009,?,https://dev.juggle.org/history/champs/champs2009.php
726,153,3b 200m,0:00:30.60,Sam Hartford,M,0,17/07/2002,?,https://dev.juggle.org/history/champs/champs2002.php
727,153,3b 200m,0:00:30.08,Barry Goldmeier,M,USA,27/05/2001,?,https://www.flashresults.com/2001_Meets/outdoor/pre/pre.htm
728,153,3b 200m,0:00:30.69,Jamie Whoolery,M,0,05/08/2000,?,https://dev.juggle.org/history/champs/champs2000.php
729,153,3b 200m,0:00:30.87,Samuel Dean,M,USA,2023,?,IJA Database
730,152,3b 5km,0:20:06.00,Scott Jenkins,M,GBR,20/06/2026,1,https://www.parkrun.org.uk/oriam/results/251/
731,152,3b 5km,0:20:06.91,Clarke McFarlane,M,0,18/07/1987,?,http://www.juggling.org/orgs/ija/champs.txt
732,150,3b 5km,0:20:07.00,James McDiarmid,M,GBR,18/05/2024,1,https://www.parkrun.org.uk/palaceriggcountry/results/84/
733,150,3b 5km,0:20:07.00,Billy Gillen,M,USA,23/07/1983,?,http://www.juggling.org/orgs/ija/champs.txt
734,149,3b 5km,0:20:08.00,John Kilgust,M,0,21/07/1990,?,http://www.juggling.org/orgs/ija/champs.txt
735,148,3b 5km,0:20:09.00,Michel Lauziere,M,CAN,23/07/1983,?,http://www.juggling.org/orgs/ija/champs.txt
736,147,3b 400m,0:01:07.00,Dominic Lodge,M,GBR,06/08/2026,?,https://drive.google.com/file/d/1qnrcWsPurOdbl_2fbmmvB_rNF_XWH7Ph/view?usp=sharing
737,147,3b 400m,0:01:29.91,Tamara Maul,F,DEU,02/08/2026,?,https://drive.google.com/file/d/1XEZ6TLz2q2lpJ89CLP3F6wQBp5zFDskm/view?usp=sharing
738,147,3b 400m,0:01:07.00,Mark Fiore,M,USA,09/08/2025,?,EJC results in Joggler's United Group
739,147,3b 10km,0:43:41.00,Easton Smith,M,USA,15/07/2025,?,IJA Database
740,147,3b 400m,0:01:07.76,Jan Nowosad,M,POL,30/07/2023,?,https://www.joggling.pl/joggling-competitionszawody/2023-lublin-open.html
741,147,3b 1000m,0:03:23.20,Aaron Scott,M,USA,29/06/2019,?,IJA Database
742,147,3b 400m,0:01:07.21,Ben Schoenberg,M,0,25/07/2015,?,http://www.juggling.org/orgs/ija/champs.txt
743,147,3b 400m,0:01:07.90,Chris Lovdal,M,USA,20/07/2010,?,https://dev.juggle.org/history/champs/champs2010.php
744,147,3b 400m,0:01:29.00,Lauren Rice,F,0,18/07/2006,?,https://dev.juggle.org/history/champs/champs2006.php
745,147,3b 400m,0:01:29.90,Bronwyn Neeser,F,0,13/07/2004,?,https://dev.juggle.org/history/champs/champs2004.php
746,147,3b 400m,0:01:07.20,Nicholas Souren,M,0,17/07/2002,?,https://dev.juggle.org/history/champs/champs2002.php
747,147,3b 400m,0:01:07.40,Curt Hoffman,M,0,06/08/1997,?,https://dev.juggle.org/history/champs/champs1997.php
748,147,3b 400m,0:01:07.50,Paul Arneberg,M,0,20/07/1996,?,https://dev.juggle.org/history/champs/champs1996.php
749,147,3b 400m,0:01:07.40,Ben Schoenberg,M,0,24/07/1993,?,http://www.juggling.org/orgs/ija/champs.txt
750,147,3b 400m,0:01:07.10,Sean McKinney,M,0,24/07/1993,?,http://www.juggling.org/orgs/ija/champs.txt
751,146,3b 5km,0:20:10.00,Scott Jenkins,M,GBR,18/03/2023,0,https://www.strava.com/activities/8733520825
752,145,3b 5km,0:20:11.00,Jake Lodge,M,GBR,26/08/2023,2,https://www.parkrun.org.uk/robertspark/results/95/  https://www.strava.com/activities/9722525613
753,145,3b 5km,0:20:11.00,James McDiarmid,M,GBR,22/07/2023,0,https://www.parkrun.org.uk/holyrood/results/48/?utm_medium=email&utm_source=resultsemail&utm_campaign=systememail
754,145,3b 5km,0:20:11.00,Paul Williams,M,0,18/07/1981,?,https://dev.juggle.org/history/champs/champs1981.php
755,144,3b 800m,0:02:35.14,Nathan Nard,M,0,11/07/2024,?,IJA Database
756,144,3b 800m,0:02:35.20,Sterling Franklin,M,USA,22/07/2023,?,IJA Database
757,144,3b 800m,0:02:35.90,Ben Fry,M,0,25/07/2015,?,IJA Database
758,144,3b 800m,0:02:35.30,Jamie Whoolery,M,0,13/07/2004,?,https://dev.juggle.org/history/champs/champs2004.php
759,144,3b 5km,0:27:57.70,Kay Caskey,F,0,22/07/1989,?,http://www.juggling.org/orgs/ija/champs.txt
760,144,3b 800m,0:02:35.40,Aaron Scott,M,USA,2020,?,IJA Database
761,143,3b Mile,0:05:51.00,Andrew Swan,M,0,15/07/1998,?,IJA Database
762,143,3b Mile,0:05:51.00,Mike Thomasen,M,0,22/07/1989,?,http://www.juggling.org/orgs/ija/champs.txt
763,143,3b Mile,0:05:51.00,John Ellwanger,M,USA,16/07/1988,?,http://www.juggling.org/orgs/ija/champs.txt
764,143,3b Mile,0:05:51.70,Daniel Raum,M,AUT,2024,?,IJA Database
765,142,3b Marathon,3:34:26.00,Scott Jenkins,M,GBR,20/10/2024,0,"https://results.chronotrack.com/event/results/event/event-83087

https://www.strava.com/activities/12700244577"
766,141,3b 5km,0:20:14.00,Scott Jenkins,M,GBR,11/01/2025,1,https://www.parkrun.org.uk/meadowmill/results/211/
767,141,3b Marathon,3:34:38.00,Jordan Evans,M,GBR,15/04/2018,?,
768,141,3b 5km,0:20:14.00,Jordan Evans,M,GBR,10/06/2017,?,https://www.strava.com/activities/1029177556
769,141,3b 1500m,0:05:26.00,Bill Giduz,M,USA,18/07/1981,?,https://dev.juggle.org/history/champs/champs1981.php
770,139,3b 5km,0:20:16.00,Kacper Suchora,M,POL,18/10/2025,1,https://www.parkrun.pl/krakow/results/latestresults/
771,139,3b Marathon,3:34:58.00,Chris Edwin,M,GBR,14/04/2024,2,https://www.strava.com/activities/11179923233
772,138,3b 5km,0:20:17.00,Reese Edwards,M,0,20/07/1996,?,https://dev.juggle.org/history/champs/champs1996.php
773,137,3b 5km,0:28:08.00,Karly Swaim,F,USA,21/09/2024,0,https://www.instagram.com/p/DAMDATKSUyBbC1nM4SKWT7OixbMdg_0SXD7UE40/
774,137,3b 10km,0:44:00.00,Jake Lodge,M,GBR,04/02/2024,5,https://racebest.com/results/cz4xa
775,136,3b 5km,0:20:18.00,Jake Lodge,M,GBR,16/12/2023,0,https://www.parkrun.org.uk/gunnersbury/results/551/   https://www.strava.com/activities/10387513928
776,136,3b Marathon,3:35:25.00,James McDiarmid,M,GBR,01/10/2023,15,https://sportmaniacs.com/en/races/loch-ness-marathon-and-festival-of-running-2023/6519b142-5b68-4e22-930c-4560ac1f1ad9/results/athlete/2267/results
777,136,3b 5km,0:20:18.00,Scott Jenkins,M,GBR,01/04/2023,0,https://www.strava.com/activities/8811969159
778,136,3b 5km,0:20:18.00,Jordan Evans,M,GBR,04/01/2020,0,https://www.strava.com/activities/2980542307
779,136,3b 5km,0:20:18.00,Jordan Evans,M,GBR,19/08/2017,?,https://www.strava.com/activities/1140724011
780,136,3b 5km,0:20:18.40,Daniel Raum,M,AUT,2023,?,IJA Database
781,135,3b 5km,0:20:19.00,James McDiarmid,M,GBR,19/08/2023,0,https://www.parkrun.org.uk/torvean/results/99/?utm_medium=email&utm_source=resultsemail&utm_campaign=systememail
782,135,3b Marathon,3:35:36.00,Perry Romanowski,M,USA,13/04/2008,?,https://marathonview.net/result/45354889
783,134,3b 400m,0:01:30.78,Tamara Maul,F,DEU,06/08/2026,?,https://drive.google.com/file/d/1qnrcWsPurOdbl_2fbmmvB_rNF_XWH7Ph/view?usp=sharing
784,134,3b 5km,0:20:20.00,Scott Jenkins,M,GBR,11/04/2026,0,https://www.parkrun.org.uk/cuningarloop/results/53/
785,134,3b 5km,0:20:20.00,Scott Jenkins,M,GBR,31/01/2026,0,https://www.parkrun.org.uk/linwood/results/407/
786,134,3b 400m,0:01:30.43,Kathy Glynn,F,USA,25/07/2015,?,http://www.juggling.org/orgs/ija/champs.txt
787,134,3b 400m,0:01:30.80,Sarah Earl,F,0,02/08/2014,?,IJA Database
788,134,3b 400m,0:01:30.60,Heather Marriott,F,USA,14/07/2009,?,https://dev.juggle.org/history/champs/champs2009.php
789,134,3b Mile,0:05:53.07,Jamie Whoolery,M,0,28/07/2001,?,https://dev.juggle.org/history/champs/champs2001.php
790,133,3b 5km,0:20:21.00,Scott Jenkins,M,GBR,07/02/2026,0,https://www.parkrun.org.uk/meadowmill/results/262/
791,133,3b Marathon,3:35:58.00,Perry Romanowski,M,USA,09/10/2011,?,https://chicago-history.r.mikatiming.com/2021/?pid=search
792,133,3b 800m,0:02:36.27,Trey Newsome,M,USA,19/07/2005,?,https://dev.juggle.org/history/champs/champs2005.php
793,132,3b 5km,0:20:22.00,Scott Jenkins,M,GBR,18/05/2024,0,https://www.parkrun.org.uk/palaceriggcountry/results/84/
794,132,3b Half Marathon,1:37:59.00,Ivan Schleppenbach,M,USA,09/05/2015,?,https://www.mtecresults.com/runner/show?race=3013&rid=6623
795,130,4b Mile,0:05:54.13,Scott Jenkins,M,GBR,21/04/2024,0,Manually recorded by Chris Edwin
796,130,3b Mile,0:05:54.29,Robin Chestnut,M,0,25/07/2015,?,http://www.juggling.org/orgs/ija/champs.txt
797,129,3b 10km,0:44:15.00,Jordan Evans,M,GBR,30/07/2017,?,https://www.strava.com/activities/1108372759
798,128,3b 5km,0:20:25.78,Sam Wildofsky,M,0,25/07/2015,?,http://www.juggling.org/orgs/ija/champs.txt
799,128,3b 5km,0:20:25.00,Brady Xue,M,USA,2023,?,IJA Database
800,127,3b Marathon,3:37:00.00,Daniel Raum,M,AUT,17/09/2017,?,https://www.nordbayern.de/region/wei%C3%9Fenburg/den-kompletten-marathon-jongliert-1.6643622?isAmp=true
801,127,3b 5km,0:20:26.00,Erik Rain,M,0,15/07/2017,?,https://www.juggle.org/enewsletter/2017-07
802,127,3b 5km,0:20:26.80,Erik Rain,M,0,15/07/2017,?,IJA Database
803,126,3b 5km,0:28:25.00,Megan McDougall,F,AUS,04/08/2025,?,EJC results in Joggler's United Group
804,126,3b Mile,0:05:55.00,Jake Lodge,M,GBR,08/08/2023,0,https://www.strava.com/activities/9609299484
805,126,3b 5km,0:20:27.00,Richard Ross,M,USA,08/06/2014,?,https://goodmorninggloucester.files.wordpress.com/2014/06/image25.png     https://youtu.be/GoE4pZ39SAY
806,126,3b 5km,0:20:27.40,Owen Morse,M,USA,26/07/1986,?,http://www.juggling.org/orgs/ija/champs.txt
807,125,3b Marathon,3:37:17.00,Daniel Raum,M,AUT,24/04/2016,?,https://services.datasport.com/2016/lauf/zuerich/alfar.htm
808,124,3b 5km,0:20:28.00,Scott Jenkins,M,GBR,13/06/2026,2,https://www.parkrun.org.uk/auldcathie district/results/174/
809,124,3b 5km,0:20:28.00,Benjamin Balbeur,M,BEL,06/04/2025,?,"Split in the Namur marathon, https://www.instagram.com/p/DIJbAZ_Npul/ https://www.chronocompetition.com/wp-content/glive/g-live.html?f=../2025/NAMUR/BNM25.clax https://www.lavenir.net/regions/namur/2025/04/06/namur-benjamin-balbeur-boucler-son-marathon-en-jonglant-et-soffre-un-record-vers-la-fin-cetait-un-combat-3HVIO5AMONDO3M4YSKO2DORYG4/ https://www.sportograf.com/fr/event/13509/search/327"
810,124,3b 5km,0:20:28.00,James McDiarmid,M,GBR,05/08/2023,0,https://www.parkrun.org.uk/parkrunner/8560660/
811,123,3b Mile,0:07:57.00,Tamara Maul,F,DEU,08/08/2026,?,https://drive.google.com/file/d/1v5KXHNKD3UqQcFqTQ_POWGjEc5X8w7t7/view?usp=sharing
812,123,3b 800m,0:02:37.45,Sterling Franklin,M,USA,11/07/2024,?,IJA Database
813,123,3b 400m,0:01:08.97,Scott Jenkins,M,GBR,20/04/2024,0,Manually recorded
814,123,3b Half Marathon,1:38:41.00,Daniel Raum,M,AUT,18/05/2023,?,https://my.raceresult.com/226362/results      https://www.alphafoto.com/images.php?runID=1518&sn=596
815,123,3b 800m,0:02:37.50,Matthew Feldman,M,USA,24/07/2018,?,IJA Database
816,123,3b 800m,0:02:37.60,Cooper Williams,M,0,02/08/2014,?,IJA Database
817,123,3b 400m,0:01:08.30,Kyler McClintock,M,0,02/08/2014,?,IJA Database
818,123,3b 400m,0:01:08.20,Jared Janssen,M,0,20/07/2013,?,IJA Database
819,123,3b 400m,0:01:08.50,Dylan Waickman,M,0,20/07/2010,?,https://dev.juggle.org/history/champs/champs2010.php
820,123,3b 400m,0:01:08.88,Nathan Vehse,M,0,17/07/2007,?,https://dev.juggle.org/history/champs/champs2007.php
821,123,3b Mile,0:07:57.00,Julia Snyder,F,0,15/07/1998,?,IJA Database
822,123,3b Mile,0:07:57.00,Kathy Glynn,F,USA,24/07/1993,?,http://www.juggling.org/orgs/ija/champs.txt
823,123,3b 400m,0:01:08.40,Mark Kolbus,M,0,24/07/1993,?,http://www.juggling.org/orgs/ija/champs.txt
824,123,3b 400m,0:01:08.45,Mike Hout,M,USA,20/07/1991,?,http://www.juggling.org/orgs/ija/champs.txt
825,123,3b 800m,0:02:37.20,Stephan Cipra,M,DEU,2021,?,IJA Database
826,122,3b 5km,0:20:30.00,Scott Jenkins,M,GBR,27/06/2026,0,https://www.parkrun.org.uk/bushy park/results/1096/
827,122,3b 5km,0:28:31.00,Karly Swaim,F,USA,21/04/2024,0,https://www.bikesignup.com/Race/Results/77417/IndividualResult/gbFx?resultSetId=451108#U21578490
828,122,3b 5km,0:20:30.00,James McDiarmid,M,GBR,28/10/2023,2,https://www.parkrun.org.uk/holyrood/results/62/
829,122,3b Half Marathon,1:38:42.00,Tim Ebersole,M,USA,09/06/2019,17,https://www.pretzelcitysports.com/wp-content/uploads/2019/06/19-reading-dumb-half-res.pdf
830,122,3b Mile,0:05:56.00,Darin Marriott,M,USA,15/07/1998,?,IJA Database
831,122,3b Mile,0:05:56.00,Keith Baker,M,0,13/08/1994,?,https://dev.juggle.org/history/champs/champs1994.php
832,121,3b 800m,0:03:28.55,Zoe Roy,F,0,18/07/2006,?,https://dev.juggle.org/history/champs/champs2006.php
833,120,3b 5km,0:20:32.00,Scott Jenkins,M,GBR,04/07/2026,1,https://www.parkrun.org.uk/bo'ness foreshore/results/37/
834,120,3b 5km,0:20:32.00,Scott Jenkins,M,GBR,25/04/2026,1,https://www.parkrun.org.uk/polkemmet country/results/281/
835,120,3b 5km,0:20:32.00,Kacper Suchora,M,POL,15/11/2025,0,https://www.parkrun.pl/mlynowkakrolewska/results/110/
836,120,3b 10km,0:44:32.00,Tim Ebersole,M,USA,26/11/2020,?,https://resultscui.active.com/events/2020NewportTurkeyTrot
837,120,3b 400m,0:01:31.90,Elizabeth Stockbridge,F,0,15/07/2017,?,IJA Database
838,120,3b Marathon,3:38:08.00,Perry Romanowski,M,USA,10/10/2010,?,https://chicago-history.r.mikatiming.com/2021/?pid=search
839,120,3b 400m,0:01:31.00,Sandy Brown,F,0,06/08/1997,?,https://dev.juggle.org/history/champs/champs1997.php
840,119,3b 5km,0:20:33.00,Scott Jenkins,M,GBR,10/05/2025,1,https://www.parkrun.org.uk/polkemmetcountry/results/232/ https://www.strava.com/activities/14432811367
841,119,3b 5km,0:20:33.00,Scott Jenkins,M,GBR,15/04/2023,0,https://www.strava.com/activities/8893490771
842,119,3b Half Marathon,1:38:58.00,Ivan Schleppenbach,M,USA,10/05/2014,?,https://www.mtecresults.com/runner/show?race=2183&rid=8438
843,119,3b 5km,0:20:33.00,Steve Otteson,M,0,22/07/1989,?,http://www.juggling.org/orgs/ija/champs.txt
844,118,3b 10km,0:44:37.00,John Jervis,M,GBR,16/07/2025,2,https://totalracetiming.co.uk/raceresults/590
845,118,3b Half Marathon,1:39:00.00,James McDiarmid,M,GBR,18/08/2024,0,"https://www.scottishhalfmarathon.com/results?event=898&name=James&running_number=&rs=389&gender=&age_category=

https://www.instagram.com/p/C-z6j16IqBo/
"
846,118,3b 1500m,0:05:31.50,Nathan Nard,M,0,11/07/2024,?,"IJA Database, Giduz 1500m"
847,118,3b 1500m,0:05:31.00,Calvin Staley,M,USA,01/05/2024,3,"https://www.athletic.net/TrackAndField/meet/551146/results/m/3/1500m

https://youtu.be/WCAjO15PdWk?si=OthtgNMSdwFjdIQQ"
848,117,3b 5km,0:28:39.00,Karly Swaim,F,USA,25/06/2022,0,https://runsignup.com/Race/Results/22604/IndividualResult/SpQY?resultSetId=324584#U21578490
849,116,3b Mile,0:08:00.00,Karly Swaim,F,USA,16/03/2024,0,
850,116,3b 5km,0:28:40.00,Karly Swaim,F,USA,27/11/2022,8,https://runsignup.com/Race/Results/38943/IndividualResult/SRLt#U21578490
851,116,3b Marathon,3:38:52.00,Daniel Raum,M,AUT,28/05/2017,?,https://www.alphafoto.com/images.php?runID=875&sn=109       https://www.datasport.com/live/startlist/?racenr=21167
852,116,3b Marathon,3:38:54.00,Perry Romanowski,M,USA,11/10/2015,?,https://chicago-history.r.mikatiming.com/2021/?pid=search
853,114,3b 10km,0:44:44.00,Tim Ebersole,M,USA,23/11/2023,?,
854,114,3b 5km,0:20:37.00,Jake Lodge,M,GBR,07/10/2023,3,https://www.strava.com/activities/9993036091  https://www.parkrun.org.uk/robertspark/results/100/
855,114,3b 800m,0:02:38.20,Nathan Nard,M,0,22/07/2023,?,IJA Database
856,114,3b 800m,0:02:38.70,Nathan Lane,M,0,20/07/2011,?,IJA Database
857,114,3b Mile,0:05:58.39,Jamie Whoolery,M,0,05/08/2000,?,https://dev.juggle.org/history/champs/champs2000.php
858,114,3b Mile,0:05:58.00,Jamie Whoolery,M,0,30/07/1999,?,IJA Database
859,114,3b 5km,0:20:37.00,Sam Wildofsky,M,0,19/07/1995,?,https://dev.juggle.org/history/champs/champs1995.php
860,114,3b 800m,0:02:38.80,Matthew Feldman,M,USA,2021,?,IJA Database
861,113,3b 5km,0:28:46.00,Karly Swaim,F,USA,03/10/2021,?,https://my.raceresult.com/177613/#1_320D20
862,113,3b Half Marathon,1:39:26.00,Ivan Schleppenbach,M,USA,20/05/2017,?,https://www.mtecresults.com/runner/show?race=5201&rid=3583  https://www.inforum.com/sports/fargo-marathon-juggler-returns-to-the-half-marathon
863,112,3b 5km,0:20:39.00,Jordan Evans,M,GBR,17/06/2017,?,https://www.strava.com/activities/1040339086
864,112,3b Marathon,3:39:36.00,Perry Romanowski,M,USA,12/10/2008,?,https://chicago-history.r.mikatiming.com/2021/?pid=search
865,112,3b 5km,0:20:39.00,Albert Lucas,M,USA,16/07/1988,?,http://www.juggling.org/orgs/ija/champs.txt
866,111,3b 5km,0:20:40.00,Ben Sayles,M,0,05/07/2015,?,https://sites.google.com/site/guelph5kjoggling/results
867,111,3b 5km,0:28:48.00,Natalie McIntyre,F,0,06/08/1997,?,https://dev.juggle.org/history/champs/champs1997.php
868,110,3b 5km,0:28:51.00,Ruth Groene,F,DEU,04/08/2025,?,EJC results in Joggler's United Group
869,110,3b Mile,0:05:59.00,Jake Lodge,M,GBR,21/04/2024,0,Manually recorded
870,110,3b 5km,0:20:41.00,Tim Ebersole,M,USA,28/11/2019,?,https://falconracetiming.com/racetimes/SMT%20Turkey%20Trot%20AG%202019.htm#%201%20M
871,110,3b Marathon,3:39:54.00,Jarek Widomski,M,POL,29/09/2018,7,
872,110,3b Marathon,3:39:56.00,Daniel Raum,M,AUT,20/09/2015,?,https://seenlandmarathon2015.racepedia.de/ergebnisse/591
873,110,3b 5km,0:20:41.80,John Kilgust,M,0,20/07/1991,?,http://www.juggling.org/orgs/ija/champs.txt
874,109,3b 5km,0:28:52.00,Karly Swaim,F,USA,18/06/2022,0,https://my.raceresult.com/187077/results#1_320D20
875,108,3b 5km,0:28:53.00,Franziska Engler,F,DEU,04/08/2025,?,EJC results in Joggler's United Group
876,108,3b 400m,0:01:32.21,Ingrid Vukusic,F,0,19/07/2025,?,IJA Database
877,108,3b 400m,0:01:32.80,Katie Burgess,F,0,24/07/2018,?,IJA Database
878,108,3b 400m,0:01:32.00,Becky Provance,F,0,06/08/1997,?,https://dev.juggle.org/history/champs/champs1997.php
879,107,3b 5km,0:20:43.00,Scott Jenkins,M,GBR,03/01/2026,0,https://www.parkrun.org.uk/beecraigscountrypark/results/2/
880,107,3b Half Marathon,1:39:52.00,Michal Kapral,M,CAN,25/05/2025,?,https://sportstats.one/event/ottawa-race-weekend/leaderboard/143801
881,107,3b 5km,0:28:56.00,Karly Swaim,F,USA,07/05/2023,0,https://runsignup.com/Race/Results/70305/IndividualResult/sXfJ#U21578490
882,106,3b Half Marathon,1:39:56.00,James McDiarmid,M,GBR,26/11/2023,0,
883,106,3b 5km,0:20:44.00,Scott Jenkins,M,GBR,27/05/2023,0,https://www.parkrun.org.uk/dunfermline/results/311  https://www.strava.com/activities/9148516853
884,106,3b Marathon,3:40:40.00,Chris Pert,M,USA,28/09/2014,0,https://marathonview.net/search?query=christopher%20pert
885,105,3b 5km,0:20:45.00,Bradley Fiander,M,CAN,29/07/2017,?,https://results.raceroster.com/v2/en-CA/results/rvd77z5qbtrc4q3c/results?subEvent=&search=Fiander&page=1    https://www.facebook.com/513379212/posts/10155174605369213/?substory_index=652552003056853&app=fbl
886,105,3b Marathon,3:40:45.00,Perry Romanowski,M,USA,12/10/2014,?,https://chicago-history.r.mikatiming.com/2021/?pid=search
887,105,3b Marathon,3:40:50.00,Perry Romanowski,M,USA,07/10/2012,?,https://chicago-history.r.mikatiming.com/2021/?pid=search
888,105,3b 5km,0:20:45.60,Christoph Mitasch,M,AUT,2024,?,IJA Database
889,104,3b 5km,0:20:46.00,Scott Jenkins,M,GBR,08/02/2025,0,https://www.strava.com/activities/13570924888
890,104,3b 800m,0:02:39.20,Daniel Raum,M,AUT,2022,?,IJA Database
891,103,3b 5km,0:20:47.00,Scott Jenkins,M,GBR,04/02/2023,0,https://www.strava.com/activities/8502123456
892,102,3b 400m,0:01:09.53,Karel Schuller,M,NLD,06/08/2026,?,https://drive.google.com/file/d/1qnrcWsPurOdbl_2fbmmvB_rNF_XWH7Ph/view?usp=sharing
893,102,3b 400m,0:01:09.09,Shimon Levikov,M,DEU,06/08/2026,?,https://drive.google.com/file/d/1qnrcWsPurOdbl_2fbmmvB_rNF_XWH7Ph/view?usp=sharing
894,102,3b 400m,0:01:09.78,Shimon Levikov,M,DEU,04/08/2026,?,https://drive.google.com/file/d/1XEZ6TLz2q2lpJ89CLP3F6wQBp5zFDskm/view?usp=sharing
895,102,3b 5km,0:20:48.00,Scott Jenkins,M,GBR,14/09/2024,0,https://www.parkrun.org.uk/camperdown/results/559/
896,102,3b 200m,0:00:31.81,Scott Jenkins,M,GBR,08/09/2024,0,Manually Timed by Chris Edwin
897,102,3b 5km,0:29:03.00,Karly Swaim,F,USA,27/04/2024,0,https://runsignup.com/Race/Results/29011/IndividualResult/HPKf?resultSetId=451983#U21578490
898,102,3b 5km,0:20:48.00,Scott Jenkins,M,GBR,03/10/2023,0,"https://www.strava.com/activities/9967168716 https://www.facebook.com/reel/1350475955583730
https://www.parkrun.com.de/volksgarten/results/146/"
899,102,3b 200m,0:00:31.25,Sterling Franklin,M,USA,29/06/2019,?,IJA Database
900,102,3b 5km,0:20:48.00,Jordan Evans,M,GBR,16/03/2019,2,https://www.strava.com/activities/2222976844
901,102,3b 400m,0:01:09.20,Bryan Harris,M,0,24/07/2018,?,IJA Database
902,102,3b Half Marathon,1:40:20.00,Daniel Raum,M,AUT,10/05/2018,?,https://my.raceresult.com/85080/#1_C8F593
903,102,3b 400m,0:01:09.51,Richard Courter,M,0,25/07/2015,?,http://www.juggling.org/orgs/ija/champs.txt
904,102,3b 400m,0:01:09.30,Nathan Lane,M,0,20/07/2013,?,IJA Database
905,102,3b 400m,0:01:09.00,Thomas Dietz,M,DEU,20/07/2013,?,IJA Database
906,102,3b 400m,0:01:09.80,Colin Bevis,M,0,21/07/2012,?,IJA Database
907,102,3b 200m,0:00:31.16,Dylan Waickman,M,0,20/07/2011,?,IJA Database
908,102,3b 400m,0:01:09.00,Dylan Waickman,M,0,20/07/2011,?,IJA Database
909,102,3b 200m,0:00:31.03,Len Ferman,M,USA,20/07/2011,?,IJA Database
910,102,3b 200m,0:00:31.90,Len Ferman,M,USA,20/07/2010,?,https://dev.juggle.org/history/champs/champs2010.php
911,102,3b 400m,0:01:09.70,Tyler Wishau,M,USA,20/07/2010,?,https://dev.juggle.org/history/champs/champs2010.php
912,102,3b 200m,0:00:31.65,Ben Fry,M,0,14/07/2009,?,https://dev.juggle.org/history/champs/champs2009.php
913,102,3b 400m,0:01:09.20,Ben Thompson,M,0,15/07/2008,?,https://dev.juggle.org/history/champs/champs2008.php
914,102,3b 200m,0:00:31.80,Tim Hark,M,0,15/07/2008,?,https://dev.juggle.org/history/champs/champs2008.php
915,102,3b 200m,0:00:31.81,David Ferman,M,USA,17/07/2007,?,https://dev.juggle.org/history/champs/champs2007.php
916,102,3b 400m,0:01:09.00,Marco Paoletti,M,0,18/07/2006,?,https://dev.juggle.org/history/champs/champs2006.php
917,102,3b 400m,0:01:09.00,David Hussey,M,0,30/07/1999,?,IJA Database
918,102,3b 400m,0:01:09.20,Andrew Swan,M,0,15/07/1998,?,IJA Database
919,102,3b 400m,0:01:09.00,Ben Schoenberg,M,0,19/07/1995,?,https://dev.juggle.org/history/champs/champs1995.php
920,102,3b Mile,0:06:01.00,Keith Baker,M,0,19/07/1995,?,https://dev.juggle.org/history/champs/champs1995.php
921,102,3b 400m,0:01:09.13,Bill Giduz,M,USA,20/07/1991,?,http://www.juggling.org/orgs/ija/champs.txt
922,102,3b 200m,0:00:31.81,Michal Kapral,M,CAN,2022,0,https://www.youtube.com/watch?v=_h2daDU1JlM
923,102,3b 200m,0:00:31.81,Michal Kapral,M,CAN,2022,?,IJA Database
924,102,3b 200m,0:00:31.76,Stephan Cipra,M,DEU,2021,?,IJA Database
925,101,3b 1500m,0:05:35.00,Daniel Raum,M,AUT,2025,?,IJA Database
926,100,3b 5km,0:20:50.00,Brady Xue,M,USA,12/06/2022,?,https://twitter.com/hallxctf/status/1536009713976061952
927,100,3b 5km,0:20:50.00,Jordan Evans,M,GBR,29/07/2017,?,https://www.strava.com/activities/1106537994
928,100,3b 5km,0:20:50.00,Mark Kolbus,M,0,06/08/1997,?,https://dev.juggle.org/history/champs/champs1997.php
929,100,3b 5km,0:20:50.00,Albert Lucas,M,USA,13/08/1994,?,"https://dev.juggle.org/history/champs/champs1994.php, Billy Gillen Memorial 5km"
930,100,3b 5km,0:20:50.00,Paul Ballard,M,0,22/07/1989,?,http://www.juggling.org/orgs/ija/champs.txt
931,99,3b Marathon,3:41:58.00,Scott Jenkins,M,GBR,26/05/2024,1,https://www.strava.com/activities/11501787895
932,99,3b 10km,0:45:15.00,Jarek Widomski,M,POL,14/09/2019,2,
933,98,3b 100m,0:00:15.87,Kaupo Pilder,M,EST,06/08/2026,?,https://drive.google.com/file/d/1qnrcWsPurOdbl_2fbmmvB_rNF_XWH7Ph/view?usp=sharing
934,98,3b 100m,0:00:15.07,Luca Pferdmenges,M,DEU,06/08/2026,?,https://drive.google.com/file/d/1qnrcWsPurOdbl_2fbmmvB_rNF_XWH7Ph/view?usp=sharing
935,98,3b 100m,0:00:15.87,Jamal da Silva Ermisch,M,DEU,04/08/2026,?,https://drive.google.com/file/d/1XEZ6TLz2q2lpJ89CLP3F6wQBp5zFDskm/view?usp=sharing
936,98,3b 100m,0:00:15.09,Karel Schuller,M,NLD,04/08/2026,?,https://drive.google.com/file/d/1XEZ6TLz2q2lpJ89CLP3F6wQBp5zFDskm/view?usp=sharing
937,98,3b 100m,0:00:15.00,Luca Pferdmenges,M,DEU,04/08/2026,?,https://drive.google.com/file/d/1XEZ6TLz2q2lpJ89CLP3F6wQBp5zFDskm/view?usp=sharing
938,98,3b 100m,0:00:15.22,Luca Pferdmenges,M,DEU,04/08/2026,?,https://drive.google.com/file/d/1XEZ6TLz2q2lpJ89CLP3F6wQBp5zFDskm/view?usp=sharing
939,98,3b 100m,0:00:15.34,Samuel Tittelein,M,FRA,04/08/2026,?,https://drive.google.com/file/d/1XEZ6TLz2q2lpJ89CLP3F6wQBp5zFDskm/view?usp=sharing
940,98,3b 100m,0:00:15.75,Uros Marolt,M,SVN,04/08/2026,?,https://drive.google.com/file/d/1XEZ6TLz2q2lpJ89CLP3F6wQBp5zFDskm/view?usp=sharing
941,98,3b 100m,0:00:15.53,Vasek Peca,M,CZE,04/08/2026,?,https://drive.google.com/file/d/1XEZ6TLz2q2lpJ89CLP3F6wQBp5zFDskm/view?usp=sharing
942,98,3b 100m,0:00:15.18,Karel Schuller,M,NLD,03/08/2026,?,https://drive.google.com/file/d/1XEZ6TLz2q2lpJ89CLP3F6wQBp5zFDskm/view?usp=sharing
943,98,3b 100m,0:00:15.40,Kaupo Pilder,M,EST,03/08/2026,?,https://drive.google.com/file/d/1XEZ6TLz2q2lpJ89CLP3F6wQBp5zFDskm/view?usp=sharing
944,98,3b 100m,0:00:15.62,Samuel Tittelein,M,FRA,03/08/2026,?,https://drive.google.com/file/d/1XEZ6TLz2q2lpJ89CLP3F6wQBp5zFDskm/view?usp=sharing
945,98,3b 100m,0:00:15.66,Uros Marolt,M,SVN,03/08/2026,?,https://drive.google.com/file/d/1XEZ6TLz2q2lpJ89CLP3F6wQBp5zFDskm/view?usp=sharing
946,98,3b 100m,0:00:15.78,Felix Spiller,M,DEU,02/08/2026,?,https://drive.google.com/file/d/1XEZ6TLz2q2lpJ89CLP3F6wQBp5zFDskm/view?usp=sharing
947,98,3b 100m,0:00:15.75,Tamino Larisch,M,DEU,02/08/2026,?,https://drive.google.com/file/d/1XEZ6TLz2q2lpJ89CLP3F6wQBp5zFDskm/view?usp=sharing
948,98,4b 100m,0:00:15.82,Scott Jenkins,M,GBR,17/05/2026,0,https://youtu.be/_7bXas4hAdM?si=dHDEssk6Tc4S1adl
949,98,3b 100m,0:00:15.90,Finn Mertens,M,BEL,09/08/2025,?,EJC results in Joggler's United Group
950,98,3b 100m,0:00:15.98,Luca Pferdmenges,M,DEU,09/08/2025,?,EJC results in Joggler's United Group
951,98,3b 100m,0:00:15.92,Lucas Hester,M,USA,09/08/2025,?,EJC results in Joggler's United Group
952,98,3b 100m,0:00:15.64,Mike Moore,M,USA,19/07/2025,?,IJA Database
953,98,3b 100m,0:00:15.29,Jean-Marc Doiron,M,CAN,14/06/2024,0,https://www.instagram.com/reel/C8NTtX8uWZ2/?igsh=ZGUzMzM3NWJiOQ%3D%3D
954,98,3b 100m,0:00:15.64,Scott Jenkins,M,GBR,20/04/2024,0,Manually recorded
955,98,4b 100m,0:00:15.11,Jared Janssen,M,0,22/07/2023,?,IJA Database
956,98,3b 5km,0:20:52.00,Scott Jenkins,M,GBR,08/04/2023,1,https://www.strava.com/activities/8852459895
957,98,3b 100m,0:00:15.28,Christian Roberto Lopez Rogriguez,M,ESP,19/11/2022,?,https://www.guinnessworldrecords.com/world-records/112079-fastest-100-m-joggling-with-three-objects-blindfolded
958,98,3b 100m,0:00:15.54,Kyle Albrecht,M,USA,24/07/2018,?,IJA Database
959,98,3b 100m,0:00:15.75,Martin Hiti,M,0,24/07/2018,?,IJA Database
960,98,3b 100m,0:00:15.75,Nick Thomas,M,0,25/07/2015,?,IJA Database
961,98,3b 100m,0:00:15.99,Peter Holmquist,M,0,25/07/2015,?,IJA Database
962,98,3b 100m,0:00:15.40,Anders Kierulf,M,0,02/08/2014,?,IJA Database
963,98,3b 100m,0:00:15.10,Kyler McClintock,M,0,02/08/2014,?,IJA Database
964,98,3b 100m,0:00:15.40,Chris Van Hoomissen,M,0,20/07/2013,?,IJA Database
965,98,3b 100m,0:00:15.40,Rory Bade,M,0,20/07/2013,?,IJA Database
966,98,3b 100m,0:00:15.40,Thomas Dietz,M,DEU,20/07/2013,?,IJA Database
967,98,3b 100m,0:00:15.80,Anders Kierulf,M,0,21/07/2012,?,IJA Database
968,98,3b 100m,0:00:15.81,Anders Kierulf,M,0,20/07/2011,?,IJA Database
969,98,3b 100m,0:00:15.83,Andrew Hodge,M,0,20/07/2011,?,IJA Database
970,98,3b 100m,0:00:15.21,David Mlakar,M,0,20/07/2011,?,IJA Database
971,98,3b 100m,0:00:15.71,Dylan Waickman,M,0,20/07/2011,?,IJA Database
972,98,3b 100m,0:00:15.60,Len Ferman,M,USA,20/07/2011,?,IJA Database
973,98,3b 100m,0:00:15.30,Andrew Hodge,M,0,20/07/2010,?,https://dev.juggle.org/history/champs/champs2010.php
974,98,3b 100m,0:00:15.20,Andrew Swan,M,0,20/07/2010,?,https://dev.juggle.org/history/champs/champs2010.php
975,98,3b 100m,0:00:15.50,Chris Garcia,M,0,20/07/2010,?,https://dev.juggle.org/history/champs/champs2010.php
976,98,3b 100m,0:00:15.40,Dan Burke,M,0,20/07/2010,?,https://dev.juggle.org/history/champs/champs2010.php
977,98,3b 100m,0:00:15.20,Lauge Benjaminson,M,DNK,20/07/2010,?,https://dev.juggle.org/history/champs/champs2010.php
978,98,3b 100m,0:00:15.36,Anders Kierulf,M,0,14/07/2009,?,https://dev.juggle.org/history/champs/champs2009.php
979,98,3b 100m,0:00:15.20,Ben Fry,M,0,14/07/2009,?,https://dev.juggle.org/history/champs/champs2009.php
980,98,3b 100m,0:00:15.65,Chuck Hawley,M,0,14/07/2009,?,https://dev.juggle.org/history/champs/champs2009.php
981,98,3b 100m,0:00:15.03,Anders Kierulf,M,0,15/07/2008,?,https://dev.juggle.org/history/champs/champs2008.php
982,98,3b 100m,0:00:15.74,Jason Hollandsworth,M,0,15/07/2008,?,https://dev.juggle.org/history/champs/champs2008.php
983,98,3b 100m,0:00:15.80,Tim Hark,M,0,15/07/2008,?,https://dev.juggle.org/history/champs/champs2008.php
984,98,3b 100m,0:00:15.53,Jeremy Stanley,M,0,17/07/2007,?,https://dev.juggle.org/history/champs/champs2007.php
985,98,3b 100m,0:00:15.12,Nathan Vehse,M,0,17/07/2007,?,https://dev.juggle.org/history/champs/champs2007.php
986,98,3b 100m,0:00:15.81,Ricky Harr,M,0,17/07/2007,?,https://dev.juggle.org/history/champs/champs2007.php
987,98,3b 100m,0:00:15.06,Anders Kierulf,M,0,18/07/2006,?,https://dev.juggle.org/history/champs/champs2006.php
988,98,3b 100m,0:00:15.85,Bernard Dehoog,M,0,19/07/2005,?,https://dev.juggle.org/history/champs/champs2005.php
989,98,3b 100m,0:00:15.71,Ben Schoenberg,M,0,13/07/2004,?,https://dev.juggle.org/history/champs/champs2004.php
990,98,3b 100m,0:00:15.91,Nick Pavlak,M,0,13/07/2004,?,https://dev.juggle.org/history/champs/champs2004.php
991,98,3b 100m,0:00:15.34,Trey Newsome,M,USA,13/07/2004,?,https://dev.juggle.org/history/champs/champs2004.php
992,98,5b 100m,0:00:15.50,Albert Lucas,M,USA,17/07/2002,?,https://dev.juggle.org/history/champs/champs2002.php
993,98,3b 100m,0:00:15.88,Andrew Swan,M,0,05/08/2000,?,https://dev.juggle.org/history/champs/champs2000.php
994,98,3b Mile,0:06:02.19,Sam Hartford,M,0,05/08/2000,?,https://dev.juggle.org/history/champs/champs2000.php
995,98,3b 100m,0:00:15.50,Andrew Swan,M,0,30/07/1999,?,IJA Database
996,98,3b 100m,0:00:15.00,Barry Goldmeier,M,USA,30/07/1999,?,IJA Database
997,98,3b 100m,0:00:15.30,Shawn Bryan,M,0,30/07/1999,?,IJA Database
998,98,3b 100m,0:00:15.30,Andrew Swan,M,0,15/07/1998,?,IJA Database
999,98,3b 100m,0:00:15.40,Bill Giduz,M,USA,06/08/1997,?,https://dev.juggle.org/history/champs/champs1997.php
1000,98,3b 100m,0:00:15.70,Travis Saunders,M,CAN,06/08/1997,?,https://dev.juggle.org/history/champs/champs1997.php
1001,98,3b 100m,0:00:15.50,Barry Goldmeier,M,USA,19/07/1995,?,https://dev.juggle.org/history/champs/champs1995.php
1002,98,3b 100m,0:00:15.30,Marlin Ballard,M,0,13/08/1994,?,https://dev.juggle.org/history/champs/champs1994.php
1003,98,3b 100m,0:00:15.20,Tom Sparough,M,0,13/08/1994,?,https://dev.juggle.org/history/champs/champs1994.php
1004,98,3b 100m,0:00:15.40,Michael Nance,M,0,24/07/1993,?,http://www.juggling.org/orgs/ija/champs.txt
1005,98,3b 100m,0:00:15.60,Mike Hout,M,USA,24/07/1993,?,http://www.juggling.org/orgs/ija/champs.txt
1006,98,3b 100m,0:00:15.74,Bill Giduz,M,USA,20/07/1991,?,http://www.juggling.org/orgs/ija/champs.txt
1007,98,3b 100m,0:00:15.05,Bill Giduz,M,USA,20/07/1985,?,http://www.juggling.org/orgs/ija/champs.txt
1008,98,3b 100m,0:00:15.86,Ken Rabe,M,0,21/07/1984,?,http://www.juggling.org/orgs/ija/champs.txt
1009,98,3b 100m,0:00:15.63,Matt Cantrell,M,0,23/07/1983,?,http://www.juggling.org/orgs/ija/champs.txt
1010,98,3b 100m,0:00:15.15,Michel Lauziere,M,CAN,18/07/1981,?,https://dev.juggle.org/history/champs/champs1981.php
1011,98,3b 100m,0:00:15.90,Samuel Dean,M,USA,2024,?,IJA Database
1012,98,3b 100m,0:00:15.83,Michal Kapral,M,CAN,2022,?,IJA Database
1013,98,3b 100m,0:00:15.84,Michal Kapral,M,CAN,2022,0,https://www.youtube.com/watch?v=j7OPOZPIeAw
1014,98,4b 100m,0:00:15.10,Sterling Franklin,M,USA,2022,?,IJA Database
1015,98,5b 100m,0:00:15.03,Matthew Feldman,M,USA,2021,?,IJA Database
1016,98,4b 100m,0:00:15.44,Stephan Cipra,M,DEU,2021,?,IJA Database
1017,98,3b 100m,0:00:15.96,Chris Fowler,M,USA,2020,?,IJA Database
1018,98,4b 100m,0:00:15.78,Sterling Franklin,M,USA,2020,?,IJA Database
1019,97,3b 5km,0:20:53.00,Eden Katsir,M,ISR,04/08/2025,?,EJC results in Joggler's United Group
1020,97,3b 5km,0:29:13.00,Karly Swaim,F,USA,17/06/2023,0,https://my.raceresult.com/247292/results
1021,97,3b Marathon,3:42:23.00,Perry Romanowski,M,USA,13/10/2013,?,https://chicago-history.r.mikatiming.com/2021/?pid=search
1022,97,3b 1500m,0:05:36.00,Gerry Berg,M,0,18/07/1981,?,https://dev.juggle.org/history/champs/champs1981.php
1023,96,3b 400m,0:01:33.63,Christina-Anna Senser,F,DEU,06/08/2026,?,https://drive.google.com/file/d/1qnrcWsPurOdbl_2fbmmvB_rNF_XWH7Ph/view?usp=sharing
1024,96,3b 400m,0:01:33.62,Fiona Verscheure,F,BEL,06/08/2026,?,https://drive.google.com/file/d/1qnrcWsPurOdbl_2fbmmvB_rNF_XWH7Ph/view?usp=sharing
1025,96,3b 400m,0:01:33.54,Anezka Houhova,F,CZE,09/08/2025,?,EJC results in Joggler's United Group
1026,96,3b 5km,0:29:14.00,Friederike Kraaz,F,DEU,04/08/2025,?,EJC results in Joggler's United Group
1027,96,3b 5km,0:29:15.00,Narelle Cabassi,F,AUS,02/12/2023,?,https://www.instagram.com/p/C0VFX0GPdy6/?img_index=1 https://www.parkrun.com.au/robelledomain/results/62
1028,96,3b 400m,0:01:33.90,Summer Cooper,F,USA,22/07/2023,?,IJA Database
1029,96,3b 400m,0:01:33.00,Laura Schroeder,F,0,15/07/2017,?,IJA Database
1030,96,3b 5km,0:20:54.00,Jordan Evans,M,GBR,01/07/2017,?,https://www.parkrun.org.uk/hockleywoods/results/123/  https://www.strava.com/activities/1061860974
1031,96,3b Half Marathon,1:40:45.00,Ivan Schleppenbach,M,USA,21/05/2016,?,https://www.mtecresults.com/runner/show?race=4076&rid=6133
1032,96,3b 400m,0:01:33.20,Dorothy Finnigan,F,0,13/07/2004,?,https://dev.juggle.org/history/champs/champs2004.php
1033,96,3b 400m,0:01:33.00,Laura Provance,F,0,06/08/1997,?,https://dev.juggle.org/history/champs/champs1997.php
1034,96,3b 5km,0:29:15.00,Laurie Young,F,0,21/07/1990,?,http://www.juggling.org/orgs/ija/champs.txt
1035,95,3b Marathon,3:42:39.00,Samuel Dean,M,USA,12/11/2023,14,https://www.strava.com/activities/10207532452
1036,95,3b 5km,0:20:55.50,Daniel Raum,M,AUT,2024,?,IJA Database
1037,94,3b Mile,0:08:10.89,Ingrid Vukusic,F,0,19/07/2025,?,IJA Database
1038,94,3b Mile,0:08:10.00,Karly Swaim,F,USA,29/08/2024,2,https://www.instagram.com/p/C_b5s6tsVDG7L-oEnuw2cG6yM7pBGj_jmwYvQE0/
1039,94,3b 5km,0:20:56.00,Scott Jenkins,M,GBR,20/05/2023,3,https://www.parkrun.org.uk/meadowmill/results/135  https://www.strava.com/activities/9104572768
1040,94,3b 200m,0:00:39.40,Heather Marriott,F,USA,15/07/2008,?,https://dev.juggle.org/history/champs/champs2008.php
1041,94,3b 200m,0:00:39.00,Jaye Butler,F,0,05/08/2000,?,https://dev.juggle.org/history/champs/champs2000.php
1042,94,3b Mile,0:06:03.00,Curt Hoffman,M,0,06/08/1997,?,https://dev.juggle.org/history/champs/champs1997.php
1043,93,3b 5km,0:20:57.00,Scott Jenkins,M,GBR,22/04/2023,0,https://www.strava.com/activities/8935351158
1044,93,3b 600m,0:01:55.10,Aaron Scott,M,USA,29/06/2019,?,IJA Database
1045,93,3b 600m,0:01:55.50,Eric Walter,M,USA,29/06/2019,?,IJA Database
1046,93,3b 600m,0:01:55.30,Daniel Raum,M,AUT,2022,?,IJA Database
1047,92,3b 5km,0:29:22.00,Karly Swaim,F,USA,06/10/2024,0,https://www.instagram.com/p/DA7KttcMokngLkF8Dr-drbYJ345diiGc6CUuMs0/?img_index=1  https://my.raceresult.com/300074/results#1_07B109
1048,92,3b 5km,0:20:58.00,Scott Jenkins,M,GBR,21/01/2023,0,https://www.strava.com/activities/8426310028
1049,92,3b Half Marathon,1:41:10.00,Ivan Schleppenbach,M,USA,22/06/2013,?,https://www.mtecresults.com/runner/show?race=1394&rid=13151
1050,91,3b 5km,0:20:59.00,Jordan Evans,M,GBR,02/07/2022,?,https://www.parkrun.org.uk/york/results/417/
1051,90,3b Half Marathon,1:41:16.00,Scott Jenkins,M,GBR,18/02/2024,0,https://www.strava.com/activities/10786127494
1052,90,3b 5km,0:21:00.00,Tim Ebersole,M,USA,02/12/2023,?,https://www.strava.com/activities/10316799917
1053,90,3b 5km,0:21:00.00,Scott Jenkins,M,GBR,25/11/2023,0,https://www.strava.com/activities/10277539916
1054,90,3b 5km,0:21:00.00,Jake Lodge,M,GBR,29/07/2023,3,"https://www.parkrun.org.uk/huddersfield/results/545/
https://www.strava.com/activities/9541633115"
1055,90,3b Marathon,3:43:46.00,Perry Romanowski,M,USA,13/10/2019,?,https://chicago-history.r.mikatiming.com/2021/?pid=search
1056,90,3b 1000m,0:03:31.50,Daniel Raum,M,AUT,2023,?,IJA Database
1057,89,3b 100m,0:00:19.72,Jowita Nowogrodzka-Ligeza,F,POL,06/08/2026,?,https://drive.google.com/file/d/1qnrcWsPurOdbl_2fbmmvB_rNF_XWH7Ph/view?usp=sharing
1058,89,3b 100m,0:00:19.97,Fiona Verscheure,F,BEL,04/08/2026,?,https://drive.google.com/file/d/1XEZ6TLz2q2lpJ89CLP3F6wQBp5zFDskm/view?usp=sharing
1059,89,3b 100m,0:00:19.94,Anna Maria Denzler,F,DEU,03/08/2026,?,https://drive.google.com/file/d/1XEZ6TLz2q2lpJ89CLP3F6wQBp5zFDskm/view?usp=sharing
1060,89,3b 100m,0:00:19.03,Tamara Maul,F,DEU,03/08/2026,?,https://drive.google.com/file/d/1XEZ6TLz2q2lpJ89CLP3F6wQBp5zFDskm/view?usp=sharing
1061,89,3b 100m,0:00:19.03,Christina-Anna Senser,F,DEU,02/08/2026,?,https://drive.google.com/file/d/1XEZ6TLz2q2lpJ89CLP3F6wQBp5zFDskm/view?usp=sharing
1062,89,3b 100m,0:00:19.56,Tamara Maul,F,DEU,02/08/2026,?,https://drive.google.com/file/d/1XEZ6TLz2q2lpJ89CLP3F6wQBp5zFDskm/view?usp=sharing
1063,89,3b 100m,0:00:19.47,Ingrid Vukusic,F,0,19/07/2025,?,IJA Database
1064,89,3b 10km,0:45:39.00,Kacper Suchora,M,POL,23/11/2024,?,chrome-extension://efaidnbmnnnibpcajpcglclefindmkaj/https://utm.run/wp-content/uploads/2024/11/2024_nh4s_jesien_10.pdf
1065,89,3b 1500m,0:05:38.95,Sterling Franklin,M,USA,11/07/2024,?,"IJA Database, Giduz 1500m"
1066,89,3b 100m,0:00:19.84,Verena Rau,F,DEU,30/07/2023,?,https://www.joggling.pl/joggling-competitionszawody/2023-lublin-open.html
1067,89,3b 100m,0:00:19.06,Katie Burgess,F,0,24/07/2018,?,IJA Database
1068,89,3b 100m,0:00:19.31,Heather Marriott,F,USA,30/07/2016,?,IJA Database
1069,89,3b 100m,0:00:19.99,Riga Moettus,F,USA,25/07/2015,?,IJA Database
1070,89,3b 100m,0:00:19.10,Katie Burgess,F,0,02/08/2014,?,IJA Database
1071,89,3b 100m,0:00:19.10,Laura Schroeder,F,0,02/08/2014,?,IJA Database
1072,89,3b 100m,0:00:19.30,Delaney Bayles,F,USA,20/07/2013,?,IJA Database
1073,89,3b 100m,0:00:19.00,Riga Moettus,F,USA,20/07/2013,?,IJA Database
1074,89,3b 100m,0:00:19.10,Maggie Armstrong,F,0,20/07/2011,?,IJA Database
1075,89,3b 100m,0:00:19.16,Mara Moettus,F,USA,20/07/2011,?,IJA Database
1076,89,3b 100m,0:00:19.04,Heather Marriott,F,USA,14/07/2009,?,https://dev.juggle.org/history/champs/champs2009.php
1077,89,3b 100m,0:00:19.53,Laura Ernst,F,0,14/07/2009,?,https://dev.juggle.org/history/champs/champs2009.php
1078,89,3b 100m,0:00:19.53,Chloe Hirschowitz,F,USA,15/07/2008,?,https://dev.juggle.org/history/champs/champs2008.php
1079,89,3b 100m,0:00:19.86,Dorothy Finnigan,F,0,13/07/2004,?,https://dev.juggle.org/history/champs/champs2004.php
1080,89,3b 100m,0:00:19.70,Dorothy Finnigan,F,0,17/07/2002,?,https://dev.juggle.org/history/champs/champs2002.php
1081,89,3b 100m,0:00:19.10,Heather Marriott,F,USA,17/07/2002,?,https://dev.juggle.org/history/champs/champs2002.php
1082,89,3b 100m,0:00:19.40,Erika Randall,F,0,30/07/1999,?,IJA Database
1083,89,3b 100m,0:00:19.90,Hayley Fix,F,USA,30/07/1999,?,IJA Database
1084,89,3b 100m,0:00:19.10,Dorothy Finnigan,F,0,15/07/1998,?,IJA Database
1085,89,3b 100m,0:00:19.20,Christa Rypins,F,USA,21/07/1990,?,http://www.juggling.org/orgs/ija/champs.txt
1086,89,3b 100m,0:00:19.70,KC Canter,F,0,22/07/1989,?,http://www.juggling.org/orgs/ija/champs.txt
1087,89,3b 100m,0:00:19.43,Logan Pearce,F,0,2022,?,IJA Database
1088,88,3b Marathon,3:44:09.00,James McDiarmid,M,GBR,28/09/2025,?,"https://lochnessmarathon.com/results/1/2025/?epage=1&sort=Position&text-search=Mcdiarmid&filter=
https://www.facebook.com/100057529806384/posts/pfbid0E2BiCPBHynW7Pjy9XXfdX9bYmw6q8MuAk38ujHqfapTSWuSLUhpNaMsS1WXwZjt3l/?app=fbl"
1089,88,3b 5km,0:21:02.00,Tim Ebersole,M,USA,25/11/2021,?,https://falconracetiming.com/racetimes/SMT%20Turkey%20Trot%20AG%202021.htm
1090,87,3b 800m,0:02:41.60,Kanoa Lindiwe,M,USA,11/07/2024,?,IJA Database
1091,87,3b 800m,0:02:41.50,Kyler McClintock,M,0,02/08/2014,?,IJA Database
1092,87,3b Mile,0:06:05.00,Keith Baker,M,0,20/07/1996,?,https://dev.juggle.org/history/champs/champs1996.php
1093,87,3b 5km,0:21:03.00,Keith Baker,M,0,13/08/1994,?,"https://dev.juggle.org/history/champs/champs1994.php, Billy Gillen Memorial 5km"
1094,87,3b 5km,0:29:31.90,Kay Caskey,F,0,24/07/1993,?,http://www.juggling.org/orgs/ija/champs.txt
1095,86,3b Half Marathon,1:41:40.00,Chris Edwin,M,GBR,10/07/2022,0,
1096,86,3b 5km,0:21:04.00,Scott Jenkins,M,GBR,04/12/2021,?,
1097,86,3b 5km,0:21:04.00,Tyler Wishau,M,USA,20/10/2018,0,https://www.facebook.com/profile/100064067107732/search/?q=joggling
1098,86,3b Mile,0:08:14.00,Mary Holgin,F,0,15/07/1998,?,IJA Database
1099,86,3b 1500m,0:05:39.20,Christoph Mitasch,M,AUT,2025,?,IJA Database
1100,85,3b Marathon,3:44:42.00,Ivan Schleppenbach,M,USA,18/05/2019,?,https://www.mtecresults.com/runner/show?race=8184&rid=1211
1101,85,3b Marathon,3:44:46.00,Perry Romanowski,M,USA,08/11/2015,?,
1102,85,3b 400m,0:01:34.30,Maggie Armstrong,F,0,21/07/2012,?,IJA Database
1103,85,3b 400m,0:01:34.00,Melinda Paas,F,CAN,30/07/1999,?,IJA Database
1104,85,3b 400m,0:01:34.10,Julia Snyder,F,0,15/07/1998,?,IJA Database
1105,85,3b 400m,0:01:34.10,Kelsey Deutch,F,0,06/08/1997,?,https://dev.juggle.org/history/champs/champs1997.php
1106,84,3b 5km,0:21:06.00,Kacper Suchora,M,POL,06/09/2025,?,https://www.parkrun.pl/mlynowkakrolewska/results/
1107,84,3b 5km,0:21:06.00,Scott Jenkins,M,GBR,06/04/2024,0,https://www.strava.com/activities/11120625198
1108,84,3b Mile,0:06:06.21,Mike Draney,M,0,28/07/2001,?,https://dev.juggle.org/history/champs/champs2001.php
1109,84,3b 5km,0:21:06.80,Christoph Mitasch,M,AUT,2023,?,IJA Database
1110,83,3b Marathon,3:45:13.00,Perry Romanowski,M,USA,07/10/2018,?,https://chicago-history.r.mikatiming.com/2021/?pid=search
1111,83,3b 5km,0:21:07.00,Jordan Evans,M,GBR,09/09/2017,?,https://www.parkrun.org.uk/hadleigh/news/2017/09/13/hadleigh-parkrun-45-the-parkrun-juggler-or-should-we-call-him-the-parkrun-joggler/
1112,82,3b 400m,0:01:10.72,Finn Mertens,M,BEL,04/08/2026,?,https://drive.google.com/file/d/1XEZ6TLz2q2lpJ89CLP3F6wQBp5zFDskm/view?usp=sharing
1113,82,3b 400m,0:01:10.53,Karel Schuller,M,NLD,04/08/2026,?,https://drive.google.com/file/d/1XEZ6TLz2q2lpJ89CLP3F6wQBp5zFDskm/view?usp=sharing
1114,82,3b 400m,0:01:10.83,Nathan Nard,M,0,19/07/2025,?,IJA Database
1115,82,3b 400m,0:01:10.15,Sterling Franklin,M,USA,19/07/2025,?,IJA Database
1116,82,3b 400m,0:01:10.81,Dominic Lodge,M,GBR,13/07/2025,0,Witnessed and manually timed by Chris Edwin with stop watch
1117,82,3b Mile,0:08:16.00,Karly Swaim,F,USA,04/02/2024,0, Galloway Magic Mile (time trial for group training program)
1118,82,3b 5km,0:21:08.00,Jake Lodge,M,GBR,05/08/2023,1,https://www.strava.com/activities/9585611785
1119,82,3b 400m,0:01:10.10,Cole Dunbar,M,0,25/07/2015,?,IJA Database
1120,82,3b 400m,0:01:10.10,Nicolas Souren,M,0,21/07/2012,?,IJA Database
1121,82,5b 400m,0:01:10.50,Matthew Feldman,M,USA,09/08/2011,0,https://www.youtube.com/watch?v=cLH2TQC3KiQ  https://www.guinnessworldrecords.com/world-records/fastest-400-m-joggling-with-five-objects-male
1122,82,3b 400m,0:01:10.68,Ben Fry,M,0,14/07/2009,?,https://dev.juggle.org/history/champs/champs2009.php
1123,82,3b 400m,0:01:10.97,Chris Lovdal,M,USA,14/07/2009,?,https://dev.juggle.org/history/champs/champs2009.php
1124,82,3b 400m,0:01:10.00,Trey Newsome,M,USA,13/07/2004,?,https://dev.juggle.org/history/champs/champs2004.php
1125,82,3b 400m,0:01:10.60,Andrew Swan,M,0,17/07/2002,?,https://dev.juggle.org/history/champs/champs2002.php
1126,82,3b 400m,0:01:10.00,Darren Samson,M,0,13/08/1994,?,https://dev.juggle.org/history/champs/champs1994.php
1127,82,3b 400m,0:01:10.50,Bill Giduz,M,USA,24/07/1993,?,http://www.juggling.org/orgs/ija/champs.txt
1128,82,3b 400m,0:01:10.90,Jim Steffens,M,0,20/07/1991,?,http://www.juggling.org/orgs/ija/champs.txt
1129,82,3b 400m,0:01:10.10,Samuel Dean,M,USA,2024,?,IJA Database
1130,81,3b 5km,0:21:09.00,James McDiarmid,M,GBR,15/07/2023,2,
1131,81,3b 5km,0:21:09.00,Larry Kluger,M,0,18/07/1981,?,https://dev.juggle.org/history/champs/champs1981.php
1132,80,3b 5km,0:21:10.00,Kacper Suchora,M,POL,11/10/2025,0,Finished First! https://www.parkrun.pl/mlynowkakrolewska/results/105/
1133,80,3b Mile,0:06:07.00,Tim Ebersole,M,USA,12/06/2024,?,https://strava.app.link/gAaPIIDQLLb
1134,80,3b 5km,0:21:10.00,Scott Jenkins,M,GBR,30/12/2023,0,https://www.strava.com/activities/10460699704
1135,80,3b Mile,0:06:07.00,Adam Griffin,M,0,20/07/1996,?,https://dev.juggle.org/history/champs/champs1996.php
1136,80,3b Mile,0:06:07.00,Troy Fitzgerald,M,0,24/07/1993,?,http://www.juggling.org/orgs/ija/champs.txt
1137,80,3b Marathon,3:45:50.00,Reg Bolton,M,GBR,1988,?,https://www.heraldscotland.com/default_content/12429364.reg-bolton/  https://www.jugglingballs.com.au/15-famous-jugglers-from-australia-and-the-world/
1138,79,3b 10km,0:46:03.00,Kacper Suchora,M,POL,23/02/2025,5,chrome-extension://efaidnbmnnnibpcajpcglclefindmkaj/https://utm.run/wp-content/uploads/2025/02/2025_nh4s_zima_10.pdf
1139,79,3b 5km,0:21:11.00,Richard Ross,M,USA,27/06/2024,?,"https://results.raceroster.com/v2/en-US/results/2ndsm4heza7fpp96/detail/ghjtbysgwdzz6k3h
    https://www.instagram.com/p/C820yD9vLIH/?igsh=cXVnajd6ejRlcGE="
1140,79,3b 10km,0:46:02.00,Kacper Suchora,M,POL,13/06/2024,3,https://itmbw.pl/itmbwieczorem-wyniki/
1141,79,3b 800m,0:02:42.90,Mark Fiore,M,USA,22/07/2023,?,IJA Database
1142,79,3b 800m,0:02:42.80,Daniel Raum,M,AUT,25/07/2015,?,IJA Database
1143,79,3b 800m,0:02:42.41,Len Ferman,M,USA,17/07/2007,?,https://dev.juggle.org/history/champs/champs2007.php
1144,79,3b 800m,0:02:42.00,Christoph Mitasch,M,AUT,2022,?,IJA Database
1145,78,3b Half Marathon,1:42:20.58,Jake Lodge,M,GBR,16/11/2025,?,P21! https://watchtree.co.uk/wp-content/uploads/2025/11/provisional-resultshalf-marathon-2025-Google-Sheets.pdf https://www.strava.com/activities/16474561117
1146,78,3b 1000m,0:03:33.80,Christoph Mitasch,M,AUT,2023,?,IJA Database
1147,77,3b 5km,0:21:13.00,Kacper Suchora,M,POL,29/03/2025,0,https://www.parkrun.pl/puszczaniepolomicka/results/latestresults/
1148,77,3b Mile,0:06:08.00,Tim Ebersole,M,USA,12/06/2024,?,https://www.strava.com/activities/11638445130
1149,76,3b 5km,0:21:14.00,Jordan Evans,M,GBR,08/07/2017,?,https://www.strava.com/activities/1073066127
1150,76,3b Marathon,3:46:34.00,Perry Romanowski,M,USA,05/05/2013,?,https://marathonview.net/result/42981151
1151,75,3b 400m,0:01:35.94,Yvonne Burchartz,F,DEU,06/08/2026,?,https://drive.google.com/file/d/1qnrcWsPurOdbl_2fbmmvB_rNF_XWH7Ph/view?usp=sharing
1152,75,3b 400m,0:01:35.34,Tamara Maul,F,DEU,02/08/2026,?,https://drive.google.com/file/d/1XEZ6TLz2q2lpJ89CLP3F6wQBp5zFDskm/view?usp=sharing
1153,75,3b 400m,0:01:35.00,Erika Randall,F,0,30/07/1999,?,IJA Database
1154,74,3b 10km,0:46:14.00,Necmi Oztoprak,M,TUR,13/10/2019,0,https://www.instagram.com/p/B3mGtkLAt7M/  https://www.abavent.de/anmeldeservice/muenchenmarathon2019/ergebnisse?en#3_CF93CE
1155,73,3b 5km,0:21:17.00,Jordan Evans,M,GBR,24/06/2017,?,https://www.strava.com/activities/1051235595
1156,73,3b 5km,0:21:17.00,Jordan Evans,M,GBR,03/06/2017,?,https://www.strava.com/activities/1018599588
1157,72,3b 5km,0:21:18.00,Kacper Suchora,M,POL,19/04/2025,?,https://www.parkrun.pl/mlynowkakrolewska/results/80/
1158,72,3b Half Marathon,1:42:57.00,Tim Ebersole,M,USA,10/09/2023,?,https://www.strava.com/activities/9821889643  https://runsignup.com/Race/Results/15430
1159,71,3b Mile,0:06:10.00,Karel Schuller,M,NLD,08/08/2026,?,https://drive.google.com/file/d/1v5KXHNKD3UqQcFqTQ_POWGjEc5X8w7t7/view?usp=sharing
1160,71,3b 5km,0:21:20.00,Kacper Suchora,M,POL,26/12/2024,0,https://www.parkrun.pl/ogrodsaski/results/213/
1161,71,3b 5km,0:21:20.00,Jake Lodge,M,GBR,20/07/2024,0,https://www.parkrun.org.uk/listerpark/results/652/
1162,71,3b 800m,0:02:43.00,Bradley Fox,M,0,20/07/2013,?,IJA Database
1163,70,3b 5km,0:21:21.00,Jake Lodge,M,GBR,12/08/2023,?,https://www.parkrun.org.uk/penistone/results/132/ https://www.strava.com/activities/9631463241
1164,70,3b 800m,0:03:38.90,Heather Marriott,F,USA,02/08/2014,?,IJA Database
1165,69,3b 5km,0:30:07.00,Narelle Cabassi,F,AUS,18/11/2023,?,https://www.instagram.com/p/CzxZJMDvJpI/  https://www.parkrun.com.au/robelledomain/results/60
1166,68,3b 5km,0:21:23.00,Scott Jenkins,M,GBR,20/11/2021,?,
1167,68,3b 10km,0:46:29.00,Richard Ross,M,USA,18/06/2017,?,https://nycruns.com/race-results?race=the-running-of-the-balls-5k-10k-2&result=241746
1168,68,3b Marathon,3:48:25.00,Perry Romanowski,M,USA,24/04/2010,?,
1169,67,3b 5km,0:21:24.00,Eden Katsir,M,ISR,30/07/2023,?,https://www.joggling.pl/joggling-competitionszawody/2023-lublin-open.html
1170,67,3b Mile,0:06:11.00,Tim Ebersole,M,USA,10/07/2023,?,https://www.strava.com/activities/9426849905
1171,67,3b 5km,0:21:24.00,Jordan Evans,M,GBR,21/10/2017,?,https://www.strava.com/activities/1239818353
1172,67,3b Half Marathon,1:43:27.00,Daniel Raum,M,AUT,04/09/2016,?,https://www.alphafoto.com/images.php?runID=797&sn=481      https://www.datasport.com/en/diploma/?racenr=18872&stnr=481
1173,67,3b Mile,0:06:11.00,Reese Edwards,M,0,19/07/1995,?,https://dev.juggle.org/history/champs/champs1995.php
1174,66,3b 800m,0:03:39.50,Heather Marriott,F,USA,20/07/2010,?,https://dev.juggle.org/history/champs/champs2010.php
1175,66,3b 5km,0:21:25.00,Kyle Barrett,M,0,18/07/2006,?,https://dev.juggle.org/history/champs/champs2006.php
1176,66,3b 5km,0:30:13.40,Kay Caskey,F,0,20/07/1991,?,http://www.juggling.org/orgs/ija/champs.txt
1177,65,3b 400m,0:01:11.78,Joe Kara,M,AUS,06/08/2026,?,https://drive.google.com/file/d/1qnrcWsPurOdbl_2fbmmvB_rNF_XWH7Ph/view?usp=sharing
1178,65,3b 400m,0:01:11.79,Kevin Niittyviita,M,FIN,06/08/2026,?,https://drive.google.com/file/d/1qnrcWsPurOdbl_2fbmmvB_rNF_XWH7Ph/view?usp=sharing
1179,65,3b 400m,0:01:11.91,Dominic Lodge,M,GBR,04/08/2026,?,https://drive.google.com/file/d/1XEZ6TLz2q2lpJ89CLP3F6wQBp5zFDskm/view?usp=sharing
1180,65,3b 400m,0:01:11.67,Erik Toll,M,SWE,09/08/2025,?,EJC results in Joggler's United Group
1181,65,3b 5km,0:21:26.00,Kacper Suchora,M,POL,01/01/2025,1,https://www.parkrun.pl/ogrodsaski/results/215/
1182,65,3b 400m,0:01:11.40,Jared Janssen,M,0,22/07/2023,?,IJA Database
1183,65,3b 400m,0:01:11.40,Nathan Nard,M,0,22/07/2023,?,IJA Database
1184,65,3b Marathon,3:49:05.00,Perry Romanowski,M,USA,10/10/2021,?,https://chicago-history.r.mikatiming.com/2021/?pid=search
1185,65,3b 5km,0:21:26.00,Jordan Evans,M,GBR,28/07/2018,?,https://www.strava.com/activities/1732580500
1186,65,3b Marathon,3:49:14.00,Perry Romanowski,M,USA,09/10/2016,?,https://chicago-history.r.mikatiming.com/2021/?pid=search
1187,65,3b 400m,0:01:36.30,Heather Marriott,F,USA,02/08/2014,?,IJA Database
1188,65,3b 400m,0:01:11.90,Mark Fiore,M,USA,20/07/2013,?,IJA Database
1189,65,3b 400m,0:01:36.30,Maggie Armstrong,F,0,20/07/2011,?,IJA Database
1190,65,3b 400m,0:01:36.40,Heather Marriott,F,USA,17/07/2007,?,https://dev.juggle.org/history/champs/champs2007.php
1191,65,3b 400m,0:01:11.00,Gabe Jakubisin,M,0,13/07/2004,?,https://dev.juggle.org/history/champs/champs2004.php
1192,65,3b 400m,0:01:11.06,Sam Hartford,M,0,28/07/2001,?,https://dev.juggle.org/history/champs/champs2001.php
1193,65,3b 400m,0:01:11.59,Joshua Edleman,M,0,05/08/2000,?,https://dev.juggle.org/history/champs/champs2000.php
1194,65,3b 400m,0:01:11.40,Bill Giduz,M,USA,06/08/1997,?,https://dev.juggle.org/history/champs/champs1997.php
1195,65,3b 400m,0:01:11.80,Stephan Cipra,M,DEU,2021,?,IJA Database
1196,64,3b 800m,0:02:44.10,Nicolas Souren,M,0,02/08/2014,?,IJA Database
1197,64,3b 800m,0:02:44.00,Paul Arneberg,M,0,14/07/2009,?,https://dev.juggle.org/history/champs/champs2009.php
1198,63,3b 5km,0:21:29.00,Kacper Suchora,M,POL,12/07/2025,?,https://www.parkrun.pl/mlynowkakrolewska/results/92/
1199,63,3b Half Marathon,1:43:54.00,Scott Jenkins,M,GBR,17/03/2024,0,https://www.strava.com/activities/10978093785
1200,63,3b 5km,0:30:20.00,EJ Coldham,F,GBR,19/12/2020,?,https://www.strava.com/activities/4491314701/overview
1201,62,3b 5km,0:21:30.00,James McDiarmid,M,GBR,27/01/2024,0,https://www.parkrun.org.uk/holyrood/results/73/
1202,62,3b 200m,0:00:32.75,Jack Levy,M,0,20/07/2011,?,IJA Database
1203,62,3b 200m,0:00:32.30,David Mlakar,M,0,20/07/2010,?,https://dev.juggle.org/history/champs/champs2010.php
1204,62,3b 200m,0:00:32.20,Jack Levy,M,0,20/07/2010,?,https://dev.juggle.org/history/champs/champs2010.php
1205,62,3b 200m,0:00:32.50,Joey Spicola,M,0,20/07/2010,?,https://dev.juggle.org/history/champs/champs2010.php
1206,62,3b 200m,0:00:32.40,Jeremy Stanley,M,0,14/07/2009,?,https://dev.juggle.org/history/champs/champs2009.php
1207,62,3b 200m,0:00:32.00,Jeremy Stanley,M,0,15/07/2008,?,https://dev.juggle.org/history/champs/champs2008.php
1208,62,3b 200m,0:00:32.94,Aaron Rosenberg,M,0,17/07/2007,?,https://dev.juggle.org/history/champs/champs2007.php
1209,62,3b 200m,0:00:32.94,Jeremy Stanley,M,0,17/07/2007,?,https://dev.juggle.org/history/champs/champs2007.php
1210,62,3b 200m,0:00:32.78,Anders Kierulf,M,0,18/07/2006,?,https://dev.juggle.org/history/champs/champs2006.php
1211,62,3b 200m,0:00:32.25,Marco Paoletti,M,0,18/07/2006,?,https://dev.juggle.org/history/champs/champs2006.php
1212,62,3b 200m,0:00:32.30,Barry Goldmeier,M,USA,17/07/2002,?,https://dev.juggle.org/history/champs/champs2002.php
1213,62,3b 200m,0:00:32.80,Andrew Swan,M,0,05/08/2000,?,https://dev.juggle.org/history/champs/champs2000.php
1214,62,3b 5km,0:30:22.00,Laurie Young,F,0,16/07/1988,?,http://www.juggling.org/orgs/ija/champs.txt
1215,62,4b 200m,0:00:32.70,Sterling Franklin,M,USA,2024,?,IJA Database
1216,62,3b 200m,0:00:32.80,Joel Hilchey,M,0,2021,?,IJA Database
1217,62,3b 200m,0:00:32.01,Matthew Feldman,M,USA,2021,?,IJA Database
1218,61,3b 5km,0:21:31.00,Scott Jenkins,M,GBR,11/07/2026,0,https://www.parkrun.org.uk/ganavan sands/results/426/
1219,61,3b 5km,0:21:31.00,Scott Jenkins,M,GBR,01/01/2026,0,https://www.parkrun.org.uk/riversideparkglenrothes/results/28/
1220,61,3b 5km,0:30:23.00,Juliane de Vries,F,DEU,04/08/2025,?,EJC results in Joggler's United Group
1221,61,3b 2 Miles,0:18:47.00,Karly Swaim,F,USA,08/06/2025,?,https://runsignup.com/Race/Photos/Location/SuperheroSprint2025/NJ/WallTwp/superherosprint
1222,61,3b Mile,0:06:13.66,Joe Lyons,M,0,25/07/2015,?,http://www.juggling.org/orgs/ija/champs.txt
1223,61,3b Marathon,3:50:07.00,Daniel Raum,M,AUT,31/05/2015,?,https://www.alphafoto.com/images.php?runID=637&sn=188        https://www.datasport.com/live/startlist/?racenr=21167
1224,61,3b Mile,0:06:13.00,Mickey Campaniello,M,0,06/08/1997,?,https://dev.juggle.org/history/champs/champs1997.php
1225,60,3b 5km,0:21:32.00,Kacper Suchora,M,POL,07/12/2024,?,https://www.parkrun.pl/mlynowkakrolewska/results/61/
1226,60,3b Marathon,3:50:15.00,Chris Edwin,M,GBR,10/10/2021,15,
1227,60,3b Marathon,3:50:21.00,Perry Romanowski,M,USA,11/01/2004,?,https://marathonview.net/result/61212976
1228,60,3b Half Marathon,1:44:07.80,Christoph Mitasch,M,AUT,2025,?,IJA Database
1229,59,3b 5km,0:21:34.00,Dan Berg,M,0,18/07/1981,?,https://dev.juggle.org/history/champs/champs1981.php
1230,58,3b 5km,0:21:35.00,Scott Jenkins,M,GBR,27/04/2024,0,https://www.parkrun.org.uk/stratfordparkstroud/results/152
1231,57,3b 5km,0:21:36.00,Scott Jenkins,M,GBR,21/12/2024,1,https://www.parkrun.org.uk/seafordbeach/results/217/
1232,57,3b 5km,0:21:36.00,Scott Jenkins,M,GBR,15/06/2024,0,https://www.parkrun.org.uk/lanarkmoor/results/214/
1233,57,3b Half Marathon,1:44:28.00,Scott Jenkins,M,GBR,16/07/2023,0,https://www.sportstimingsolutions.co.uk/rd.php?id=484
1234,57,3b 10km,0:47:01.00,Tim Butler,M,GBR,02/04/2007,?,
1235,57,3b 800m,0:02:45.80,Chris Essick,M,USA,13/07/2004,?,https://dev.juggle.org/history/champs/champs2004.php
1236,57,3b 800m,0:02:45.33,Daniel Raum,M,AUT,2025,?,IJA Database
1237,57,3b 800m,0:02:45.70,Christoph Mitasch,M,AUT,2021,?,IJA Database
1238,57,3b 800m,0:02:45.70,Daniel Raum,M,AUT,2021,?,IJA Database
1239,56,3b 5km,0:21:37.00,Scott Jenkins,M,GBR,15/11/2025,1,https://www.parkrun.org.uk/edinburgh/results/747
1240,56,3b 5km,0:30:36.00,Narelle Cabassi,F,AUS,06/01/2024,?,https://www.parkrun.com.au/zillmere/results/253/  https://www.instagram.com/p/C1vlY4tve-F/
1241,56,3b 5km,0:21:38.00,Jake Lodge,M,GBR,08/07/2023,?,https://www.parkrun.org.uk/stamfordpark/results/341/  https://www.strava.com/activities/9409921616
1242,56,3b 5km,0:21:38.00,James McDiarmid,M,GBR,24/06/2023,?,https://www.parkrun.org.uk/holyrood/results/44/
1243,56,3b 5km,0:21:37.00,Scott Jenkins,M,GBR,15/01/2022,?,
1244,56,3b Half Marathon,1:44:35.00,Jarek Widomski,M,POL,15/08/2019,0,
1245,56,3b 400m,0:01:37.70,Laura Schroeder,F,0,25/07/2015,?,IJA Database
1246,56,3b 400m,0:01:37.60,Alayna Bowlin,F,0,02/08/2014,?,IJA Database
1247,56,3b 400m,0:01:37.00,Sandy Brown,F,0,18/07/2006,?,https://dev.juggle.org/history/champs/champs2006.php
1248,56,3b 400m,0:01:37.60,Marion Caldwell,F,0,06/08/1997,?,https://dev.juggle.org/history/champs/champs1997.php
1249,56,3b 5km,0:21:37.00,Mickey Campaniello,M,0,06/08/1997,?,https://dev.juggle.org/history/champs/champs1997.php
1250,56,3b 5km,0:21:38.00,Keith Baker,M,0,20/07/1996,?,https://dev.juggle.org/history/champs/champs1996.php
1251,56,3b 400m,0:01:37.00,Meghan Cain,F,0,20/07/1996,?,https://dev.juggle.org/history/champs/champs1996.php
1252,55,3b Half Marathon,2:24:01.00,Karly Swaim,F,USA,06/04/2024,4,https://runsignup.com/Race/Results/28364/IndividualResult/gxbL?resultSetId=446846#U21578490
1253,55,3b Marathon,3:51:43.00,Chris Pert,M,USA,29/09/2013,4,https://acrotrekker.wordpress.com/tag/christopher-pert-joggler/
1254,55,3b Marathon,3:51:38.00,Perry Romanowski,M,USA,05/10/2003,?,
1255,55,3b 5km,0:21:39.00,Sydney McDonald,M,0,2018,?,https://sites.google.com/site/guelph5kjoggling/results
1256,54,3b 5km,0:21:40.00,Kacper Suchora,M,POL,09/11/2024,2,https://www.parkrun.pl/mlynowkakrolewska/results/57/
1257,54,3b 5km,0:30:40.00,Karly Swaim,F,USA,10/08/2024,0,https://runsignup.com/Race/Results/9735/IndividualResult/HZMq?resultSetId=478490#U21578490
1258,53,3b 5km,0:21:41.00,Jordan Evans,M,GBR,27/05/2017,?,https://www.strava.com/activities/1011523706
1259,53,3b 5km,0:21:41.40,Chris Merra,M,0,20/07/2011,?,IJA Database
1260,53,3b 15km,1:12:49.00,Levent Denizci,M,TUR,2013,7,Levent shared a pdf doc of his results
1261,52,3b 5km,0:30:45.00,Greta Vollmar,F,DEU,04/08/2025,?,EJC results in Joggler's United Group
1262,52,3b 5km,0:21:42.00,Kacper Suchora,M,POL,02/08/2025,?,https://www.parkrun.pl/ogrodsaski/results/246/
1263,52,3b 600m,0:01:59.60,Len Ferman,M,USA,29/06/2019,?,IJA Database
1264,51,3b Marathon,3:52:33.00,Chris Pert,M,USA,17/11/2013,2,https://marathonview.net/search?query=christopher%20pert
1265,51,3b Marathon,3:52:33.00,Tom Gounley,M,USA,16/04/2012,?,http://registration.baa.org/2012/cf/public/iframe_ResultsSearch.cfm?mode=results  https://www.youtube.com/watch?v=LYoont-ebxA
1266,50,3b 400m,0:01:12.93,Tamino Larisch,M,DEU,04/08/2026,?,https://drive.google.com/file/d/1XEZ6TLz2q2lpJ89CLP3F6wQBp5zFDskm/view?usp=sharing
1267,50,3b 400m,0:01:12.06,Karel Schuller,M,NLD,02/08/2026,?,https://drive.google.com/file/d/1XEZ6TLz2q2lpJ89CLP3F6wQBp5zFDskm/view?usp=sharing
1268,50,3b 400m,0:01:12.70,Sterling Franklin,M,USA,22/07/2023,?,IJA Database
1269,50,3b Mile,0:06:17.00,Koutaro Kawano,M,JPN,28/04/2021,?,https://www.strava.com/activities/5204608300
1270,50,3b 400m,0:01:12.10,Ben Fry,M,0,24/07/2018,?,IJA Database
1271,50,3b 400m,0:01:12.80,Mike Moore,M,USA,30/07/2016,?,IJA Database
1272,50,3b 800m,0:02:46.00,Daniel Raum,M,AUT,20/07/2013,?,IJA Database
1273,50,3b 400m,0:01:12.80,David Mlakar,M,0,20/07/2010,?,https://dev.juggle.org/history/champs/champs2010.php
1274,50,3b 400m,0:01:12.70,Jason Hollandsworth,M,0,15/07/2008,?,https://dev.juggle.org/history/champs/champs2008.php
1275,50,3b 400m,0:01:12.00,Ben Schoenberg,M,0,28/07/2001,?,https://dev.juggle.org/history/champs/champs2001.php
1276,50,3b 400m,0:01:12.24,Nathan Seedfeldt,M,0,28/07/2001,?,https://dev.juggle.org/history/champs/champs2001.php
1277,50,3b 400m,0:01:12.00,Bill Giduz,M,USA,20/07/1996,?,https://dev.juggle.org/history/champs/champs1996.php
1278,49,3b 5km,0:21:47.00,Scott Jenkins,M,GBR,19/11/2022,0,https://www.strava.com/activities/8138686226
1279,48,3b 5km,0:21:48.00,Scott Jenkins,M,GBR,01/02/2025,0,https://www.strava.com/activities/13507568344
1280,48,3b Mile,0:06:18.00,Calvin Staley,M,USA,01/03/2024,4,https://youtu.be/ckLU3dX1R6o?si=Jih0hpTUyRnfc8RD
1281,48,3b 400m,0:01:38.00,Kaylyn Schull,F,0,22/07/2023,?,IJA Database
1282,48,3b Half Marathon,1:45:28.00,Jake Lodge,M,GBR,22/02/2023,?,https://www.strava.com/activities/8602663011
1283,48,3b 400m,0:01:38.30,Heather Marriott,F,USA,20/07/2010,?,https://dev.juggle.org/history/champs/champs2010.php
1284,47,3b Marathon,3:53:37.00,Tim Butler,M,GBR,04/08/2024,?,Marathon #99: https://www.joggling.co.uk/Marathon-List
1285,47,3b 5km,0:21:49.40,Billy Gillen,M,USA,20/07/1991,?,http://www.juggling.org/orgs/ija/champs.txt
1286,46,3b 5km,0:21:51.00,Eivind Dragsjo,M,NOR,04/08/2025,?,EJC results in Joggler's United Group
1287,46,3b 800m,0:03:44.00,Maggie Armstrong,F,0,21/07/2012,?,IJA Database
1288,46,3b 5km,0:21:50.00,Perry Romanowski,M,USA,15/07/2008,?,https://dev.juggle.org/history/champs/champs2008.php
1289,45,3b 200m,0:00:41.53,Amanda Richter,F,0,14/07/2009,?,https://dev.juggle.org/history/champs/champs2009.php
1290,45,3b 200m,0:00:41.34,Heather Marriott,F,USA,17/07/2007,?,https://dev.juggle.org/history/champs/champs2007.php
1291,44,3b Half Marathon,1:46:03.00,John Dombach,M,USA,02/03/2024,3,https://www.strava.com/activities/10875180286
1292,44,3b 800m,0:02:47.70,Len Ferman,M,USA,24/07/2018,?,IJA Database
1293,44,3b 5km,0:31:05.20,Bekah Smith,F,USA,09/11/2013,?,https://www.broomfieldenterprise.com/2013/11/11/jogglers-hit-broomfield-trails-to-set-world-record/  https://www.webscorer.com/racedetails?raceid=15527  https://recordsetter.com/world-record/people-running-5k-race-while-juggling/33978?autoplay=false
1294,44,3b 800m,0:02:47.10,Kyle Barrett,M,0,18/07/2006,?,https://dev.juggle.org/history/champs/champs2006.php
1295,43,3b 5km,0:21:55.00,Andreas Kramer,M,DEU,04/08/2025,?,EJC results in Joggler's United Group
1296,43,3b 10km,0:47:42.00,John Jervis,M,GBR,17/07/2019,7,https://www.runbritainrankings.com/results/results.aspx?meetingid=297940&event=10KMT&venue=Bungay&date=17-Jul-19
1297,43,3b Mile,0:08:39.00,Heather Marriott,F,USA,30/07/2016,?,IJA Database
1298,42,3b 5km,0:21:56.00,Kacper Suchora,M,POL,18/07/2024,1,https://itmbw.pl/itmbwieczorem-wyniki?id=604
1299,42,3b 10km,0:47:45.00,Riley McLincha,M,USA,31/05/2003,6,https://www.athlinks.com/event/28458/results/Event/59571/Course/362940/Entry/139702147
1300,42,3b 5km,0:21:57.00,Sterling Franklin,M,USA,2023,?,IJA Database
1301,41,3b 5km,0:21:58.00,Jake Lodge,M,GBR,19/08/2023,2,https://www.strava.com/activities/9677079696 https://www.parkrun.org.uk/huddersfield/results/547/
1302,41,3b Marathon,3:55:31.00,Daniel Raum,M,AUT,18/09/2016,?,https://seenlandmarathon2016.racepedia.de/ergebnisse/1136
1303,40,3b 5km,0:22:00.00,Kacper Suchora,M,POL,03/02/2024,2,https://www.parkrun.pl/krakow/results/500/
1304,40,3b 400m,0:01:39.50,Sydney Paugh,F,0,20/07/2011,?,IJA Database
1305,40,3b 400m,0:01:39.00,Joanne Swaim,F,0,24/07/1993,?,http://www.juggling.org/orgs/ija/champs.txt
1306,39,3b 100m,0:00:20.81,Fiona Verscheure,F,BEL,06/08/2026,?,https://drive.google.com/file/d/1qnrcWsPurOdbl_2fbmmvB_rNF_XWH7Ph/view?usp=sharing
1307,39,3b 100m,0:00:20.91,Karly Swaim,F,USA,06/08/2026,?,https://drive.google.com/file/d/1qnrcWsPurOdbl_2fbmmvB_rNF_XWH7Ph/view?usp=sharing
1308,39,3b 100m,0:00:20.44,Fiona Verscheure,F,BEL,04/08/2026,?,https://drive.google.com/file/d/1XEZ6TLz2q2lpJ89CLP3F6wQBp5zFDskm/view?usp=sharing
1309,39,3b 100m,0:00:20.78,Yasmin Stohr,F,DEU,04/08/2026,?,https://drive.google.com/file/d/1XEZ6TLz2q2lpJ89CLP3F6wQBp5zFDskm/view?usp=sharing
1310,39,3b 100m,0:00:20.50,Yasmin Stohr,F,DEU,04/08/2026,?,https://drive.google.com/file/d/1XEZ6TLz2q2lpJ89CLP3F6wQBp5zFDskm/view?usp=sharing
1311,39,3b 100m,0:00:20.84,Karly Swaim,F,USA,03/08/2026,?,https://drive.google.com/file/d/1XEZ6TLz2q2lpJ89CLP3F6wQBp5zFDskm/view?usp=sharing
1312,39,3b 100m,0:00:20.97,Yasmin Stohr,F,DEU,03/08/2026,?,https://drive.google.com/file/d/1XEZ6TLz2q2lpJ89CLP3F6wQBp5zFDskm/view?usp=sharing
1313,39,3b 100m,0:00:20.53,Yasmin Stohr,F,DEU,03/08/2026,?,https://drive.google.com/file/d/1XEZ6TLz2q2lpJ89CLP3F6wQBp5zFDskm/view?usp=sharing
1314,39,3b 100m,0:00:20.98,Christina-Anna Senser,F,DEU,09/08/2025,?,EJC results in Joggler's United Group
1315,39,3b 5km,0:31:19.00,Karly Swaim,F,USA,11/11/2023,0,https://runsignup.com/Race/Results/67106/IndividualResult/qHBS?resultSetId=423230#U21578490
1316,39,3b 100m,0:00:20.50,Anna Kruk,F,POL,30/07/2023,?,https://www.joggling.pl/joggling-competitionszawody/2023-lublin-open.html
1317,39,3b 100m,0:00:20.82,Kaylin Meyers,F,USA,14/05/2022,0,https://www.youtube.com/shorts/bB0j1avE8g4
1318,39,3b 100m,0:00:20.12,Gabrielle Foran,F,CAN,30/07/2016,?,IJA Database
1319,39,3b 100m,0:00:20.99,Laura Schroeder,F,0,25/07/2015,?,IJA Database
1320,39,3b 100m,0:00:20.90,Riga Moettus,F,USA,02/08/2014,?,IJA Database
1321,39,3b 100m,0:00:20.46,Alayna Bowlin,F,0,20/07/2011,?,IJA Database
1322,39,3b 100m,0:00:20.10,Heather Marriott,F,USA,20/07/2010,?,https://dev.juggle.org/history/champs/champs2010.php
1323,39,3b 100m,0:00:20.10,Heather Marriott,F,USA,15/07/2008,?,https://dev.juggle.org/history/champs/champs2008.php
1324,39,3b 100m,0:00:20.53,Heather Marriott,F,USA,17/07/2007,?,https://dev.juggle.org/history/champs/champs2007.php
1325,39,3b 100m,0:00:20.70,Lauren Rice,F,0,18/07/2006,?,https://dev.juggle.org/history/champs/champs2006.php
1326,39,3b 100m,0:00:20.80,Heather Marriott,F,USA,06/08/1997,?,https://dev.juggle.org/history/champs/champs1997.php
1327,39,3b 100m,0:00:20.10,Laura Green,F,0,20/07/1996,?,https://dev.juggle.org/history/champs/champs1996.php
1328,39,3b 100m,0:00:20.70,Joanne Swaim,F,0,24/07/1993,?,http://www.juggling.org/orgs/ija/champs.txt
1329,39,3b 100m,0:00:20.16,Sandy Amass,F,0,20/07/1991,?,http://www.juggling.org/orgs/ija/champs.txt
1330,39,3b 100m,0:00:20.82,Kaylin Meyers,F,USA,2022,?,IJA Database
1331,38,3b 5km,0:22:03.00,Tamino Larisch,M,DEU,04/08/2025,?,EJC results in Joggler's United Group
1332,38,3b 5km,0:22:03.00,Jordan Evans,M,GBR,21/12/2019,2,https://www.strava.com/activities/2971205774
1333,38,3b 800m,0:02:48.00,Chris Merra,M,0,20/07/2011,?,IJA Database
1334,37,3b 5km,0:31:25.00,Juliane de Vries,F,DEU,30/07/2023,?,https://www.joggling.pl/joggling-competitionszawody/2023-lublin-open.html
1335,37,3b Marathon,3:56:34.00,Perry Romanowski,M,USA,22/10/2017,?,https://marathonview.net/result/51051873
1336,36,3b 400m,0:01:13.97,Vasek Peca,M,CZE,06/08/2026,?,https://drive.google.com/file/d/1qnrcWsPurOdbl_2fbmmvB_rNF_XWH7Ph/view?usp=sharing
1337,36,3b 400m,0:01:13.47,Vasek Peca,M,CZE,04/08/2026,?,https://drive.google.com/file/d/1XEZ6TLz2q2lpJ89CLP3F6wQBp5zFDskm/view?usp=sharing
1338,36,3b 400m,0:01:13.87,Shimon Levikov,M,DEU,03/08/2026,?,https://drive.google.com/file/d/1XEZ6TLz2q2lpJ89CLP3F6wQBp5zFDskm/view?usp=sharing
1339,36,3b 600m,0:02:01.90,Adam Hellman,M,0,29/06/2019,?,IJA Database
1340,36,3b 400m,0:01:13.60,Mike Moore,M,USA,15/07/2017,?,IJA Database
1341,36,3b 400m,0:01:13.60,Mike Moore,M,USA,25/07/2015,?,IJA Database
1342,36,3b Half Marathon,1:47:04.00,Ivan Schleppenbach,M,USA,18/05/2013,?,https://www.mtecresults.com/runner/show?race=1386&rid=6886
1343,36,3b 400m,0:01:13.70,Andrew Hodge,M,0,20/07/2011,?,IJA Database
1344,36,3b 400m,0:01:13.10,Tim Hark,M,0,20/07/2010,?,https://dev.juggle.org/history/champs/champs2010.php
1345,36,3b 800m,0:03:47.00,Heather Marriott,F,USA,14/07/2009,?,https://dev.juggle.org/history/champs/champs2009.php
1346,36,3b 400m,0:01:13.00,Tim Hark,M,0,15/07/2008,?,https://dev.juggle.org/history/champs/champs2008.php
1347,36,3b Marathon,3:56:56.00,Perry Romanowski,M,USA,28/05/2006,?,
1348,36,3b 800m,0:03:47.41,Nicole Deese,F,0,19/07/2005,?,https://dev.juggle.org/history/champs/champs2005.php
1349,36,3b 400m,0:01:13.30,Richard Courter,M,0,24/07/1993,?,http://www.juggling.org/orgs/ija/champs.txt
1350,36,3b Mile,0:08:44.60,Kay Caskey,F,0,21/07/1990,?,http://www.juggling.org/orgs/ija/champs.txt
1351,36,3b Marathon,3:57:00.00,Michel Lauziere,M,CAN,30/05/1982,?,Email exchange
1352,36,3b 400m,0:01:13.90,Matthew Feldman,M,USA,2021,?,IJA Database
1353,35,3b 5km,0:22:07.00,Kacper Suchora,M,POL,07/06/2025,?,https://www.parkrun.pl/mlynowkakrolewska/results/87/
1354,35,3b Mile,0:08:45.11,Kay Caskey,F,0,25/07/2015,?,http://www.juggling.org/orgs/ija/champs.txt
1355,34,3b 5km,0:22:08.00,Scott Jenkins,M,GBR,29/01/2022,?,
1356,34,3b 5km,0:22:09.20,Joe Lyons,M,0,20/07/1991,?,http://www.juggling.org/orgs/ija/champs.txt
1357,33,3b 400m,0:01:40.66,Yasmin Stohr,F,DEU,06/08/2026,?,https://drive.google.com/file/d/1qnrcWsPurOdbl_2fbmmvB_rNF_XWH7Ph/view?usp=sharing
1358,33,3b 400m,0:01:40.59,Karly Swaim,F,USA,03/08/2026,?,https://drive.google.com/file/d/1XEZ6TLz2q2lpJ89CLP3F6wQBp5zFDskm/view?usp=sharing
1359,33,3b 10km,0:48:18.00,David Tate,M,USA,12/07/2024,?,"https://results.raceroster.com/v2/en-US/results/yxugjq5r2whcfb2x/results?subEvent=205190&page=1

https://x.com/dren_braves/status/1812121270382936405?t=Ebi1nkjCJN84V-ylG4HjHA&s=19"
1360,33,3b 5km,0:22:10.00,Kacper Suchora,M,POL,30/12/2023,3,https://www.parkrun.pl/parkimjanapawlaii/results/149/
1361,33,3b Marathon,3:57:48.00,Trevor McQuay,M,USA,25/09/2022,?,https://omaharun.org/wp-content/uploads/2022/10/ORCNewsletter_Fall-2022.pdf
1362,33,3b Mile,0:06:24.00,Jake Lodge,M,GBR,09/08/2022,?,https://my.raceresult.com/214433/results  https://www.strava.com/activities/7610827072
1363,33,3b 400m,0:01:40.40,Anna Voelker,F,0,20/07/2013,?,IJA Database
1364,33,3b Marathon,3:58:05.00,Perry Romanowski,M,USA,10/04/2011,?,https://marathonview.net/result/43416935
1365,33,3b 800m,0:02:49.80,Paul Arneberg,M,0,20/07/2010,?,https://dev.juggle.org/history/champs/champs2010.php
1366,33,3b 800m,0:02:49.72,David Ferman,M,USA,17/07/2007,?,https://dev.juggle.org/history/champs/champs2007.php
1367,32,3b 5km,0:22:12.00,Jake Lodge,M,GBR,15/07/2023,4,https://www.parkrun.org.uk/huddersfield/results/543/ https://www.strava.com/activities/9454005319
1368,32,3b Half Marathon,1:47:39.00,Scott Jenkins,M,GBR,04/06/2023,0,https://www.strava.com/activities/9200562937  https://www.corkathletics.org/latest-results/2023/434-june/2907-cork-city-half-marathon-results-june-2023.html
1369,32,3b 10km,0:48:21.00,Ferda Tekgul,M,TUR,04/04/2021,?,https://event.spor.istanbul/eventresults.aspx
1370,32,3b 10km,0:48:22.00,Jarek Widomski,M,POL,11/11/2019,?,
1371,32,3b Marathon,3:58:10.00,Perry Romanowski,M,USA,06/11/2005,?,https://marathonview.net/result/31146807
1372,31,3b 5km,0:31:41.00,Karly Swaim,F,USA,15/11/2024,2,https://runsignup.com/Race/Results/67106/IndividualResult/BgJT?resultSetId=510695#U21578490
1373,31,3b 5km,0:22:14.00,Piotr Maciejewski,M,POL,30/07/2023,?,https://www.joggling.pl/joggling-competitionszawody/2023-lublin-open.html
1374,31,3b 5km,0:22:13.00,Scott Jenkins,M,GBR,01/10/2022,0,https://www.strava.com/activities/7893388827
1375,31,3b 5km,0:22:14.00,Scott Jenkins,M,GBR,25/12/2021,?,
1376,31,3b 200m,0:00:33.70,Ilia Poliakov,M,ISR,25/7/2021,?,https://vk.com/wall-16055255_8154
1377,31,3b 200m,0:00:33.21,Kyle Albrecht,M,USA,29/06/2019,?,IJA Database
1378,31,3b 200m,0:00:33.81,Len Ferman,M,USA,29/06/2019,?,IJA Database
1379,31,3b 200m,0:00:33.86,Anders Kierulf,M,0,20/07/2011,?,IJA Database
1380,31,3b 200m,0:00:33.00,Anders Kierulf,M,0,20/07/2010,?,https://dev.juggle.org/history/champs/champs2010.php
1381,31,3b 200m,0:00:33.30,Kevin Giblin,M,0,20/07/2010,?,https://dev.juggle.org/history/champs/champs2010.php
1382,31,3b 200m,0:00:33.49,Anders Kierulf,M,0,14/07/2009,?,https://dev.juggle.org/history/champs/champs2009.php
1383,31,3b 200m,0:00:33.16,Len Ferman,M,USA,14/07/2009,?,https://dev.juggle.org/history/champs/champs2009.php
1384,31,3b 200m,0:00:33.06,Tao Wei,M,0,15/07/2008,?,https://dev.juggle.org/history/champs/champs2008.php
1385,31,3b 200m,0:00:33.10,Anders Kierulf,M,0,17/07/2007,?,https://dev.juggle.org/history/champs/champs2007.php
1386,31,3b 200m,0:00:33.28,Greg Warrington,M,0,17/07/2007,?,https://dev.juggle.org/history/champs/champs2007.php
1387,31,3b Mile,0:06:25.00,Jim Shellard,M,0,24/07/1993,?,http://www.juggling.org/orgs/ija/champs.txt
1388,31,3b Marathon,3:58:43.00,Albert Lucas,M,USA,01/11/1987,?,His second joggling marathon. http://www.juggling.org/jw/87/4/notes.html
1389,31,4b 200m,0:00:33.80,Sterling Franklin,M,USA,2025,?,IJA Database
1390,31,4b 200m,0:00:33.94,Sterling Franklin,M,USA,2023,?,IJA Database
1391,31,4b 200m,0:00:33.50,Stephan Cipra,M,DEU,2021,?,IJA Database
1392,30,3b 10km,0:48:30.00,Ricco Visser,M,ZAF,20/07/2024,7,Results: https://runningcalendar.co.za/events/makro-10km-road-race/2024/results  Photos: https://www.facebook.com/photo/?fbid=1044895760972333&set=a.1044856174309625 
1393,30,3b 800m,0:03:49.30,Heather Marriott,F,USA,22/07/2023,?,IJA Database
1394,30,3b 5km,0:22:15.00,Scott Jenkins,M,GBR,02/10/2021,?,
1395,30,3b 5km,0:22:16.00,Scott Jenkins,M,GBR,04/09/2021,?,
1396,30,3b Marathon,3:59:00.00,Perry Romanowski,M,USA,07/10/2007,?,https://chicago-history.r.mikatiming.com/2021/?pid=search
1397,29,3b 5km,0:22:17.00,Scott Jenkins,M,GBR,27/12/2025,0,https://www.parkrun.org.uk/auldcathie district/results/150/
1398,28,3b 5km,0:22:19.00,Scott Jenkins,M,GBR,08/07/2023,0,https://www.parkrun.org.uk/standrews/results/489/
1399,28,3b 5km,0:22:19.00,James McDiarmid,M,GBR,10/06/2023,6,https://www.parkrun.org.uk/holyrood/results/42/
1400,28,3c 5km,0:31:53.00,Karly Swaim,F,USA,10/06/2023,11,https://my.raceresult.com/246738/results#1_61E9DE
1401,28,3b Marathon,3:59:49.00,Perry Romanowski,M,USA,09/10/2022,?,https://chicago-history.r.mikatiming.com/2021/?pid=search
1402,28,3b 5km,0:22:19.00,Toon Witters,M,BEL,24/04/2021,15,https://www.strava.com/activities/5182010335
1403,28,3b Marathon,3:59:46.00,Daniel Raum,M,AUT,22/04/2018,?,https://services.datasport.com/2018/lauf/zuerich/alfar.htm
1404,28,3b 800m,0:02:50.00,Mark Fiore,M,USA,20/07/2013,?,IJA Database
1405,28,3b 800m,0:02:50.80,Paul Arneberg,M,0,20/07/2011,?,IJA Database
1406,28,3b 800m,0:02:50.68,Christoph Mitasch,M,AUT,17/07/2007,?,https://dev.juggle.org/history/champs/champs2007.php
1407,28,3b 800m,0:02:50.78,Matt Hall,M,USA,17/07/2007,?,https://dev.juggle.org/history/champs/champs2007.php
1408,28,3b 800m,0:02:50.60,Brady Xue,M,USA,2022,?,IJA Database
1409,27,3b 400m,0:01:41.91,Verena Rau,F,DEU,06/08/2026,?,https://drive.google.com/file/d/1qnrcWsPurOdbl_2fbmmvB_rNF_XWH7Ph/view?usp=sharing
1410,27,3b 400m,0:01:41.38,Christina-Anna Senser,F,DEU,02/08/2026,?,https://drive.google.com/file/d/1XEZ6TLz2q2lpJ89CLP3F6wQBp5zFDskm/view?usp=sharing
1411,27,3b 400m,0:01:41.94,Yvonne Burchartz,F,DEU,02/08/2026,?,https://drive.google.com/file/d/1XEZ6TLz2q2lpJ89CLP3F6wQBp5zFDskm/view?usp=sharing
1412,27,3b 5km,0:22:20.00,Kacper Suchora,M,POL,27/07/2024,2,https://www.parkrun.pl/ogrodsaski/results/192/
1413,27,3b 400m,0:01:41.32,Anna Kruk,F,POL,30/07/2023,?,https://www.joggling.pl/joggling-competitionszawody/2023-lublin-open.html
1414,27,3b 5km,0:22:21.00,Jake Lodge,M,GBR,14/01/2023,4,https://www.strava.com/activities/8390331189  https://www.parkrun.org.uk/brighouse/results/231/
1415,27,3b 800m,0:03:50.20,Rebecca Moore,F,0,15/07/2017,?,IJA Database
1416,27,3b 200m,0:00:42.82,Sydney Paugh,F,0,20/07/2011,?,IJA Database
1417,27,3b 200m,0:00:42.10,Heather Marriott,F,USA,20/07/2010,?,https://dev.juggle.org/history/champs/champs2010.php
1418,27,3b 400m,0:01:41.11,Amanda Richter,F,0,14/07/2009,?,https://dev.juggle.org/history/champs/champs2009.php
1419,27,3b Marathon,3:59:51.00,Perry Romanowski,M,USA,06/06/2004,?,https://marathonview.net/result/60090344
1420,27,3b Mile,0:06:27.01,Andrew Swan,M,0,28/07/2001,?,https://dev.juggle.org/history/champs/champs2001.php
1421,27,3b 5km,0:22:21.00,Jamie Whoolery,M,0,30/07/1999,?,IJA Database
1422,27,3b 400m,0:01:41.00,Joanne Swaim,F,0,30/07/1999,?,IJA Database
1423,27,3b 200m,0:00:42.00,Skye Jerpbak,F,0,2022,?,IJA Database
1424,26,3b 5km,0:22:23.00,Kacper Suchora,M,POL,19/10/2024,?,https://www.parkrun.pl/mlynowkakrolewska/results/54/
1425,26,3b 5km,0:22:22.00,Scott Jenkins,M,GBR,24/09/2022,?,https://www.strava.com/activities/7858042399
1426,26,3b 5km,0:22:22.00,Scott Jenkins,M,GBR,12/03/2022,?,
1427,25,3b 400m,0:01:14.38,Finn Mertens,M,BEL,06/08/2026,?,https://drive.google.com/file/d/1qnrcWsPurOdbl_2fbmmvB_rNF_XWH7Ph/view?usp=sharing
1428,25,3b 400m,0:01:14.25,Samuel Tittelein,M,FRA,02/08/2026,?,https://drive.google.com/file/d/1XEZ6TLz2q2lpJ89CLP3F6wQBp5zFDskm/view?usp=sharing
1429,25,3b 400m,0:01:14.88,Shimon Levikov,M,DEU,02/08/2026,?,https://drive.google.com/file/d/1XEZ6TLz2q2lpJ89CLP3F6wQBp5zFDskm/view?usp=sharing
1430,25,3b 5km,0:32:03.00,Karly Swaim,F,USA,16/08/2025,?,https://www.parkrun.org.uk/oriam/results/209/
1431,25,3b 400m,0:01:14.17,Finn Mertens,M,BEL,09/08/2025,?,EJC results in Joggler's United Group
1432,25,3b 400m,0:01:14.48,Kevin Niittyviita,M,FIN,09/08/2025,?,EJC results in Joggler's United Group
1433,25,3b 400m,0:01:14.67,Robbe Mertens,M,BEL,09/08/2025,?,EJC results in Joggler's United Group
1434,25,3b 400m,0:01:14.63,Jacob Cowan,M,0,19/07/2025,?,IJA Database
1435,25,3b 5km,0:22:24.00,Kacper Suchora,M,POL,03/08/2024,2,https://www.parkrun.pl/mlynowkakrolewska/results/latestresults/
1436,25,3b 400m,0:01:14.22,Sebastian Siwiec,M,POL,30/07/2023,?,https://www.joggling.pl/joggling-competitionszawody/2023-lublin-open.html
1437,25,3b 400m,0:01:14.70,Thomas Boiteux,M,FRA,30/07/2023,?,https://www.joggling.pl/joggling-competitionszawody/2023-lublin-open.html
1438,25,3b Half Marathon,1:48:43.00,Scott Boehret,M,USA,23/04/2023,1,https://runsignup.com/Race/Results/11383/?customResultsPageId=61903&segmentId=406332&row=261
1439,25,3b 400m,0:01:14.30,Jacob Heimer,M,0,15/07/2017,?,IJA Database
1440,25,3b 400m,0:01:14.90,Ben Thompson,M,0,02/08/2014,?,IJA Database
1441,25,3b 400m,0:01:14.80,Jared Janssen,M,0,02/08/2014,?,IJA Database
1442,25,3b Marathon,4:00:43.00,Richard Ross,M,USA,07/04/2013,?,https://marathonview.net/result/66848234
1443,25,3b 400m,0:01:14.80,Michael Barreto,M,0,20/07/2011,?,IJA Database
1444,25,3b 400m,0:01:14.50,Paul Arneberg,M,0,20/07/2010,?,https://dev.juggle.org/history/champs/champs2010.php
1445,25,3b 400m,0:01:14.81,Paul Arneberg,M,0,14/07/2009,?,https://dev.juggle.org/history/champs/champs2009.php
1446,25,3b 400m,0:01:14.91,Greg Warrington,M,0,17/07/2007,?,https://dev.juggle.org/history/champs/champs2007.php
1447,25,3b 400m,0:01:14.00,Chris Essick,M,USA,19/07/2005,?,https://dev.juggle.org/history/champs/champs2005.php
1448,25,3b 400m,0:01:14.11,Mike Draney,M,0,28/07/2001,?,https://dev.juggle.org/history/champs/champs2001.php
1449,25,3b 400m,0:01:14.59,Mark Cembrowski,M,0,05/08/2000,?,https://dev.juggle.org/history/champs/champs2000.php
1450,25,3b 400m,0:01:14.00,Nate Seefeldt,M,0,30/07/1999,?,IJA Database
1451,25,3b 400m,0:01:14.20,Darin Marriott,M,USA,15/07/1998,?,IJA Database
1452,24,3b 100m,0:00:16.37,Kevin Niittyviita,M,FIN,06/08/2026,?,https://drive.google.com/file/d/1qnrcWsPurOdbl_2fbmmvB_rNF_XWH7Ph/view?usp=sharing
1453,24,3c 100m,0:00:16.85,Kevin Niittyviita,M,FIN,06/08/2026,?,https://drive.google.com/file/d/1qnrcWsPurOdbl_2fbmmvB_rNF_XWH7Ph/view?usp=sharing
1454,24,3c 100m,0:00:16.01,Stijn Westerbeek,M,NLD,06/08/2026,?,https://drive.google.com/file/d/1qnrcWsPurOdbl_2fbmmvB_rNF_XWH7Ph/view?usp=sharing
1455,24,3b 100m,0:00:16.15,Timothy Ross,M,USA,06/08/2026,?,https://drive.google.com/file/d/1qnrcWsPurOdbl_2fbmmvB_rNF_XWH7Ph/view?usp=sharing
1456,24,3b 100m,0:00:16.09,Vojtech Holicky,M,CZE,06/08/2026,?,https://drive.google.com/file/d/1qnrcWsPurOdbl_2fbmmvB_rNF_XWH7Ph/view?usp=sharing
1457,24,3b 100m,0:00:16.47,Ben-Janning Hackbarth,M,DEU,04/08/2026,?,https://drive.google.com/file/d/1XEZ6TLz2q2lpJ89CLP3F6wQBp5zFDskm/view?usp=sharing
1458,24,3b 100m,0:00:16.90,Krzysztof Riewold,M,POL,04/08/2026,?,https://drive.google.com/file/d/1XEZ6TLz2q2lpJ89CLP3F6wQBp5zFDskm/view?usp=sharing
1459,24,3c 100m,0:00:16.63,Stijn Westerbeek,M,NLD,04/08/2026,?,https://drive.google.com/file/d/1XEZ6TLz2q2lpJ89CLP3F6wQBp5zFDskm/view?usp=sharing
1460,24,3b 100m,0:00:16.68,Bence Onodi,M,HUN,03/08/2026,?,https://drive.google.com/file/d/1XEZ6TLz2q2lpJ89CLP3F6wQBp5zFDskm/view?usp=sharing
1461,24,3c 100m,0:00:16.63,David Lohuis,M,DEU,03/08/2026,?,https://drive.google.com/file/d/1XEZ6TLz2q2lpJ89CLP3F6wQBp5zFDskm/view?usp=sharing
1462,24,3b 100m,0:00:16.97,Jan Marc Daumin,M,DEU,03/08/2026,?,https://drive.google.com/file/d/1XEZ6TLz2q2lpJ89CLP3F6wQBp5zFDskm/view?usp=sharing
1463,24,3b 100m,0:00:16.36,Junya Inoue,M,JPN,03/08/2026,?,https://drive.google.com/file/d/1XEZ6TLz2q2lpJ89CLP3F6wQBp5zFDskm/view?usp=sharing
1464,24,3b 100m,0:00:16.38,Kevin Niittyviita,M,FIN,03/08/2026,?,https://drive.google.com/file/d/1XEZ6TLz2q2lpJ89CLP3F6wQBp5zFDskm/view?usp=sharing
1465,24,3b 100m,0:00:16.10,Luca Pferdmenges,M,DEU,03/08/2026,?,https://drive.google.com/file/d/1XEZ6TLz2q2lpJ89CLP3F6wQBp5zFDskm/view?usp=sharing
1466,24,3b 100m,0:00:16.91,Pavol Hlavaty,M,SVK,03/08/2026,?,https://drive.google.com/file/d/1XEZ6TLz2q2lpJ89CLP3F6wQBp5zFDskm/view?usp=sharing
1467,24,3c 100m,0:00:16.94,Tamino Larisch,M,DEU,03/08/2026,?,https://drive.google.com/file/d/1XEZ6TLz2q2lpJ89CLP3F6wQBp5zFDskm/view?usp=sharing
1468,24,3b 100m,0:00:16.68,Uros Marolt,M,SVN,03/08/2026,?,https://drive.google.com/file/d/1XEZ6TLz2q2lpJ89CLP3F6wQBp5zFDskm/view?usp=sharing
1469,24,3b 100m,0:00:16.82,Alistair Richards,M,GBR,02/08/2026,?,https://drive.google.com/file/d/1XEZ6TLz2q2lpJ89CLP3F6wQBp5zFDskm/view?usp=sharing
1470,24,3b 100m,0:00:16.35,Joe Kara,M,AUS,02/08/2026,?,https://drive.google.com/file/d/1XEZ6TLz2q2lpJ89CLP3F6wQBp5zFDskm/view?usp=sharing
1471,24,3c 100m,0:00:16.66,Karel Schuller,M,NLD,02/08/2026,?,https://drive.google.com/file/d/1XEZ6TLz2q2lpJ89CLP3F6wQBp5zFDskm/view?usp=sharing
1472,24,3b 100m,0:00:16.59,Matteo Sicamois,M,ITA,02/08/2026,?,https://drive.google.com/file/d/1XEZ6TLz2q2lpJ89CLP3F6wQBp5zFDskm/view?usp=sharing
1473,24,3b 100m,0:00:16.91,Matteo Sicamois,M,ITA,02/08/2026,?,https://drive.google.com/file/d/1XEZ6TLz2q2lpJ89CLP3F6wQBp5zFDskm/view?usp=sharing
1474,24,3b 100m,0:00:16.85,Samuel Tittelein,M,FRA,02/08/2026,?,https://drive.google.com/file/d/1XEZ6TLz2q2lpJ89CLP3F6wQBp5zFDskm/view?usp=sharing
1475,24,3b 100m,0:00:16.31,Timothy Ross,M,USA,02/08/2026,?,https://drive.google.com/file/d/1XEZ6TLz2q2lpJ89CLP3F6wQBp5zFDskm/view?usp=sharing
1476,24,3b 100m,0:00:16.47,Timothy Ross,M,USA,02/08/2026,?,https://drive.google.com/file/d/1XEZ6TLz2q2lpJ89CLP3F6wQBp5zFDskm/view?usp=sharing
1477,24,3b 100m,0:00:16.95,Chris Edwin,M,GBR,17/05/2026,0,https://youtu.be/-gnFLehz9Kw?si=3YVP1UssuSCdt4B3
1478,24,3b 100m,0:00:16.17,Cajus Fahrenkamp,M,DEU,09/08/2025,?,EJC results in Joggler's United Group
1479,24,3b 100m,0:00:16.35,Eyal Bor,M,MEX,09/08/2025,?,EJC results in Joggler's United Group
1480,24,3c 100m,0:00:16.98,Karel Schuller,M,NLD,09/08/2025,?,EJC results in Joggler's United Group
1481,24,3b 100m,0:00:16.47,Kaupo Pilder,M,EST,09/08/2025,?,EJC results in Joggler's United Group
1482,24,3b 100m,0:00:16.29,Krzysztof Riewold,M,POL,09/08/2025,?,EJC results in Joggler's United Group
1483,24,3b 100m,0:00:16.81,Marvin Kuster,M,DEU,09/08/2025,?,EJC results in Joggler's United Group
1484,24,3b 100m,0:00:16.42,Nathan Nard,M,0,19/07/2025,?,IJA Database
1485,24,3b 100m,0:00:16.11,Jake Lodge,M,GBR,21/04/2024,0,Manually recorded
1486,24,4b 100m,0:00:16.42,Scott Jenkins,M,GBR,20/04/2024,0,Manually recorded by Chris Edwin
1487,24,3b 100m,0:00:16.37,Draco Tong,M,0,22/07/2023,?,IJA Database
1488,24,3b 100m,0:00:16.45,Jacob Heimer,M,0,22/07/2023,?,IJA Database
1489,24,3b 1000m,0:03:45.00,Yaroshenko Stepan,M,RUS,25/7/2021,?,https://vk.com/wall-16055255_8154
1490,24,3b Marathon,4:01:12.00,Nigel Wakita,M,CAN,05/05/2019,6,https://www.instagram.com/p/BxGYO6IgjoJ/?hl=en
1491,24,3b 100m,0:00:16.77,Bennett Santora,M,0,24/07/2018,?,IJA Database
1492,24,3b 100m,0:00:16.18,Garrett Borawski,M,0,24/07/2018,?,IJA Database
1493,24,3b 100m,0:00:16.93,Isaac Cantor,M,0,24/07/2018,?,IJA Database
1494,24,3b 100m,0:00:16.50,Peter Holmquist,M,0,24/07/2018,?,IJA Database
1495,24,3b 100m,0:00:16.34,Mike Moore,M,USA,15/07/2017,?,IJA Database
1496,24,3b 100m,0:00:16.38,Peter Holmquist,M,0,15/07/2017,?,IJA Database
1497,24,3b 100m,0:00:16.09,Jeff Lutkus,M,USA,30/07/2016,?,IJA Database
1498,24,3b 100m,0:00:16.78,Neil Jordan,M,0,30/07/2016,?,IJA Database
1499,24,3b 100m,0:00:16.59,Ian O'Donnell,M,0,25/07/2015,?,IJA Database
1500,24,3b 100m,0:00:16.19,Jay Casper,M,0,25/07/2015,?,http://www.juggling.org/orgs/ija/champs.txt
1501,24,3b 100m,0:00:16.58,Jonah Botinick-Greenhouse,M,USA,25/07/2015,?,IJA Database
1502,24,3b 100m,0:00:16.58,Max Schlech,M,0,25/07/2015,?,IJA Database
1503,24,3b 100m,0:00:16.20,Bryan Harris,M,0,02/08/2014,?,IJA Database
1504,24,3b 100m,0:00:16.80,Jason Hollandsworth,M,0,02/08/2014,?,IJA Database
1505,24,3b 100m,0:00:16.60,Len Ferman,M,USA,02/08/2014,?,IJA Database
1506,24,3b 100m,0:00:16.80,Nick Thomas,M,0,20/07/2013,?,IJA Database
1507,24,5b 100m,0:00:16.80,Albert Lucas,M,USA,21/07/2012,?,IJA Database
1508,24,3b 100m,0:00:16.30,Alex Koren,M,0,21/07/2012,?,IJA Database
1509,24,3b 100m,0:00:16.90,Chris Dokler,M,0,21/07/2012,?,IJA Database
1510,24,3b 100m,0:00:16.90,Chris Lovdal,M,USA,21/07/2012,?,IJA Database
1511,24,3b 100m,0:00:16.90,Graham Rowe,M,0,21/07/2012,?,IJA Database
1512,24,3b 100m,0:00:16.40,Mark Fiore,M,USA,21/07/2012,?,IJA Database
1513,24,3b 100m,0:00:16.00,Reid Johnson,M,0,21/07/2012,?,IJA Database
1514,24,3b 100m,0:00:16.91,Andrew Ruiz,M,0,20/07/2011,?,IJA Database
1515,24,3b 100m,0:00:16.66,Colin Revere,M,0,20/07/2011,?,IJA Database
1516,24,3b 100m,0:00:16.69,Daniel Rose,M,0,20/07/2011,?,IJA Database
1517,24,3b 100m,0:00:16.30,Dave Kadlec,M,0,20/07/2011,?,IJA Database
1518,24,3b 100m,0:00:16.40,Kevin Giblin,M,0,20/07/2011,?,IJA Database
1519,24,3b 100m,0:00:16.61,Mike Moore,M,USA,20/07/2011,?,IJA Database
1520,24,3b 100m,0:00:16.04,Paul Arneberg,M,0,20/07/2011,?,IJA Database
1521,24,3b 100m,0:00:16.00,Chris Olson,M,0,20/07/2010,?,https://dev.juggle.org/history/champs/champs2010.php
1522,24,3b 100m,0:00:16.00,Colin Revere,M,0,20/07/2010,?,https://dev.juggle.org/history/champs/champs2010.php
1523,24,3b 100m,0:00:16.30,Evan Peter,M,0,20/07/2010,?,https://dev.juggle.org/history/champs/champs2010.php
1524,24,3b 100m,0:00:16.60,Kyler McClintock,M,0,20/07/2010,?,https://dev.juggle.org/history/champs/champs2010.php
1525,24,3b 100m,0:00:16.60,Austin Bruckner,M,0,14/07/2009,?,https://dev.juggle.org/history/champs/champs2009.php
1526,24,3b 100m,0:00:16.06,Daniel Rose,M,0,14/07/2009,?,https://dev.juggle.org/history/champs/champs2009.php
1527,24,3b 100m,0:00:16.16,Jack Levy,M,0,14/07/2009,?,https://dev.juggle.org/history/champs/champs2009.php
1528,24,3b 100m,0:00:16.03,Matt Gifford,M,0,14/07/2009,?,https://dev.juggle.org/history/champs/champs2009.php
1529,24,3b 100m,0:00:16.07,Peter Blanchard,M,0,14/07/2009,?,https://dev.juggle.org/history/champs/champs2009.php
1530,24,3b 100m,0:00:16.28,Gus Tate,M,USA,15/07/2008,?,https://dev.juggle.org/history/champs/champs2008.php
1531,24,3b 100m,0:00:16.10,Mike Monson,M,0,15/07/2008,?,https://dev.juggle.org/history/champs/champs2008.php
1532,24,3b 100m,0:00:16.87,Andrew Swan,M,0,17/07/2007,?,https://dev.juggle.org/history/champs/champs2007.php
1533,24,3b 100m,0:00:16.66,Barry Goldmeier,M,USA,17/07/2007,?,https://dev.juggle.org/history/champs/champs2007.php
1534,24,3b 5km,0:22:27.00,Christoph Mitasch,M,AUT,17/07/2007,?,https://dev.juggle.org/history/champs/champs2007.php
1535,24,3b 100m,0:00:16.90,Marco Paoletti,M,0,18/07/2006,?,https://dev.juggle.org/history/champs/champs2006.php
1536,24,3b 100m,0:00:16.57,Mike Monson,M,0,18/07/2006,?,https://dev.juggle.org/history/champs/champs2006.php
1537,24,3b 100m,0:00:16.15,Sam Nerenhaus,M,0,18/07/2006,?,https://dev.juggle.org/history/champs/champs2006.php
1538,24,3b 100m,0:00:16.30,Andrew Swan,M,0,19/07/2005,?,https://dev.juggle.org/history/champs/champs2005.php
1539,24,3b 100m,0:00:16.70,Jeremy Stanley,M,0,19/07/2005,?,https://dev.juggle.org/history/champs/champs2005.php
1540,24,3b 100m,0:00:16.09,Dan Tasse,M,0,13/07/2004,?,https://dev.juggle.org/history/champs/champs2004.php
1541,24,3b 100m,0:00:16.44,Gabe Jakubisin,M,0,13/07/2004,?,https://dev.juggle.org/history/champs/champs2004.php
1542,24,3b 100m,0:00:16.00,Andrew Swan,M,0,17/07/2002,?,https://dev.juggle.org/history/champs/champs2002.php
1543,24,3b 100m,0:00:16.50,Chris Laco,M,0,17/07/2002,?,https://dev.juggle.org/history/champs/champs2002.php
1544,24,3b 100m,0:00:16.30,Marlin Ballard,M,0,17/07/2002,?,https://dev.juggle.org/history/champs/champs2002.php
1545,24,3b 100m,0:00:16.03,Andrew Swan,M,0,05/08/2000,?,https://dev.juggle.org/history/champs/champs2000.php
1546,24,3b 100m,0:00:16.80,Bill Giduz,M,USA,30/07/1999,?,IJA Database
1547,24,3b 100m,0:00:16.10,Bill Giduz,M,USA,20/07/1996,?,https://dev.juggle.org/history/champs/champs1996.php
1548,24,3b 100m,0:00:16.60,Chuck Hawley,M,0,20/07/1996,?,https://dev.juggle.org/history/champs/champs1996.php
1549,24,3b 100m,0:00:16.60,Keith Tollefson,M,0,20/07/1996,?,https://dev.juggle.org/history/champs/champs1996.php
1550,24,3b 100m,0:00:16.10,Jim Steffens,M,0,19/07/1995,?,https://dev.juggle.org/history/champs/champs1995.php
1551,24,3b 100m,0:00:16.20,Bill Giduz,M,USA,13/08/1994,?,https://dev.juggle.org/history/champs/champs1994.php
1552,24,3b 100m,0:00:16.10,Bill Giduz,M,USA,26/07/1986,?,http://www.juggling.org/orgs/ija/champs.txt
1553,24,3b 100m,0:00:16.84,Daniel Raum,M,AUT,2024,?,IJA Database
1554,24,3b 100m,0:00:16.90,Len Ferman,M,USA,2022,?,IJA Database
1555,24,4b 100m,0:00:16.25,Michal Kapral,M,CAN,2022,?,IJA Database
1556,24,4b 100m,0:00:16.45,Michal Kapral,M,CAN,2022,0,https://www.youtube.com/watch?v=mUf639tqH-o
1557,24,3b 100m,0:00:16.50,David Pavlove Cunsolo,M,0,2020,?,IJA Database
1558,23,3b 5km,0:22:28.00,David Benz,M,DEU,04/08/2025,?,EJC results in Joggler's United Group
1559,23,3b 1500m,0:06:01.20,Eric Raivo,M,0,11/07/2024,?,"IJA Database, Giduz 1500m"
1560,23,3b 1500m,0:06:01.68,Mark Fiore,M,USA,11/07/2024,?,"IJA Database, Giduz 1500m"
1561,23,3b 5km,0:32:10.00,Mary Geeves,F,0,15/07/2017,?,https://www.juggle.org/enewsletter/2017-07
1562,23,3b 5km,0:32:11.00,Mary Geeves,F,0,15/07/2017,?,IJA Database
1563,23,3b 800m,0:02:51.00,Sean Carney,M,USA,20/07/2010,?,https://dev.juggle.org/history/champs/champs2010.php
1564,23,3b 800m,0:02:51.70,Marco Paoletti,M,0,18/07/2006,?,https://dev.juggle.org/history/champs/champs2006.php
1565,23,3b 5km,0:22:29.00,Jerry Kurtz,M,0,06/08/1997,?,https://dev.juggle.org/history/champs/champs1997.php
1566,22,3b 5km,0:22:31.00,Karel Schuller,M,NLD,17/01/2026,0,"https://www.parkrun.co.nl/karpendonkseplas/results/231/
https://strava.app.link/cT0e6ixZZZb"
1567,22,3b 5km,0:22:31.00,Kacper Suchora,M,POL,15/03/2025,3,https://www.parkrun.pl/mlynowkakrolewska/results/75
1568,22,3b 800m,0:03:52.60,Kaylyn Schull,F,0,22/07/2023,?,IJA Database
1569,22,3b 800m,0:03:52.20,Alayna Bowlin,F,0,02/08/2014,?,IJA Database
1570,22,3b 800m,0:03:52.00,Alayna Bowlin,F,0,20/07/2013,?,IJA Database
1571,22,3b 800m,0:03:52.00,Dorothy Finnigan,F,0,18/07/2006,?,https://dev.juggle.org/history/champs/champs2006.php
1572,22,3b 5km,0:22:30.00,Darren Samson,M,0,13/08/1994,?,"https://dev.juggle.org/history/champs/champs1994.php, Billy Gillen Memorial 5km"
1573,21,3b 400m,0:01:42.73,Katerina Matulova,F,CZE,09/08/2025,?,EJC results in Joggler's United Group
1574,21,3b Half Marathon,1:49:19.00,David Tate,M,USA,24/07/2025,0,https://x.com/dren_braves/status/1948468782567227464?t=d3Kr02-bNWZ-La8SVaS9IA&s=19
1575,21,3b Half Marathon,1:49:18.00,Jake Lodge,M,GBR,17/09/2022,?,https://www.strava.com/activities/7822440712  https://live.ultimate.dk/desktop/front/index.php?eventid=5388&ignoreuseragent=true
1576,21,3b 5km,0:22:33.00,Gavin Levenstein,M,ZAF,08/08/2022,?,https://www.parkrun.co.za/northbeach/results/409/
1577,21,3b 5km,0:22:32.00,Scott Jenkins,M,GBR,25/09/2021,?,
1578,21,3b 5km,0:32:18.00,Karly Swaim,F,USA,01/12/2019,?,https://runsignup.com/Race/Results/38943/#resultSetId-182064;page:2;perpage:100
1579,21,3b 400m,0:01:42.50,Riga Moettus,F,USA,25/07/2015,?,IJA Database
1580,21,3b 400m,0:01:42.00,Erin Warfield,F,0,20/07/2013,?,IJA Database
1581,21,3b 400m,0:01:42.78,Hannah Stoehr,F,0,14/07/2009,?,https://dev.juggle.org/history/champs/champs2009.php
1582,21,3b 400m,0:01:42.00,Iman deLachotta-Lizarazu,F,0,20/07/1996,?,https://dev.juggle.org/history/champs/champs1996.php
1583,21,3b 400m,0:01:42.00,Becky Provance,F,0,19/07/1995,?,https://dev.juggle.org/history/champs/champs1995.php
1584,21,3b Mile,0:08:57.00,Becky Provance,F,0,19/07/1995,?,https://dev.juggle.org/history/champs/champs1995.php
1585,21,3b 1000m,0:03:46.70,Brady Xue,M,USA,2023,?,IJA Database
1586,20,3b 5km,0:22:35.00,Michal Kapral,M,CAN,24/05/2025,0,https://www.parkrun.ca/victoriaparkbeachcobourg/results/4/
1587,20,3b 5km,0:22:34.00,Jake Lodge,M,GBR,18/03/2023,?,https://www.parkrun.org.uk/nobles/results/224/  https://www.parkrun.org.uk/nobles/news/2023/03/21/nobles-parkrun-event-224/   https://www.instagram.com/p/Cp7aQ-iDjkc/
1588,20,3b 5km,0:22:35.50,Ben Schoenberg,M,0,24/07/1993,?,http://www.juggling.org/orgs/ija/champs.txt
1589,20,3b 5km,0:22:34.40,Jay Pittman ,M,0,24/07/1993,?,http://www.juggling.org/orgs/ija/champs.txt
1590,19,3b Marathon,4:03:01.00,Benjamin Chognot,M,AUT,02/05/2026,23,https://balancer.pentek-timing.at/results.html?pnr=14723&cnr=1
1591,19,3b 5km,0:22:36.00,Lars Clauss,M,DEU,04/08/2025,?,EJC results in Joggler's United Group
1592,19,3b 5km,0:22:37.00,Scott Jenkins,M,GBR,14/08/2021,?,
1593,19,3b 5km,0:22:37.00,Joshua Pichotta,M,USA,11/08/2018,?,"https://www.parkrun.us/eagan/news/2018/08/17/lots-of-balls-in-the-air-eagan-parkrun-64-run-report/
https://www.parkrun.us/eagan/results/64/"
1594,19,3b 5km,0:22:37.00,Paul Arneberg,M,0,15/07/2017,?,https://www.juggle.org/enewsletter/2017-07
1595,19,3b 5km,0:22:37.70,Paul Arneberg,M,0,15/07/2017,?,IJA Database
1596,19,3b 800m,0:02:52.69,Ben Fry,M,0,14/07/2009,?,https://dev.juggle.org/history/champs/champs2009.php
1597,19,3b 800m,0:02:52.60,Matt Baum,M,0,15/07/2008,?,https://dev.juggle.org/history/champs/champs2008.php
1598,19,3b 5km,0:22:37.00,Reese Edwards,M,0,19/07/1995,?,https://dev.juggle.org/history/champs/champs1995.php
1599,19,3b 5km,0:22:36.10,Steve Otteson,M,0,20/07/1991,?,http://www.juggling.org/orgs/ija/champs.txt
1600,18,3b Mile,0:06:32.00,Alistair Richards,M,GBR,08/08/2026,?,https://drive.google.com/file/d/1v5KXHNKD3UqQcFqTQ_POWGjEc5X8w7t7/view?usp=sharing
1601,18,3b 10km,0:49:22.00,Daniel Raum,M,AUT,02/12/2023,?,https://www.datasport.com/live/ranking/?racenr=25167#9_660AEB      https://www.alphafoto.com/images.php?runID=1597&sn=4014
1602,18,3b 5km,0:22:39.00,Jake Lodge,M,GBR,11/11/2023,?,https://www.strava.com/activities/10197880347  https://www.parkrun.org.uk/cliffecastle/results/198/
1603,18,3b 5km,0:22:38.00,Scott Jenkins,M,GBR,23/09/2023,2,https://www.parkrun.org.uk/penallta/results/346/
1604,18,3b Marathon,4:03:25.00,Justin Delong,M,USA,08/03/2020,?,https://www.instagram.com/p/B9n74FxlkSX/  http://results2.xacte.com/#/e/2353/searchable
1605,17,4b 5km,0:22:40.00,Dominic Lodge,M,GBR,17/08/2025,?,
1606,17,3b 5km,0:22:41.00,Scott Jenkins,M,GBR,04/03/2023,0,https://www.strava.com/activities/8656799309
1607,17,3b Half Marathon,1:50:06.14,Sterling Franklin,M,USA,2025,?,IJA Database
1608,16,3b Mile,0:06:33.00,Shimon Levikov,M,DEU,08/08/2026,?,https://drive.google.com/file/d/1v5KXHNKD3UqQcFqTQ_POWGjEc5X8w7t7/view?usp=sharing
1609,16,3b 400m,0:01:15.34,Kevin Niittyviita,M,FIN,03/08/2026,?,https://drive.google.com/file/d/1XEZ6TLz2q2lpJ89CLP3F6wQBp5zFDskm/view?usp=sharing
1610,16,3b 400m,0:01:15.10,Shimon Levikov,M,DEU,09/08/2025,?,EJC results in Joggler's United Group
1611,16,3b 5km,0:22:43.00,Kacper Suchora,M,POL,05/10/2024,?,https://www.parkrun.pl/mlynowkakrolewska/results/52/
1612,16,3b 400m,0:01:15.80,Chris Edwin,M,GBR,20/04/2024,0,Manually recorded
1613,16,4b 5km,0:22:44.00,Scott Jenkins,M,GBR,20/04/2024,15,Manually recorded by Chris Edwin
1614,16,3b 400m,0:01:15.64,Kaupo Pilder,M,EST,30/07/2023,?,https://www.joggling.pl/joggling-competitionszawody/2023-lublin-open.html
1615,16,3b 400m,0:01:43.10,Heather Marriott,F,USA,22/07/2023,?,IJA Database
1616,16,3b 400m,0:01:15.40,Garrett Borawski,M,0,24/07/2018,?,IJA Database
1617,16,3b 400m,0:01:15.40,Kyle Albrecht,M,USA,24/07/2018,?,IJA Database
1618,16,3b 400m,0:01:43.10,Heather Marriott,F,USA,30/07/2016,?,IJA Database
1619,16,3b 400m,0:01:15.10,Daniel Raum,M,AUT,25/07/2015,?,IJA Database
1620,16,3b 400m,0:01:15.60,Jason Hollandsworth,M,0,02/08/2014,?,IJA Database
1621,16,3b 400m,0:01:43.00,Meagan Nouis,F,0,20/07/2013,?,IJA Database
1622,16,5b Mile,0:06:33.00,Matthew Feldman,M,USA,27/07/2012,?,https://www.youtube.com/watch?v=hYjbu2Bbj88
1623,16,3b 400m,0:01:43.60,Sydney Paugh,F,0,21/07/2012,?,IJA Database
1624,16,3b 400m,0:01:15.20,Anders Kierulf,M,0,20/07/2011,?,IJA Database
1625,16,3b 400m,0:01:15.70,Reid Johnson,M,0,20/07/2011,?,IJA Database
1626,16,3b 400m,0:01:15.70,Jack Levy,M,0,20/07/2010,?,https://dev.juggle.org/history/champs/champs2010.php
1627,16,3b 400m,0:01:15.60,Andrew Swan,M,0,15/07/2008,?,https://dev.juggle.org/history/champs/champs2008.php
1628,16,3b 400m,0:01:15.40,Anders Kierulf,M,0,18/07/2006,?,https://dev.juggle.org/history/champs/champs2006.php
1629,16,3b 400m,0:01:15.96,Darin Marriott,M,USA,28/07/2001,?,https://dev.juggle.org/history/champs/champs2001.php
1630,16,3b Marathon,4:04:35.00,Albert Lucas,M,USA,01/03/1987,0,Albert's first joggling marathon. https://www.instagram.com/p/B9awUjCHeG-/ Also documented in Jugglers World Spring 1987 Newsletter
1631,16,3b 400m,0:01:15.12,Daniel Raum,M,AUT,2024,?,IJA Database
1632,15,3b 5km,0:22:45.00,Scott Jenkins,M,GBR,02/12/2023,0,https://www.parkrun.org.uk/meadowmill/results/159/  https://www.strava.com/activities/10315030947
1633,15,3b Marathon,4:05:00.00,Michel Lauziere,M,CAN,12/09/1981,1,"The very first marathon joggled http://www.dev.juggle.org/history/archives/jugmags/33-5/33-5,p28.htm  https://michellauziere.com/en/biography?fbclid=IwAR2anhLNF-oEFjURGW7YdlZSqmlNxilYRQdh3MeirIdGkLK9dzQRfV8nOwM"
1634,14,3b 5km,0:22:48.00,Scott Jenkins,M,GBR,28/02/2026,0,https://www.parkrun.org.uk/albert/results/862/
1635,14,3b Mile,0:06:35.25,Sterling Franklin,M,USA,19/07/2025,?,IJA Database
1636,14,3b 5km,0:22:49.00,Scott Jenkins,M,GBR,19/02/2022,?,
1637,14,3b 5km,0:32:48.00,Roni Lynn,F,0,25/07/2015,?,http://www.juggling.org/orgs/ija/champs.txt
1638,14,3b 200m,0:00:43.97,Riga Moettus,F,USA,20/07/2011,?,IJA Database
1639,14,3b Mile,0:06:35.16,Gil Pontius,M,0,05/08/2000,?,https://dev.juggle.org/history/champs/champs2000.php
1640,14,3b Marathon,4:05:41.00,Perry Romanowski,M,USA,20/10/1996,?,https://chicago-history.r.mikatiming.com/2021/?pid=search
1641,14,3b 200m,0:00:43.10,Logan Pearce,F,0,2022,?,IJA Database
1642,13,3b 5km,0:22:51.00,Kacper Suchora,M,POL,17/02/2024,?,https://www.parkrun.pl/mlynowkakrolewska/results/21/
1643,13,3c 5km,0:32:51.00,Karly Swaim,F,USA,24/06/2023,1,https://runsignup.com/Race/Results/22604/IndividualResult/sZSf#U21578490
1644,13,3b 5km,0:22:50.00,Scott Jenkins,M,GBR,11/09/2021,?,
1645,13,3b 10km,0:49:51.00,Ferda Tekgul,M,TUR,08/12/2019,?,https://event.spor.istanbul/eventresults.aspx
1646,13,3b Half Marathon,1:50:51.00,Necmi Oztoprak,M,TUR,20/10/2019,0,https://www.instagram.com/p/B32bLemgnSv/
1647,12,3b Half Marathon,1:51:03.00,David Tate,M,USA,24/07/2024,2,"https://www.brooksee.com/des/results?sort=&race=167301&date=&event=&gender=&division=&search=Tate&loc_169682=&page_169682=1&size_169682=25&loc_169683=&page_169683=1&size_169683=25&loc_169684=&page_169684=1&size_169684=25&loc_169685=&page_169685=1&size_169685=25&page_169688=1&size_169688=25

https://x.com/dren_braves/status/1816118654897111535?t=2yqL4RuYuZs6hg90pxTIKA&s=19"
1648,12,3b 400m,0:01:44.10,Verena Rau,F,DEU,30/07/2023,?,https://www.joggling.pl/joggling-competitionszawody/2023-lublin-open.html
1649,12,3b 5km,0:22:54.00,Scott Jenkins,M,GBR,05/11/2022,0,
1650,12,3b 400m,0:01:44.80,Sydney Paugh,F,0,20/07/2013,?,IJA Database
1651,12,3b 800m,0:02:54.00,Dylan Waickman,M,0,21/07/2012,?,IJA Database
1652,12,3b 800m,0:02:54.30,Trey Newsome,M,USA,13/07/2004,?,https://dev.juggle.org/history/champs/champs2004.php
1653,12,3b Mile,0:06:36.30,Andrew Swan,M,0,30/07/1999,?,IJA Database
1654,12,3b 400m,0:01:44.50,Laura Green,F,0,24/07/1993,?,http://www.juggling.org/orgs/ija/champs.txt
1655,11,3c 5km,0:22:56.00,David Lohuis,M,DEU,04/08/2025,?,EJC results in Joggler's United Group
1656,11,5b 200m,0:00:34.04,Mark Fiore,M,USA,31/05/2025,0,Manually timed by Scott Jenkins & Samuel Dean. https://www.instagram.com/p/DK000HLs_30/
1657,11,3b 5km,0:22:57.00,Scott Jenkins,M,GBR,25/12/2024,2,https://www.parkrun.org.uk/street/results/268/
1658,11,3b Marathon,4:07:09.00,David Tate,M,USA,14/09/2024,0,"Debut marathon, 0 drops! https://www.runrevel.com/bcm/results?pk=7905983"
1659,11,3b 200m,0:00:34.00,Jacob Heimer,M,0,11/07/2024,?,IJA Database
1660,11,3b Half Marathon,1:51:20.00,Kacper Suchora,M,POL,17/03/2024,?,https://sts-timing.pl/event/x-jubileuszowy-bieg-zielonych-sznurowadel-2024-2/#tabs-24367
1661,11,3b Half Marathon,1:51:26.00,Jonathan Austin,M,USA,11/11/2023,?,https://runsignup.com/Race/Results/53399/IndividualResult/bfNJ?resultSetId=425038#U82282467
1662,11,3b 5km,0:22:55.00,Fabian Fehlhaber,M,DEU,30/07/2023,?,https://www.joggling.pl/joggling-competitionszawody/2023-lublin-open.html
1663,11,3b 200m,0:00:34.20,Dmitry Kozlov,M,RUS,25/7/2021,?,https://vk.com/wall-16055255_8154
1664,11,3b 200m,0:00:34.16,Mike Moore,M,USA,29/06/2019,?,IJA Database
1665,11,3b 200m,0:00:34.50,Nicolas Souren,M,0,29/06/2019,?,IJA Database
1666,11,3b 200m,0:00:34.40,Chris Lovdal,M,USA,20/07/2010,?,https://dev.juggle.org/history/champs/champs2010.php
1667,11,3b 200m,0:00:34.20,Kyler McClintock,M,0,15/07/2008,?,https://dev.juggle.org/history/champs/champs2008.php
1668,11,3b 200m,0:00:34.97,Tom McClintock,M,0,18/07/2006,?,https://dev.juggle.org/history/champs/champs2006.php
1669,11,3b Marathon,4:07:18.00,Perry Romanowski,M,USA,24/10/1999,?,https://chicago-history.r.mikatiming.com/2021/?pid=search
1670,11,3b 200m,0:00:34.07,Andrew Widmann,M,0,2025,?,IJA Database
1671,11,3b 200m,0:00:34.24,Daniel Raum,M,AUT,2022,?,IJA Database
1672,11,3b 200m,0:00:34.24,Giovanni Gaole,M,0,2022,?,IJA Database
1673,10,3b 5km,0:22:58.00,Brook Roberts,M,GBR,04/08/2025,?,EJC results in Joggler's United Group
1674,10,3b 5km,0:22:58.00,Vasek Peca,M,CZE,04/08/2025,?,EJC results in Joggler's United Group
1675,10,3b 5km,0:22:58.00,Kacper Suchora,M,POL,22/03/2025,1,https://www.parkrun.pl/mlynowkakrolewska/results/76/
1676,10,3b 5km,0:22:59.00,Kacper Suchora,M,POL,23/12/2023,?,https://www.parkrun.pl/parkimjanapawlaii/results/148/ Finished 2nd overall
1677,10,3b Marathon,4:07:53.00,Tim Butler,M,GBR,24/09/2023,?,Marathon #87: https://results.runthrough.co.uk/myresults.aspx?uid=16487-4971-6-3584757
1678,10,3b Marathon,4:07:30.00,Tim Butler,M,GBR,17/04/2017,?,Marathon #13: https://www.joggling.co.uk/Marathon-List
1679,10,3b Mile,0:06:38.00,Bill Giduz,M,USA,30/07/1999,?,IJA Database
1680,10,3b Mile,0:09:10.00,Becky Provance,F,0,06/08/1997,?,https://dev.juggle.org/history/champs/champs1997.php
1681,10,3b Mile,0:09:10.00,Laura Provance,F,0,06/08/1997,?,https://dev.juggle.org/history/champs/champs1997.php
1682,9,3b 100m,0:00:21.59,Yvonne Burchartz,F,DEU,06/08/2026,?,https://drive.google.com/file/d/1qnrcWsPurOdbl_2fbmmvB_rNF_XWH7Ph/view?usp=sharing
1683,9,3b 100m,0:00:21.53,Fiona Verscheure,F,BEL,04/08/2026,?,https://drive.google.com/file/d/1XEZ6TLz2q2lpJ89CLP3F6wQBp5zFDskm/view?usp=sharing
1684,9,3b 100m,0:00:21.69,Jowita Nowogrodzka-Ligeza,F,POL,04/08/2026,?,https://drive.google.com/file/d/1XEZ6TLz2q2lpJ89CLP3F6wQBp5zFDskm/view?usp=sharing
1685,9,3b 100m,0:00:21.07,Jowita Nowogrodzka-Ligeza,F,POL,04/08/2026,?,https://drive.google.com/file/d/1XEZ6TLz2q2lpJ89CLP3F6wQBp5zFDskm/view?usp=sharing
1686,9,3b 400m,0:01:16.69,Kaupo Pilder,M,EST,03/08/2026,?,https://drive.google.com/file/d/1XEZ6TLz2q2lpJ89CLP3F6wQBp5zFDskm/view?usp=sharing
1687,9,3b 100m,0:00:21.00,Luise Chudzian,F,DEU,03/08/2026,?,https://drive.google.com/file/d/1XEZ6TLz2q2lpJ89CLP3F6wQBp5zFDskm/view?usp=sharing
1688,9,3b 400m,0:01:16.15,Samuel Tittelein,M,FRA,03/08/2026,?,https://drive.google.com/file/d/1XEZ6TLz2q2lpJ89CLP3F6wQBp5zFDskm/view?usp=sharing
1689,9,3b 100m,0:00:21.63,Verena Rau,F,DEU,03/08/2026,?,https://drive.google.com/file/d/1XEZ6TLz2q2lpJ89CLP3F6wQBp5zFDskm/view?usp=sharing
1690,9,3b 400m,0:01:16.87,Joe Kara,M,AUS,02/08/2026,?,https://drive.google.com/file/d/1XEZ6TLz2q2lpJ89CLP3F6wQBp5zFDskm/view?usp=sharing
1691,9,3b 100m,0:00:21.53,Karly Swaim,F,USA,02/08/2026,?,https://drive.google.com/file/d/1XEZ6TLz2q2lpJ89CLP3F6wQBp5zFDskm/view?usp=sharing
1692,9,3b 100m,0:00:21.81,Yvonne Burchartz,F,DEU,02/08/2026,?,https://drive.google.com/file/d/1XEZ6TLz2q2lpJ89CLP3F6wQBp5zFDskm/view?usp=sharing
1693,9,3b 100m,0:00:21.67,Anezka Houhova,F,CZE,09/08/2025,?,EJC results in Joggler's United Group
1694,9,3b 400m,0:01:16.85,Cajus Fahrenkamp,M,DEU,09/08/2025,?,EJC results in Joggler's United Group
1695,9,3b 100m,0:00:21.08,Silvia Osiek,F,DEU,09/08/2025,?,EJC results in Joggler's United Group
1696,9,3b 400m,0:01:16.71,Tamino Larisch,M,DEU,09/08/2025,?,EJC results in Joggler's United Group
1697,9,3b 5km,0:23:02.00,Fabian Fehlhaber,M,DEU,04/08/2025,?,EJC results in Joggler's United Group
1698,9,3b 400m,0:01:16.13,Mike Moore,M,USA,19/07/2025,?,IJA Database
1699,9,3b 5km,0:23:03.00,Kacper Suchora,M,POL,09/03/2024,2,https://www.parkrun.pl/puszczaniepolomicka/results/latestresults/
1700,9,3b 400m,0:01:16.66,Vasek Peca,M,CZE,30/07/2023,?,https://www.joggling.pl/joggling-competitionszawody/2023-lublin-open.html
1701,9,3b 400m,0:01:16.40,Draco Tong,M,0,22/07/2023,?,IJA Database
1702,9,3b 100m,0:00:21.09,Heather Marriott,F,USA,22/07/2023,?,IJA Database
1703,9,3b 400m,0:01:16.10,Jacob Heimer,M,0,22/07/2023,?,IJA Database
1704,9,3b 100m,0:00:21.56,JoAnn Ireland,F,USA,22/07/2023,?,IJA Database
1705,9,3b 400m,0:01:16.70,Torsten Hornemann,M,0,22/07/2023,?,IJA Database
1706,9,3c 5km,0:33:13.00,Karly Swaim,F,USA,04/06/2023,2,https://my.raceresult.com/246703/results#1_61E9DE
1707,9,3b 5km,0:23:01.00,Scott Jenkins,M,GBR,21/12/2019,?,
1708,9,3b 400m,0:01:16.20,Nicolas Souren,M,0,30/07/2016,?,IJA Database
1709,9,3b 400m,0:01:16.60,Eric Gunther,M,0,25/07/2015,?,IJA Database
1710,9,3b 400m,0:01:16.60,Ryan Gerrity,M,0,25/07/2015,?,IJA Database
1711,9,3b 100m,0:00:21.20,Erica Liddle,F,0,20/07/2013,?,IJA Database
1712,9,3b 100m,0:00:21.00,Laura Schroeder,F,0,20/07/2013,?,IJA Database
1713,9,3b 100m,0:00:21.50,Meagan Nouis,F,0,20/07/2013,?,IJA Database
1714,9,3b 400m,0:01:16.20,Rory Bade,M,0,20/07/2013,?,IJA Database
1715,9,3b 100m,0:00:21.40,Elise Johnson,F,0,21/07/2012,?,IJA Database
1716,9,3b 100m,0:00:21.33,Hannah Bowlin,F,0,20/07/2011,?,IJA Database
1717,9,3b 400m,0:01:16.00,Jack Levy,M,0,20/07/2011,?,IJA Database
1718,9,3b 100m,0:00:21.59,Kelsey Harr,F,0,14/07/2009,?,https://dev.juggle.org/history/champs/champs2009.php
1719,9,3b 400m,0:01:16.50,Anders Kierulf,M,0,15/07/2008,?,https://dev.juggle.org/history/champs/champs2008.php
1720,9,3b 100m,0:00:21.97,Nicole Deese,F,0,17/07/2007,?,https://dev.juggle.org/history/champs/champs2007.php
1721,9,3b 400m,0:01:16.00,Tom McClintock,M,0,18/07/2006,?,https://dev.juggle.org/history/champs/champs2006.php
1722,9,3b 100m,0:00:21.73,Nicole Deese,F,0,19/07/2005,?,https://dev.juggle.org/history/champs/champs2005.php
1723,9,3b 100m,0:00:21.30,Becky Kresser,F,0,13/07/2004,?,https://dev.juggle.org/history/champs/champs2004.php
1724,9,3b 400m,0:01:16.49,Nicholas Souren,M,0,28/07/2001,?,https://dev.juggle.org/history/champs/champs2001.php
1725,9,3b 400m,0:01:16.00,Barry Goldmeier,M,USA,30/07/1999,?,IJA Database
1726,9,3b 400m,0:01:16.00,Joshua edleman,M,0,30/07/1999,?,IJA Database
1727,9,3b 400m,0:01:16.00,David Hussey,M,0,06/08/1997,?,https://dev.juggle.org/history/champs/champs1997.php
1728,9,3b 100m,0:00:21.60,Elizabeth Sanberg,F,0,20/07/1996,?,https://dev.juggle.org/history/champs/champs1996.php
1729,9,3b 5km,0:33:13.00,Laurie Young,F,0,13/08/1994,?,"https://dev.juggle.org/history/champs/champs1994.php, Billy Gillen Memorial 5km"
1730,9,3b 100m,0:00:21.70,Carol Mills,F,0,24/07/1993,?,http://www.juggling.org/orgs/ija/champs.txt
1731,9,3b 100m,0:00:21.90,Joanne Dintzis,F,0,22/07/1989,?,http://www.juggling.org/orgs/ija/champs.txt
1732,9,3b 100m,0:00:21.90,JoAnn Ireland,F,USA,2021,?,IJA Database
1733,9,3b 100m,0:00:21.24,JoAnn Ireland,F,USA,2020,?,IJA Database
1734,9,3b 100m,0:00:21.45,Marla Edgecomb,F,USA,2020,?,IJA Database
1735,8,3b 400m,0:01:45.19,Jowita Nowogrodzka-Ligeza,F,POL,06/08/2026,?,https://drive.google.com/file/d/1qnrcWsPurOdbl_2fbmmvB_rNF_XWH7Ph/view?usp=sharing
1736,8,3b 400m,0:01:45.37,Fiona Verscheure,F,BEL,04/08/2026,?,https://drive.google.com/file/d/1XEZ6TLz2q2lpJ89CLP3F6wQBp5zFDskm/view?usp=sharing
1737,8,3b 400m,0:01:45.35,Jowita Nowogrodzka-Ligeza,F,POL,09/08/2025,?,EJC results in Joggler's United Group
1738,8,3b 400m,0:01:45.04,Kayla Malmgren,F,USA,19/07/2025,?,IJA Database
1739,8,3b 5km,0:23:04.00,Scott Jenkins,M,GBR,06/11/2021,?,
1740,8,3b 1000m,0:03:51.20,Adam Hellman,M,0,29/06/2019,?,IJA Database
1741,8,3b 400m,0:01:45.10,Laura Schroeder,F,0,02/08/2014,?,IJA Database
1742,8,3b 400m,0:01:45.80,Hannah Stoehr,F,0,20/07/2011,?,IJA Database
1743,8,3b Marathon,4:08:48.00,Perry Romanowski,M,USA,06/12/2009,?,
1744,8,3b 5km,0:23:04.00,Chuck Hawley,M,0,14/07/2009,?,https://dev.juggle.org/history/champs/champs2009.php
1745,8,3b 400m,0:01:45.60,Dorothy Finnigan,F,0,17/07/2002,?,https://dev.juggle.org/history/champs/champs2002.php
1746,8,3b Mile,0:06:39.00,Joshua Edleman,M,0,05/08/2000,?,https://dev.juggle.org/history/champs/champs2000.php
1747,7,3b 5km,0:23:07.00,Kacper Suchora,M,POL,07/09/2024,?,https://www.parkrun.pl/mlynowkakrolewska/results/49/
1748,7,3b 5km,0:23:09.00,Scott Jenkins,M,GBR,26/08/2023,0,https://www.strava.com/activities/9722797495  https://www.parkrun.org.uk/vogrie/results/245/
1749,7,3b 800m,0:02:56.00,Jason Matkowksi,M,0,21/07/2012,?,IJA Database
1750,7,3b Marathon,4:09:49.00,Perry Romanowski,M,USA,19/10/1997,?,https://chicago-history.r.mikatiming.com/2021/?pid=search
1751,6,3b 5km,0:23:12.00,Boris de Schipper,M,NLD,04/08/2025,?,EJC results in Joggler's United Group
1752,6,3b 5km,0:23:13.00,David Tate,M,USA,01/06/2024,?,"https://results.raceroster.com/v2/en-US/results/fav9fzqqraxrtc5n/detail/46q6dqqxcybafs5v
   https://x.com/dren_braves/status/1796917930078449700?t=lcn6W164pnNmSYz2JpRpVQ&s=19"
1753,6,3b 5km,0:23:13.00,Kacper Suchora,M,POL,26/12/2023,3,https://www.parkrun.pl/ogrodsaski/results/160/
1754,6,3b Marathon,4:10:00.00,Barak Hirschowitz,M,USA,05/03/2023,0,https://www.marathon.tokyo/2023/result/detail.php
1755,6,3b 5km,0:23:13.00,Scott Jenkins,M,GBR,18/09/2021,?,
1756,6,3b 10km,0:50:38.00,Levent Denizci,M,TUR,12/10/2016,0,https://www.instagram.com/p/BgVHirAgPhN/  https://www.instagram.com/p/BLc4Hh3jnwm/
1757,6,3b Marathon,4:10:03.00,Chris Pert,M,USA,18/10/2015,0,https://marathonview.net/search?query=christopher%20pert
1758,6,3b Marathon,4:10:07.00,Peter Meyer,M,DEU,14/10/2007,1,https://marathonview.net/search?query=peter%20meyer  http://home.mnet-online.de/joggling/aboutme_d.htm
1759,5,3b 400m,0:01:46.43,Karly Swaim,F,USA,06/08/2026,?,https://drive.google.com/file/d/1qnrcWsPurOdbl_2fbmmvB_rNF_XWH7Ph/view?usp=sharing
1760,5,3b 400m,0:01:46.25,Jowita Nowogrodzka-Ligeza,F,POL,04/08/2026,?,https://drive.google.com/file/d/1XEZ6TLz2q2lpJ89CLP3F6wQBp5zFDskm/view?usp=sharing
1761,5,3b 5km,0:23:16.00,Mark Fiore,M,USA,31/05/2025,?,https://www.parkrun.us/howardteminlakeshorepath/results/216/
1762,5,3b 5km,0:23:15.00,Kacper Suchora,M,POL,11/01/2025,?,https://www.parkrun.pl/mlynowkakrolewska/results/66/
1763,5,3b Half Marathon,1:53:11.00,Toon Witters,M,BEL,16/06/2023,?,https://www.strava.com/activities/9278465811 https://www.focus-wtv.be/nieuws/toon-loopt-halve-marathon-op-blote-voeten-en-al-jonglerend
1764,5,3b 400m,0:01:46.20,Kayla Malmgren,F,USA,15/07/2017,?,IJA Database
1765,5,3b 400m,0:01:46.83,Joanne Swaim,F,0,25/07/2015,?,http://www.juggling.org/orgs/ija/champs.txt
1766,5,3b 200m,0:00:44.75,Sofia Meyer,F,0,14/07/2009,?,https://dev.juggle.org/history/champs/champs2009.php
1767,5,3b 200m,0:00:44.60,Dorothy Finnigan,F,0,17/07/2002,?,https://dev.juggle.org/history/champs/champs2002.php
1768,5,3b 400m,0:01:46.00,Katie Stern,F,0,15/07/1998,?,IJA Database
1769,5,3b 5km,0:23:14.00,George Faust,M,0,06/08/1997,?,https://dev.juggle.org/history/champs/champs1997.php
1770,5,3b 1500m,0:06:13.50,Craig Muhlenkamp,M,USA,2025,?,IJA Database
1771,4,3b 400m,0:01:17.16,Tamino Larisch,M,DEU,06/08/2026,?,https://drive.google.com/file/d/1qnrcWsPurOdbl_2fbmmvB_rNF_XWH7Ph/view?usp=sharing
1772,4,3b 400m,0:01:17.45,Kaupo Pilder,M,EST,09/08/2025,?,EJC results in Joggler's United Group
1773,4,3b 400m,0:01:17.54,Lucas Hester,M,USA,09/08/2025,?,EJC results in Joggler's United Group
1774,4,3b 5km,0:23:22.00,Scott Jenkins,M,GBR,01/01/2025,0,https://www.parkrun.org.uk/auldcathiedistrict/results/103/
1775,4,3b 5km,0:23:20.00,Kacper Suchora,M,POL,24/08/2024,?,https://www.parkrun.pl/mlynowkakrolewska/results/47/
1776,4,3b 5km,0:23:21.00,Kacper Suchora,M,POL,18/05/2024,1,https://www.parkrun.pl/mlynowkakrolewska/results/34/
1777,4,3b 400m,0:01:17.30,Cyril Pujol,M,FRA,30/07/2023,?,https://www.joggling.pl/joggling-competitionszawody/2023-lublin-open.html
1778,4,3b 400m,0:01:17.80,Florian Huber,M,DEU,30/07/2023,?,https://www.joggling.pl/joggling-competitionszawody/2023-lublin-open.html
1779,4,3b 5km,0:23:18.00,Scott Jenkins,M,GBR,01/07/2023,0,https://www.parkrun.org.uk/polkemmetcountry/results/137/
1780,4,3b 5km,0:23:21.00,Jake Lodge,M,GBR,01/04/2023,?,https://www.parkrun.org.uk/prestonpark/results/440/  https://www.strava.com/activities/8814301066
1781,4,3b 5km,0:23:21.00,Jake Lodge,M,GBR,08/10/2022,?,https://www.strava.com/activities/7928899111  https://www.parkrun.org.uk/pontypool/results/372/
1782,4,3b 10km,0:50:55.00,Ferda Tekgul,M,TUR,11/10/2020,?,https://event.spor.istanbul/eventresults.aspx
1783,4,3b 400m,0:01:17.70,Paul Arneberg,M,0,24/07/2018,?,IJA Database
1784,4,3b 800m,0:02:57.80,Paul Arneberg,M,0,24/07/2018,?,IJA Database
1785,4,3b 400m,0:01:17.70,Tony Malikowski,M,USA,24/07/2018,?,IJA Database
1786,4,3b 400m,0:01:17.40,Paul Arneberg,M,0,15/07/2017,?,IJA Database
1787,4,3b 400m,0:01:17.00,Christopher van Hoomissen,M,0,30/07/2016,?,IJA Database
1788,4,3b 800m,0:04:02.80,Heather Marriott,F,USA,30/07/2016,?,IJA Database
1789,4,3b Mile,0:06:44.00,Jeff Lutkus,M,USA,30/07/2016,?,IJA Database
1790,4,3b 400m,0:01:17.20,Anders Kierulf,M,0,02/08/2014,?,IJA Database
1791,4,3b 400m,0:01:17.90,Bryan Harris,M,0,02/08/2014,?,IJA Database
1792,4,3b 400m,0:01:17.10,Nicolas Souren,M,0,02/08/2014,?,IJA Database
1793,4,3b 5km,0:23:20.80,Jeff Lutkus,M,USA,09/11/2013,?,https://www.broomfieldenterprise.com/2013/11/11/jogglers-hit-broomfield-trails-to-set-world-record/  https://www.webscorer.com/racedetails?raceid=15527  https://recordsetter.com/world-record/people-running-5k-race-while-juggling/33978?autoplay=false
1794,4,3b 400m,0:01:17.40,Bradley Fox,M,0,20/07/2013,?,IJA Database
1795,4,3b 400m,0:01:17.00,Chris Olson,M,0,20/07/2010,?,https://dev.juggle.org/history/champs/champs2010.php
1796,4,3b 800m,0:02:57.60,Dylan Waickman,M,0,20/07/2010,?,https://dev.juggle.org/history/champs/champs2010.php
1797,4,3b 400m,0:01:17.63,Jeremy Stanley,M,0,17/07/2007,?,https://dev.juggle.org/history/champs/champs2007.php
1798,4,3b 400m,0:01:17.00,Sam Nerenhaus,M,0,18/07/2006,?,https://dev.juggle.org/history/champs/champs2006.php
1799,4,3b 800m,0:02:57.40,Gabe Jakubisin,M,0,13/07/2004,?,https://dev.juggle.org/history/champs/champs2004.php
1800,4,3b Marathon,4:11:48.00,Perry Romanowski,M,USA,06/10/2002,?,
1801,4,3b 400m,0:01:17.50,Dan Peterson,M,0,17/07/2002,?,https://dev.juggle.org/history/champs/champs2002.php
1802,4,3b 400m,0:01:17.20,George Faust,M,0,06/08/1997,?,https://dev.juggle.org/history/champs/champs1997.php
1803,4,3b 5km,0:23:21.00,Andrew Swan,M,0,20/07/1996,?,https://dev.juggle.org/history/champs/champs1996.php
1804,4,3b 5km,0:23:21.00,Eric Promislow,M,0,16/07/1988,?,http://www.juggling.org/orgs/ija/champs.txt
1805,4,3b 400m,0:01:17.40,Christoph Mitasch,M,AUT,2022,?,IJA Database
1806,4,3b 400m,0:01:17.00,Len Ferman,M,USA,2020,?,IJA Database
1807,4,3b 5km,0:23:22.00,Julian Tam,M,0,2016,?,https://sites.google.com/site/guelph5kjoggling/results
1808,3,3b 400m,0:01:47.00,Verena Rau,F,DEU,03/08/2026,?,https://drive.google.com/file/d/1XEZ6TLz2q2lpJ89CLP3F6wQBp5zFDskm/view?usp=sharing
1809,3,3b 400m,0:01:47.78,Silvia Osiek,F,DEU,09/08/2025,?,EJC results in Joggler's United Group
1810,3,3b 400m,0:01:47.48,Yvonne Burchartz,F,DEU,09/08/2025,?,EJC results in Joggler's United Group
1811,3,3b Mile,0:06:45.90,Jacob Cowan,M,0,19/07/2025,?,IJA Database
1812,3,3b 800m,0:04:03.33,Heather Marriott,F,USA,11/07/2024,?,IJA Database
1813,3,3b 5km,0:23:26.00,Kacper Suchora,M,POL,01/06/2024,1,https://www.parkrun.pl/mlynowkakrolewska/results/36/
1814,3,3b Marathon,4:12:34.00,Barak Hirschowitz,M,USA,17/03/2024,?,https://results2.xacte.com/#/e/2537/placings
1815,3,3c 5km,0:33:52.00,Karly Swaim,F,USA,20/05/2023,6,https://runsignup.com/Race/Results/21231/IndividualResult/GHPP#U21578490
1816,3,3b 5km,0:23:25.00,Brian Linehan,M,IRL,07/01/2023,?,https://www.parkrun.ie/pobalscoilnatrionoide/results/44/   https://www.facebook.com/profile/100067922504955/search/?q=juggling
1817,3,3b 1000m,0:03:54.70,Jacob Heimer,M,0,29/06/2019,?,IJA Database
1818,3,3b 400m,0:01:47.70,Alayna Bowlin,F,0,20/07/2013,?,IJA Database
1819,3,3b 800m,0:02:58.10,Justin Kolas,M,0,20/07/2010,?,https://dev.juggle.org/history/champs/champs2010.php
1820,3,3b Marathon,4:12:56.00,Perry Romanowski,M,USA,28/04/2003,?,
1821,3,3b Mile,0:09:22.00,Laurie Young,F,0,19/07/1995,?,https://dev.juggle.org/history/champs/champs1995.php
1822,3,3b 800m,0:02:58.70,Craig Muhlenkamp,M,USA,2025,?,IJA Database
1823,2,3b Mile,0:06:46.00,Joe Kara,M,AUS,08/08/2026,?,https://drive.google.com/file/d/1v5KXHNKD3UqQcFqTQ_POWGjEc5X8w7t7/view?usp=sharing
1824,2,3b Half Marathon,1:54:21.00,Stuart Humphries,M,GBR,22/03/2026,21,
1825,2,3b 5km,0:23:31.00,Luca Haase,M,NLD,04/08/2025,?,EJC results in Joggler's United Group
1826,2,3b 5km,0:23:29.00,Paul Cahen,M,FRA,04/08/2025,?,EJC results in Joggler's United Group
1827,2,3c 5km,0:34:09.00,Karly Swaim,F,USA,18/05/2024,9,https://runsignup.com/Race/Results/21231/IndividualResult/gJXz?resultSetId=458231#U21578490
1828,2,3b 5km,0:23:28.00,Kacper Suchora,M,POL,06/04/2024,?,https://www.parkrun.pl/mlynowkakrolewska/results/28/
1829,2,3b 5km,0:23:29.00,Piotr Maciejewski,M,POL,29/07/2023,2,https://www.instagram.com/p/CvTzairoUBX/?img_index=1 https://www.parkrun.pl/ogrodsaski/results/140/  
1830,2,3b 10km,0:51:15.00,Jonathan Austin,M,USA,22/04/2023,0,Email exchange
1831,2,3b 5km,0:23:29.00,Scott Jenkins,M,GBR,28/01/2023,1,https://www.strava.com/activities/8464216907
1832,2,3b 1000m,0:03:55.30,Yaroshenko Stepan,M,RUS,17/07/2022,?,https://vk.com/wall-16055255_8327
1833,2,3b 5km,0:23:33.00,Scott Jenkins,M,GBR,05/03/2022,?,
1834,2,3b 5km,0:23:32.00,Scott Jenkins,M,GBR,01/01/2022,?,
1835,2,3b 1000m,0:03:55.00,Ilia Poliakov,M,ISR,25/7/2021,?,https://vk.com/wall-16055255_8154
1836,2,3b 600m,0:02:59.90,Heather Marriott,F,USA,29/06/2019,?,IJA Database
1837,2,3b Marathon,4:14:19.00,Daniel Raum,M,AUT,27/05/2018,?,https://services.datasport.com/2018/lauf/winterthur/alfar.htm
1838,2,3b 800m,0:04:04.70,Laura Schroeder,F,0,15/07/2017,?,IJA Database
1839,2,3b Mile,0:06:47.00,Nicolas Souren,M,0,30/07/2016,?,IJA Database
1840,2,3b 5km,0:23:30.00,Mike Moore,M,USA,05/07/2015,?,https://sites.google.com/site/guelph5kjoggling/results
1841,2,3b 5km,0:34:02.00,Laurie Young,F,0,20/07/1996,?,https://dev.juggle.org/history/champs/champs1996.php
1842,1,3b Mile,0:06:49.00,Bo Butze,M,DEU,08/08/2026,?,https://drive.google.com/file/d/1v5KXHNKD3UqQcFqTQ_POWGjEc5X8w7t7/view?usp=sharing
1843,1,3b Mile,0:06:48.00,Jamal da Silva Ermisch,M,DEU,08/08/2026,?,https://drive.google.com/file/d/1v5KXHNKD3UqQcFqTQ_POWGjEc5X8w7t7/view?usp=sharing
1844,1,3b 400m,0:01:18.22,Alistair Richards,M,GBR,06/08/2026,?,https://drive.google.com/file/d/1qnrcWsPurOdbl_2fbmmvB_rNF_XWH7Ph/view?usp=sharing
1845,1,3b 400m,0:01:48.59,Anna Maria Denzler,F,DEU,06/08/2026,?,https://drive.google.com/file/d/1qnrcWsPurOdbl_2fbmmvB_rNF_XWH7Ph/view?usp=sharing
1846,1,3b 400m,0:01:18.81,Alistair Richards,M,GBR,04/08/2026,?,https://drive.google.com/file/d/1XEZ6TLz2q2lpJ89CLP3F6wQBp5zFDskm/view?usp=sharing
1847,1,3b 400m,0:01:18.72,Vasek Peca,M,CZE,04/08/2026,?,https://drive.google.com/file/d/1XEZ6TLz2q2lpJ89CLP3F6wQBp5zFDskm/view?usp=sharing
1848,1,3b 400m,0:01:48.19,Yasmin Stohr,F,DEU,04/08/2026,?,https://drive.google.com/file/d/1XEZ6TLz2q2lpJ89CLP3F6wQBp5zFDskm/view?usp=sharing
1849,1,3b 400m,0:01:18.12,Timothy Ross,M,USA,02/08/2026,?,https://drive.google.com/file/d/1XEZ6TLz2q2lpJ89CLP3F6wQBp5zFDskm/view?usp=sharing
1850,1,3b 400m,0:01:18.48,Jamal Da Silva Ermisch,M,DEU,09/08/2025,?,EJC results in Joggler's United Group
1851,1,3b 5km,0:23:37.00,Shimon Levikov,M,DEU,04/08/2025,?,EJC results in Joggler's United Group
1852,1,3b 5km,0:23:41.00,Stuart Humphries,M,GBR,31/08/2024,0,https://www.parkrun.org.uk/woodley/results/542/
1853,1,3b 5km,0:23:41.00,Stuart Humphries,M,GBR,31/08/2024,0,https://www.parkrun.org.uk/woodley/results/542/
1854,1,3b 200m,0:00:35.02,Draco Tong,M,0,11/07/2024,?,IJA Database
1855,1,3b 5km,0:23:38.00,Scott Jenkins,M,GBR,06/01/2024,0,https://www.strava.com/activities/10503497653
1856,1,3c 5km,0:34:17.00,Karly Swaim,F,USA,04/09/2023,?,https://my.raceresult.com/256977/results#1_13B7ED
1857,1,3b 5km,0:23:41.00,Toon Witters,M,BEL,14/05/2023,1,"https://www.strava.com/activities/9068289058, barefoot"
1858,1,3b Marathon,4:15:35.00,Barak Hirschowitz,M,USA,02/10/2022,?,https://results.tcslondonmarathon.com/2022/?pid=search
1859,1,3b Marathon,4:15:15.00,Tim Butler,M,GBR,17/10/2021,?,Marathon #60: https://www.joggling.co.uk/Marathon-List
1860,1,3b 5km,0:23:36.00,Malachy Kelly,M,IRL,25/12/2019,?,https://www.parkrun.ie/sligo/results/254/
1861,1,3b 200m,0:00:35.06,Owen Gerba,M,0,29/06/2019,?,IJA Database
1862,1,3b 400m,0:01:18.70,Peter Holmquist,M,0,24/07/2018,?,IJA Database
1863,1,3b 400m,0:01:48.61,Laura Green,F,0,25/07/2015,?,http://www.juggling.org/orgs/ija/champs.txt
1864,1,3b 400m,0:01:18.30,Mike Moore,M,USA,02/08/2014,?,IJA Database
1865,1,3b 400m,0:01:48.00,Riga Moettus,F,USA,02/08/2014,?,IJA Database
1866,1,3b 400m,0:01:18.40,Daniel Raum,M,AUT,20/07/2013,?,IJA Database
1867,1,3b 400m,0:01:18.90,Dylan Waickman,M,0,21/07/2012,?,IJA Database
1868,1,3b 400m,0:01:18.30,Daniel Burke,M,0,20/07/2011,?,IJA Database
1869,1,3b 400m,0:01:18.40,Kevin Giblin,M,0,20/07/2011,?,IJA Database
1870,1,3b 400m,0:01:18.57,Jack Levy,M,0,14/07/2009,?,https://dev.juggle.org/history/champs/champs2009.php
1871,1,3b 200m,0:00:35.44,Kyler McClintock,M,0,14/07/2009,?,https://dev.juggle.org/history/champs/champs2009.php
1872,1,3b 200m,0:00:35.60,Perry Romanowski,M,USA,15/07/2008,?,https://dev.juggle.org/history/champs/champs2008.php
1873,1,3b 400m,0:01:18.40,Anders Kierulf,M,0,17/07/2007,?,https://dev.juggle.org/history/champs/champs2007.php
1874,1,3b 200m,0:00:35.43,Daniel Rose,M,0,17/07/2007,?,https://dev.juggle.org/history/champs/champs2007.php
1875,1,3b 200m,0:00:35.85,Mike Monson,M,0,18/07/2006,?,https://dev.juggle.org/history/champs/champs2006.php
1876,1,3b 400m,0:01:18.00,Mike Monson,M,0,18/07/2006,?,https://dev.juggle.org/history/champs/champs2006.php
1877,1,3b 200m,0:00:35.80,Sam Nerenhaus,M,0,18/07/2006,?,https://dev.juggle.org/history/champs/champs2006.php
1878,1,3b Marathon,4:16:06.00,Perry Romanowski,M,USA,22/10/2000,?,https://chicago-history.r.mikatiming.com/2021/?pid=search
1879,1,3b 5km,0:23:39.00,George Strain,M,0,30/07/1999,?,IJA Database
1880,1,3b 400m,0:01:48.50,Mary Holgin,F,0,15/07/1998,?,IJA Database
1881,1,3b 400m,0:01:48.50,Dorothy Finnigan,F,0,06/08/1997,?,https://dev.juggle.org/history/champs/champs1997.php
1882,1,3b 400m,0:01:48.20,Joanne Swaim,F,0,13/08/1994,?,https://dev.juggle.org/history/champs/champs1994.php
1883,1,3b 200m,0:00:35.03,Daniel Raum,M,AUT,2025,?,IJA Database
1884,1,3b 200m,0:00:35.33,Brady Xue,M,USA,2023,?,IJA Database
1885,1,3b 200m,0:00:35.00,Daniel Raum,M,AUT,2023,?,IJA Database
1886,1,3b 200m,0:00:35.94,Christoph Mitasch,M,AUT,2021,?,IJA Database
1887,1,3b 400m,0:01:18.10,Daniel Raum,M,AUT,2021,?,IJA Database
1888,1,3b 200m,0:00:35.37,David Pavlove Cunsolo,M,0,2021,?,IJA Database
1889,1,3b 200m,0:00:35.10,Len Ferman,M,USA,2021,?,IJA Database
1890,1,3b 5km,0:23:34.00,Christoph Mitasch,M,AUT,2020,?,IJA Database
