Date,Year,Distance,Event / Venue,Joggler,Gender,Nationality,Finish Time,Drops,Notes / Result Links,"",_duplicated_0,total_seconds,IAAF Points
08/08/2026,2026,3b Mile,European Joggling Championships 2026 - Road Races,Alistair Richards,M,GBR,0:06:32.00,?,https://drive.google.com/file/d/1v5KXHNKD3UqQcFqTQ_POWGjEc5X8w7t7/view?usp=sharing,,,392,18
08/08/2026,2026,3c Mile,European Joggling Championships 2026 - Road Races,Beer van Noordwijk,M,NLD,0:10:09.00,?,https://drive.google.com/file/d/1v5KXHNKD3UqQcFqTQ_POWGjEc5X8w7t7/view?usp=sharing,,,609,0
08/08/2026,2026,3b Mile,European Joggling Championships 2026 - Road Races,Beer van Noordwijk,M,NLD,0:09:31.00,?,https://drive.google.com/file/d/1v5KXHNKD3UqQcFqTQ_POWGjEc5X8w7t7/view?usp=sharing,,,571,0
08/08/2026,2026,3b Mile,European Joggling Championships 2026 - Road Races,Bo Butze,M,DEU,0:06:49.00,?,https://drive.google.com/file/d/1v5KXHNKD3UqQcFqTQ_POWGjEc5X8w7t7/view?usp=sharing,,,409,1
08/08/2026,2026,3b Mile,European Joggling Championships 2026 - Road Races,Co Stuifbergen,M,NLD,0:08:07.00,?,https://drive.google.com/file/d/1v5KXHNKD3UqQcFqTQ_POWGjEc5X8w7t7/view?usp=sharing,,,487,0
08/08/2026,2026,3b Mile,European Joggling Championships 2026 - Road Races,Corinna Werther,F,DEU,0:12:15.00,?,https://drive.google.com/file/d/1v5KXHNKD3UqQcFqTQ_POWGjEc5X8w7t7/view?usp=sharing,,,735,0
08/08/2026,2026,3b Mile,European Joggling Championships 2026 - Road Races,Emilia Panke,F,DEU,0:12:43.00,?,https://drive.google.com/file/d/1v5KXHNKD3UqQcFqTQ_POWGjEc5X8w7t7/view?usp=sharing,,,763,0
08/08/2026,2026,3b Mile,European Joggling Championships 2026 - Road Races,Emma Roschkowski,F,DEU,0:12:43.00,?,https://drive.google.com/file/d/1v5KXHNKD3UqQcFqTQ_POWGjEc5X8w7t7/view?usp=sharing,,,763,0
08/08/2026,2026,3c Mile,European Joggling Championships 2026 - Road Races,Jakub Tomko,M,SVK,0:10:22.00,?,https://drive.google.com/file/d/1v5KXHNKD3UqQcFqTQ_POWGjEc5X8w7t7/view?usp=sharing,,,622,0
08/08/2026,2026,3b Mile,European Joggling Championships 2026 - Road Races,Jamal da Silva Ermisch,M,DEU,0:06:48.00,?,https://drive.google.com/file/d/1v5KXHNKD3UqQcFqTQ_POWGjEc5X8w7t7/view?usp=sharing,,,408,1
08/08/2026,2026,3b Mile,European Joggling Championships 2026 - Road Races,Jessie Fahey,F,NZL,0:12:24.00,?,https://drive.google.com/file/d/1v5KXHNKD3UqQcFqTQ_POWGjEc5X8w7t7/view?usp=sharing,,,744,0
08/08/2026,2026,3b Mile,European Joggling Championships 2026 - Road Races,Joe Kara,M,AUS,0:06:46.00,?,https://drive.google.com/file/d/1v5KXHNKD3UqQcFqTQ_POWGjEc5X8w7t7/view?usp=sharing,,,406,2
08/08/2026,2026,3b Mile,European Joggling Championships 2026 - Road Races,Junya Inoue,M,JPN,0:09:24.00,?,https://drive.google.com/file/d/1v5KXHNKD3UqQcFqTQ_POWGjEc5X8w7t7/view?usp=sharing,,,564,0
08/08/2026,2026,3c Mile,European Joggling Championships 2026 - Road Races,Karel Schuller,M,NLD,0:07:38.00,?,https://drive.google.com/file/d/1v5KXHNKD3UqQcFqTQ_POWGjEc5X8w7t7/view?usp=sharing,,,458,0
08/08/2026,2026,3b Mile,European Joggling Championships 2026 - Road Races,Karel Schuller,M,NLD,0:06:10.00,?,https://drive.google.com/file/d/1v5KXHNKD3UqQcFqTQ_POWGjEc5X8w7t7/view?usp=sharing,,,370,71
08/08/2026,2026,3c Mile,European Joggling Championships 2026 - Road Races,Karly Swaim,F,USA,0:11:16.00,?,https://drive.google.com/file/d/1v5KXHNKD3UqQcFqTQ_POWGjEc5X8w7t7/view?usp=sharing,,,676,0
08/08/2026,2026,3b Mile,European Joggling Championships 2026 - Road Races,Kaupo Pilder,M,EST,0:07:12.00,?,https://drive.google.com/file/d/1v5KXHNKD3UqQcFqTQ_POWGjEc5X8w7t7/view?usp=sharing,,,432,0
08/08/2026,2026,3c Mile,European Joggling Championships 2026 - Road Races,Kenny Cheung,M,AUS,0:08:45.00,?,https://drive.google.com/file/d/1v5KXHNKD3UqQcFqTQ_POWGjEc5X8w7t7/view?usp=sharing,,,525,0
08/08/2026,2026,3c Mile,European Joggling Championships 2026 - Road Races,Kevin Niittyviita,M,FIN,0:06:27.00,?,https://drive.google.com/file/d/1v5KXHNKD3UqQcFqTQ_POWGjEc5X8w7t7/view?usp=sharing,,,387,0
08/08/2026,2026,3b Mile,European Joggling Championships 2026 - Road Races,Kevin Niittyviita,M,FIN,0:05:37.00,?,https://drive.google.com/file/d/1v5KXHNKD3UqQcFqTQ_POWGjEc5X8w7t7/view?usp=sharing,,,337,213
08/08/2026,2026,3b Mile,European Joggling Championships 2026 - Road Races,Krzysztof Riewold,M,POL,0:08:23.00,?,https://drive.google.com/file/d/1v5KXHNKD3UqQcFqTQ_POWGjEc5X8w7t7/view?usp=sharing,,,503,0
08/08/2026,2026,3b Mile,European Joggling Championships 2026 - Road Races,Leander Weise,M,DEU,0:08:08.00,?,https://drive.google.com/file/d/1v5KXHNKD3UqQcFqTQ_POWGjEc5X8w7t7/view?usp=sharing,,,488,0
08/08/2026,2026,3c Mile,European Joggling Championships 2026 - Road Races,Leo Ostenrath,M,DEU,0:11:10.00,?,https://drive.google.com/file/d/1v5KXHNKD3UqQcFqTQ_POWGjEc5X8w7t7/view?usp=sharing,,,670,0
08/08/2026,2026,3c Mile,European Joggling Championships 2026 - Road Races,Luuk Hofmeijer,M,NLD,0:08:22.00,?,https://drive.google.com/file/d/1v5KXHNKD3UqQcFqTQ_POWGjEc5X8w7t7/view?usp=sharing,,,502,0
08/08/2026,2026,3b Mile,European Joggling Championships 2026 - Road Races,Luuk Hofmeijer,M,NLD,0:07:41.00,?,https://drive.google.com/file/d/1v5KXHNKD3UqQcFqTQ_POWGjEc5X8w7t7/view?usp=sharing,,,461,0
08/08/2026,2026,3b Mile,European Joggling Championships 2026 - Road Races,Marissa Adler,F,DEU,0:11:16.00,?,https://drive.google.com/file/d/1v5KXHNKD3UqQcFqTQ_POWGjEc5X8w7t7/view?usp=sharing,,,676,0
08/08/2026,2026,3b Mile,European Joggling Championships 2026 - Road Races,Michaela Kluh,F,DEU,0:13:43.00,?,https://drive.google.com/file/d/1v5KXHNKD3UqQcFqTQ_POWGjEc5X8w7t7/view?usp=sharing,,,823,0
08/08/2026,2026,3b Mile,European Joggling Championships 2026 - Road Races,Onur Erdem,M,TUR,0:07:48.00,?,https://drive.google.com/file/d/1v5KXHNKD3UqQcFqTQ_POWGjEc5X8w7t7/view?usp=sharing,,,468,0
08/08/2026,2026,3b Mile,European Joggling Championships 2026 - Road Races,Pavel Matula,M,CZE,0:08:33.00,?,https://drive.google.com/file/d/1v5KXHNKD3UqQcFqTQ_POWGjEc5X8w7t7/view?usp=sharing,,,513,0
08/08/2026,2026,3b Mile,European Joggling Championships 2026 - Road Races,Pavol Hlavaty,M,SVK,0:07:31.00,?,https://drive.google.com/file/d/1v5KXHNKD3UqQcFqTQ_POWGjEc5X8w7t7/view?usp=sharing,,,451,0
08/08/2026,2026,3b Mile,European Joggling Championships 2026 - Road Races,Primoz Sesek,M,SVN,0:07:16.00,?,https://drive.google.com/file/d/1v5KXHNKD3UqQcFqTQ_POWGjEc5X8w7t7/view?usp=sharing,,,436,0
08/08/2026,2026,3b Mile,European Joggling Championships 2026 - Road Races,Romana Brosch,F,AUT,0:11:08.00,?,https://drive.google.com/file/d/1v5KXHNKD3UqQcFqTQ_POWGjEc5X8w7t7/view?usp=sharing,,,668,0
08/08/2026,2026,3b Mile,European Joggling Championships 2026 - Road Races,Ruth Groene,F,DEU,0:09:55.00,?,https://drive.google.com/file/d/1v5KXHNKD3UqQcFqTQ_POWGjEc5X8w7t7/view?usp=sharing,,,595,0
08/08/2026,2026,3c Mile,European Joggling Championships 2026 - Road Races,Samuel Bastida,M,NZL,0:09:48.00,?,https://drive.google.com/file/d/1v5KXHNKD3UqQcFqTQ_POWGjEc5X8w7t7/view?usp=sharing,,,588,0
08/08/2026,2026,3b Mile,European Joggling Championships 2026 - Road Races,Samuel Bastida,M,NZL,0:09:44.00,?,https://drive.google.com/file/d/1v5KXHNKD3UqQcFqTQ_POWGjEc5X8w7t7/view?usp=sharing,,,584,0
08/08/2026,2026,3b Mile,European Joggling Championships 2026 - Road Races,Samuel Tittelein,M,FRA,0:07:26.00,?,https://drive.google.com/file/d/1v5KXHNKD3UqQcFqTQ_POWGjEc5X8w7t7/view?usp=sharing,,,446,0
08/08/2026,2026,3b Mile,European Joggling Championships 2026 - Road Races,Saskia Bershinski,F,DEU,0:11:24.00,?,https://drive.google.com/file/d/1v5KXHNKD3UqQcFqTQ_POWGjEc5X8w7t7/view?usp=sharing,,,684,0
08/08/2026,2026,3b Mile,European Joggling Championships 2026 - Road Races,Scott Jenkins,M,GBR,0:05:21.00,?,https://drive.google.com/file/d/1v5KXHNKD3UqQcFqTQ_POWGjEc5X8w7t7/view?usp=sharing,,,321,310
08/08/2026,2026,3b Mile,European Joggling Championships 2026 - Road Races,Shahar Cohen,M,ISR,0:08:18.00,?,https://drive.google.com/file/d/1v5KXHNKD3UqQcFqTQ_POWGjEc5X8w7t7/view?usp=sharing,,,498,0
08/08/2026,2026,3b Mile,European Joggling Championships 2026 - Road Races,Shimon Levikov,M,DEU,0:06:33.00,?,https://drive.google.com/file/d/1v5KXHNKD3UqQcFqTQ_POWGjEc5X8w7t7/view?usp=sharing,,,393,16
08/08/2026,2026,3b Mile,European Joggling Championships 2026 - Road Races,Simeon Doetsch,M,DEU,0:07:05.00,?,https://drive.google.com/file/d/1v5KXHNKD3UqQcFqTQ_POWGjEc5X8w7t7/view?usp=sharing,,,425,0
08/08/2026,2026,3b Mile,European Joggling Championships 2026 - Road Races,Simon Hilbich,M,DEU,0:09:00.00,?,https://drive.google.com/file/d/1v5KXHNKD3UqQcFqTQ_POWGjEc5X8w7t7/view?usp=sharing,,,540,0
08/08/2026,2026,3b Mile,European Joggling Championships 2026 - Road Races,Simona Uguccioni,F,ITA,0:12:57.00,?,https://drive.google.com/file/d/1v5KXHNKD3UqQcFqTQ_POWGjEc5X8w7t7/view?usp=sharing,,,777,0
08/08/2026,2026,3c Mile,European Joggling Championships 2026 - Road Races,Sophie Mrazek,F,AUT,0:16:09.00,?,https://drive.google.com/file/d/1v5KXHNKD3UqQcFqTQ_POWGjEc5X8w7t7/view?usp=sharing,,,969,0
08/08/2026,2026,3b Mile,European Joggling Championships 2026 - Road Races,Sophie Mrazek,F,AUT,0:11:12.00,?,https://drive.google.com/file/d/1v5KXHNKD3UqQcFqTQ_POWGjEc5X8w7t7/view?usp=sharing,,,672,0
08/08/2026,2026,3c Mile,European Joggling Championships 2026 - Road Races,Stephan Neinhardt,M,DEU,0:10:14.00,?,https://drive.google.com/file/d/1v5KXHNKD3UqQcFqTQ_POWGjEc5X8w7t7/view?usp=sharing,,,614,0
08/08/2026,2026,3b Mile,European Joggling Championships 2026 - Road Races,Stephan Neinhardt,M,DEU,0:08:32.00,?,https://drive.google.com/file/d/1v5KXHNKD3UqQcFqTQ_POWGjEc5X8w7t7/view?usp=sharing,,,512,0
08/08/2026,2026,3c Mile,European Joggling Championships 2026 - Road Races,Stijn Westerbeek,M,NLD,0:06:42.00,?,https://drive.google.com/file/d/1v5KXHNKD3UqQcFqTQ_POWGjEc5X8w7t7/view?usp=sharing,,,402,0
08/08/2026,2026,3b Mile,European Joggling Championships 2026 - Road Races,Stijn Westerbeek,M,NLD,0:05:21.00,?,https://drive.google.com/file/d/1v5KXHNKD3UqQcFqTQ_POWGjEc5X8w7t7/view?usp=sharing,,,321,310
08/08/2026,2026,3b Mile,European Joggling Championships 2026 - Road Races,Tamara Maul,F,DEU,0:07:57.00,?,https://drive.google.com/file/d/1v5KXHNKD3UqQcFqTQ_POWGjEc5X8w7t7/view?usp=sharing,,,477,123
08/08/2026,2026,3b Mile,European Joggling Championships 2026 - Road Races,Tobias Ludwig,M,DEU,0:07:55.00,?,https://drive.google.com/file/d/1v5KXHNKD3UqQcFqTQ_POWGjEc5X8w7t7/view?usp=sharing,,,475,0
08/08/2026,2026,3b Mile,European Joggling Championships 2026 - Road Races,Uros Marolt,M,SVN,0:07:26.00,?,https://drive.google.com/file/d/1v5KXHNKD3UqQcFqTQ_POWGjEc5X8w7t7/view?usp=sharing,,,446,0
08/08/2026,2026,3b Mile,European Joggling Championships 2026 - Road Races,Vasek Peca,M,CZE,0:06:55.00,?,https://drive.google.com/file/d/1v5KXHNKD3UqQcFqTQ_POWGjEc5X8w7t7/view?usp=sharing,,,415,0
06/08/2026,2026,3b 400m,European Joggling Championships 2026 - Finals,Alistair Richards,M,GBR,0:01:18.22,?,https://drive.google.com/file/d/1qnrcWsPurOdbl_2fbmmvB_rNF_XWH7Ph/view?usp=sharing,,,78,1
06/08/2026,2026,5b 100m,European Joggling Championships 2026 - Finals,Alistair Richards,M,GBR,0:00:54.57,?,https://drive.google.com/file/d/1qnrcWsPurOdbl_2fbmmvB_rNF_XWH7Ph/view?usp=sharing,,,54,0
06/08/2026,2026,3b 4x100m,European Joggling Championships 2026 - Finals,"Alistair Richards, Dominic Lodge, Karly Swaim, Scott Jenkins",Mixed,Mixed,0:01:12.71,?,https://drive.google.com/file/d/1qnrcWsPurOdbl_2fbmmvB_rNF_XWH7Ph/view?usp=sharing,,,72,0
06/08/2026,2026,3c 4x100m,European Joggling Championships 2026 - Finals,"Anezka Houhova, Jan Marc Daumin, Vasek Peca, Luca Pferdmenges",M,Mixed,0:01:29.69,?,https://drive.google.com/file/d/1qnrcWsPurOdbl_2fbmmvB_rNF_XWH7Ph/view?usp=sharing,,,89,0
06/08/2026,2026,3b 4x100m,European Joggling Championships 2026 - Finals,"Anezka Houhova, Jan Marc Daumin, Vasek Peca, Luca Pferdmenges",Mixed,Mixed,0:01:08.76,?,https://drive.google.com/file/d/1qnrcWsPurOdbl_2fbmmvB_rNF_XWH7Ph/view?usp=sharing,,,68,2
06/08/2026,2026,3b 100m,European Joggling Championships 2026 - Finals,Anna Maria Denzler,F,DEU,0:00:27.87,?,https://drive.google.com/file/d/1qnrcWsPurOdbl_2fbmmvB_rNF_XWH7Ph/view?usp=sharing,,,27,0
06/08/2026,2026,3b 400m,European Joggling Championships 2026 - Finals,Anna Maria Denzler,F,DEU,0:01:48.59,?,https://drive.google.com/file/d/1qnrcWsPurOdbl_2fbmmvB_rNF_XWH7Ph/view?usp=sharing,,,108,1
06/08/2026,2026,5b 100m,European Joggling Championships 2026 - Finals,Bence Onodi,M,HUN,0:00:21.22,?,https://drive.google.com/file/d/1qnrcWsPurOdbl_2fbmmvB_rNF_XWH7Ph/view?usp=sharing,,,21,0
06/08/2026,2026,3b 100m,European Joggling Championships 2026 - Finals,Benjamin Go,M,NLD,0:00:27.59,?,https://drive.google.com/file/d/1qnrcWsPurOdbl_2fbmmvB_rNF_XWH7Ph/view?usp=sharing,,,27,0
06/08/2026,2026,3b 400m,European Joggling Championships 2026 - Finals,Benjamin Go,M,NLD,0:01:52.59,?,https://drive.google.com/file/d/1qnrcWsPurOdbl_2fbmmvB_rNF_XWH7Ph/view?usp=sharing,,,112,0
06/08/2026,2026,3c 4x100m,European Joggling Championships 2026 - Finals,"Bosznay Balazs, Istvan Toth, Balazs Palmai, Bence Onodi",M,HUN,0:02:25.50,?,https://drive.google.com/file/d/1qnrcWsPurOdbl_2fbmmvB_rNF_XWH7Ph/view?usp=sharing,,,145,0
06/08/2026,2026,3b 4x100m,European Joggling Championships 2026 - Finals,"Bosznay Balazs, Istvan Toth, Veronika, Balazs Palmai",Mixed,HUN,0:01:45.75,?,https://drive.google.com/file/d/1qnrcWsPurOdbl_2fbmmvB_rNF_XWH7Ph/view?usp=sharing,,,105,0
06/08/2026,2026,3b 100m,European Joggling Championships 2026 - Finals,Caterina Denzler,F,DEU,0:00:28.21,?,https://drive.google.com/file/d/1qnrcWsPurOdbl_2fbmmvB_rNF_XWH7Ph/view?usp=sharing,,,28,0
06/08/2026,2026,3b 400m,European Joggling Championships 2026 - Finals,Caterina Denzler,F,DEU,0:02:08.12,?,https://drive.google.com/file/d/1qnrcWsPurOdbl_2fbmmvB_rNF_XWH7Ph/view?usp=sharing,,,128,0
06/08/2026,2026,3b 100m,European Joggling Championships 2026 - Finals,Christina-Anna Senser,F,DEU,0:00:18.29,?,https://drive.google.com/file/d/1qnrcWsPurOdbl_2fbmmvB_rNF_XWH7Ph/view?usp=sharing,,,18,158
06/08/2026,2026,3b 400m,European Joggling Championships 2026 - Finals,Christina-Anna Senser,F,DEU,0:01:33.63,?,https://drive.google.com/file/d/1qnrcWsPurOdbl_2fbmmvB_rNF_XWH7Ph/view?usp=sharing,,,93,96
06/08/2026,2026,5b 100m,European Joggling Championships 2026 - Finals,Christina-Anna Senser,F,DEU,0:01:00.79,?,https://drive.google.com/file/d/1qnrcWsPurOdbl_2fbmmvB_rNF_XWH7Ph/view?usp=sharing,,,60,0
06/08/2026,2026,3c 100m,European Joggling Championships 2026 - Finals,Christina-Anna Senser,F,DEU,0:00:34.22,?,https://drive.google.com/file/d/1qnrcWsPurOdbl_2fbmmvB_rNF_XWH7Ph/view?usp=sharing,,,34,0
06/08/2026,2026,3c 100m,European Joggling Championships 2026 - Finals,Clarissa Widder,F,DEU,0:00:22.83,?,https://drive.google.com/file/d/1qnrcWsPurOdbl_2fbmmvB_rNF_XWH7Ph/view?usp=sharing,,,22,0
06/08/2026,2026,3c 100m,European Joggling Championships 2026 - Finals,David Lohuis,M,DEU,0:00:23.94,?,https://drive.google.com/file/d/1qnrcWsPurOdbl_2fbmmvB_rNF_XWH7Ph/view?usp=sharing,,,23,0
06/08/2026,2026,3b 100m,European Joggling Championships 2026 - Finals,Dominic Lodge,M,GBR,0:00:21.50,?,https://drive.google.com/file/d/1qnrcWsPurOdbl_2fbmmvB_rNF_XWH7Ph/view?usp=sharing,,,21,0
06/08/2026,2026,3b 400m,European Joggling Championships 2026 - Finals,Dominic Lodge,M,GBR,0:01:07.00,?,https://drive.google.com/file/d/1qnrcWsPurOdbl_2fbmmvB_rNF_XWH7Ph/view?usp=sharing,,,67,147
06/08/2026,2026,5b 100m,European Joggling Championships 2026 - Finals,Dominic Lodge,M,GBR,0:00:43.85,?,https://drive.google.com/file/d/1qnrcWsPurOdbl_2fbmmvB_rNF_XWH7Ph/view?usp=sharing,,,43,0
06/08/2026,2026,3b 4x100m,European Joggling Championships 2026 - Finals,"Emily, Marlene Chudzian, Luise Chudzian, Lukas",Mixed,DEU,0:01:38.10,?,https://drive.google.com/file/d/1qnrcWsPurOdbl_2fbmmvB_rNF_XWH7Ph/view?usp=sharing,,,98,0
06/08/2026,2026,3b 100m,European Joggling Championships 2026 - Finals,Finn Mertens,M,BEL,0:00:21.41,?,https://drive.google.com/file/d/1qnrcWsPurOdbl_2fbmmvB_rNF_XWH7Ph/view?usp=sharing,,,21,0
06/08/2026,2026,3b 400m,European Joggling Championships 2026 - Finals,Finn Mertens,M,BEL,0:01:14.38,?,https://drive.google.com/file/d/1qnrcWsPurOdbl_2fbmmvB_rNF_XWH7Ph/view?usp=sharing,,,74,25
06/08/2026,2026,3b 100m,European Joggling Championships 2026 - Finals,Fiona Verscheure,F,BEL,0:00:20.81,?,https://drive.google.com/file/d/1qnrcWsPurOdbl_2fbmmvB_rNF_XWH7Ph/view?usp=sharing,,,20,39
06/08/2026,2026,3b 400m,European Joggling Championships 2026 - Finals,Fiona Verscheure,F,BEL,0:01:33.62,?,https://drive.google.com/file/d/1qnrcWsPurOdbl_2fbmmvB_rNF_XWH7Ph/view?usp=sharing,,,93,96
06/08/2026,2026,5b 100m,European Joggling Championships 2026 - Finals,Fiona Verscheure,F,BEL,0:01:49.09,?,https://drive.google.com/file/d/1qnrcWsPurOdbl_2fbmmvB_rNF_XWH7Ph/view?usp=sharing,,,109,0
06/08/2026,2026,3c 100m,European Joggling Championships 2026 - Finals,Fiona Verscheure,F,BEL,0:00:36.28,?,https://drive.google.com/file/d/1qnrcWsPurOdbl_2fbmmvB_rNF_XWH7Ph/view?usp=sharing,,,36,0
06/08/2026,2026,3b 100m,European Joggling Championships 2026 - Finals,Gordon Wilson,M,GBR,0:00:17.72,?,https://drive.google.com/file/d/1qnrcWsPurOdbl_2fbmmvB_rNF_XWH7Ph/view?usp=sharing,,,17,0
06/08/2026,2026,5b 100m,European Joggling Championships 2026 - Finals,Gordon Wilson,M,GBR,0:01:50.75,?,https://drive.google.com/file/d/1qnrcWsPurOdbl_2fbmmvB_rNF_XWH7Ph/view?usp=sharing,,,110,0
06/08/2026,2026,3c 100m,European Joggling Championships 2026 - Finals,Gordon Wilson,M,GBR,0:00:24.91,?,https://drive.google.com/file/d/1qnrcWsPurOdbl_2fbmmvB_rNF_XWH7Ph/view?usp=sharing,,,24,0
06/08/2026,2026,3b 100m,European Joggling Championships 2026 - Finals,Hannaloore Teder,F,EST,0:00:48.50,?,https://drive.google.com/file/d/1qnrcWsPurOdbl_2fbmmvB_rNF_XWH7Ph/view?usp=sharing,,,48,0
06/08/2026,2026,3b 100m,European Joggling Championships 2026 - Finals,Iveta Navratilova,F,CZE,0:00:26.28,?,https://drive.google.com/file/d/1qnrcWsPurOdbl_2fbmmvB_rNF_XWH7Ph/view?usp=sharing,,,26,0
06/08/2026,2026,3b 400m,European Joggling Championships 2026 - Finals,Iveta Navratilova,F,CZE,0:01:55.88,?,https://drive.google.com/file/d/1qnrcWsPurOdbl_2fbmmvB_rNF_XWH7Ph/view?usp=sharing,,,115,0
06/08/2026,2026,3b 4x100m,European Joggling Championships 2026 - Finals,"Jamal da Silva Ermisch, Kevin Niittyviita, Tamino Larisch, Shimon Levikov",M,Mixed,0:01:10.71,?,https://drive.google.com/file/d/1qnrcWsPurOdbl_2fbmmvB_rNF_XWH7Ph/view?usp=sharing,,,70,0
06/08/2026,2026,7b 100m,European Joggling Championships 2026 - Finals,Jan Marc Daumin,M,DEU,0:03:19.81,?,https://drive.google.com/file/d/1qnrcWsPurOdbl_2fbmmvB_rNF_XWH7Ph/view?usp=sharing,,,199,0
06/08/2026,2026,3c 100m,European Joggling Championships 2026 - Finals,Jan Marc Daumin,M,DEU,0:00:17.66,?,https://drive.google.com/file/d/1qnrcWsPurOdbl_2fbmmvB_rNF_XWH7Ph/view?usp=sharing,,,17,0
06/08/2026,2026,3c 4x100m,European Joggling Championships 2026 - Finals,"Jan Zdunkiewicz, Dominik Biel, Jowita Nowogrodzka-Ligeza, Krzysztof Riewold",Mixed,POL,0:02:09.34,?,https://drive.google.com/file/d/1qnrcWsPurOdbl_2fbmmvB_rNF_XWH7Ph/view?usp=sharing,,,129,0
06/08/2026,2026,3b 4x100m,European Joggling Championships 2026 - Finals,"Jan Zdunkiewicz, Dominik Biel, Jowita Nowogrodzka-Ligeza, Krzysztof Riewold",Mixed,POL,0:01:22.69,?,https://drive.google.com/file/d/1qnrcWsPurOdbl_2fbmmvB_rNF_XWH7Ph/view?usp=sharing,,,82,0
06/08/2026,2026,3b 400m,European Joggling Championships 2026 - Finals,Joe Kara,M,AUS,0:01:11.78,?,https://drive.google.com/file/d/1qnrcWsPurOdbl_2fbmmvB_rNF_XWH7Ph/view?usp=sharing,,,71,65
06/08/2026,2026,3b 100m,European Joggling Championships 2026 - Finals,Jowita Nowogrodzka-Ligeza,F,POL,0:00:19.72,?,https://drive.google.com/file/d/1qnrcWsPurOdbl_2fbmmvB_rNF_XWH7Ph/view?usp=sharing,,,19,89
06/08/2026,2026,3b 400m,European Joggling Championships 2026 - Finals,Jowita Nowogrodzka-Ligeza,F,POL,0:01:45.19,?,https://drive.google.com/file/d/1qnrcWsPurOdbl_2fbmmvB_rNF_XWH7Ph/view?usp=sharing,,,105,8
06/08/2026,2026,3b 4x100m,European Joggling Championships 2026 - Finals,"Junya Inoue, Tobias Ludwig, Simeon Doetsch, Paul Adam",M,Mixed,0:01:21.13,?,https://drive.google.com/file/d/1qnrcWsPurOdbl_2fbmmvB_rNF_XWH7Ph/view?usp=sharing,,,81,0
06/08/2026,2026,3b 100m,European Joggling Championships 2026 - Finals,Karel Schuller,M,NLD,0:00:14.63,?,https://drive.google.com/file/d/1qnrcWsPurOdbl_2fbmmvB_rNF_XWH7Ph/view?usp=sharing,,,14,221
06/08/2026,2026,3b 400m,European Joggling Championships 2026 - Finals,Karel Schuller,M,NLD,0:01:09.53,?,https://drive.google.com/file/d/1qnrcWsPurOdbl_2fbmmvB_rNF_XWH7Ph/view?usp=sharing,,,69,102
06/08/2026,2026,7b 100m,European Joggling Championships 2026 - Finals,Karel Schuller,M,NLD,0:01:43.09,?,https://drive.google.com/file/d/1qnrcWsPurOdbl_2fbmmvB_rNF_XWH7Ph/view?usp=sharing,,,103,0
06/08/2026,2026,5b 100m,European Joggling Championships 2026 - Finals,Karel Schuller,M,NLD,0:00:18.47,?,https://drive.google.com/file/d/1qnrcWsPurOdbl_2fbmmvB_rNF_XWH7Ph/view?usp=sharing,,,18,0
06/08/2026,2026,3c 100m,European Joggling Championships 2026 - Finals,Karel Schuller,M,NLD,0:00:32.19,?,https://drive.google.com/file/d/1qnrcWsPurOdbl_2fbmmvB_rNF_XWH7Ph/view?usp=sharing,,,32,0
06/08/2026,2026,3b 100m,European Joggling Championships 2026 - Finals,Karly Swaim,F,USA,0:00:20.91,?,https://drive.google.com/file/d/1qnrcWsPurOdbl_2fbmmvB_rNF_XWH7Ph/view?usp=sharing,,,20,39
06/08/2026,2026,3b 400m,European Joggling Championships 2026 - Finals,Karly Swaim,F,USA,0:01:46.43,?,https://drive.google.com/file/d/1qnrcWsPurOdbl_2fbmmvB_rNF_XWH7Ph/view?usp=sharing,,,106,5
06/08/2026,2026,5b 100m,European Joggling Championships 2026 - Finals,Karly Swaim,F,USA,0:03:59.72,?,https://drive.google.com/file/d/1qnrcWsPurOdbl_2fbmmvB_rNF_XWH7Ph/view?usp=sharing,,,239,0
06/08/2026,2026,3c 100m,European Joggling Championships 2026 - Finals,Karly Swaim,F,USA,0:00:26.74,?,https://drive.google.com/file/d/1qnrcWsPurOdbl_2fbmmvB_rNF_XWH7Ph/view?usp=sharing,,,26,0
06/08/2026,2026,5b 100m,European Joggling Championships 2026 - Finals,Katharina Michalski,F,DEU,0:01:54.88,?,https://drive.google.com/file/d/1qnrcWsPurOdbl_2fbmmvB_rNF_XWH7Ph/view?usp=sharing,,,114,0
06/08/2026,2026,3b 100m,European Joggling Championships 2026 - Finals,Kaupo Pilder,M,EST,0:00:15.87,?,https://drive.google.com/file/d/1qnrcWsPurOdbl_2fbmmvB_rNF_XWH7Ph/view?usp=sharing,,,15,98
06/08/2026,2026,3b 400m,European Joggling Championships 2026 - Finals,Kaupo Pilder,M,EST,0:01:24.25,?,https://drive.google.com/file/d/1qnrcWsPurOdbl_2fbmmvB_rNF_XWH7Ph/view?usp=sharing,,,84,0
06/08/2026,2026,7b 100m,European Joggling Championships 2026 - Finals,Kenny Cheung,M,AUS,0:02:24.81,?,https://drive.google.com/file/d/1qnrcWsPurOdbl_2fbmmvB_rNF_XWH7Ph/view?usp=sharing,,,144,0
06/08/2026,2026,3c 100m,European Joggling Championships 2026 - Finals,Kenny Cheung,M,AUS,0:00:18.38,?,https://drive.google.com/file/d/1qnrcWsPurOdbl_2fbmmvB_rNF_XWH7Ph/view?usp=sharing,,,18,0
06/08/2026,2026,3b 100m,European Joggling Championships 2026 - Finals,Kevin Niittyviita,M,FIN,0:00:16.37,?,https://drive.google.com/file/d/1qnrcWsPurOdbl_2fbmmvB_rNF_XWH7Ph/view?usp=sharing,,,16,24
06/08/2026,2026,3b 400m,European Joggling Championships 2026 - Finals,Kevin Niittyviita,M,FIN,0:01:11.79,?,https://drive.google.com/file/d/1qnrcWsPurOdbl_2fbmmvB_rNF_XWH7Ph/view?usp=sharing,,,71,65
06/08/2026,2026,7b 100m,European Joggling Championships 2026 - Finals,Kevin Niittyviita,M,FIN,0:01:18.30,?,https://drive.google.com/file/d/1qnrcWsPurOdbl_2fbmmvB_rNF_XWH7Ph/view?usp=sharing,,,78,0
06/08/2026,2026,5b 100m,European Joggling Championships 2026 - Finals,Kevin Niittyviita,M,FIN,0:00:20.28,?,https://drive.google.com/file/d/1qnrcWsPurOdbl_2fbmmvB_rNF_XWH7Ph/view?usp=sharing,,,20,0
06/08/2026,2026,3c 100m,European Joggling Championships 2026 - Finals,Kevin Niittyviita,M,FIN,0:00:16.85,?,https://drive.google.com/file/d/1qnrcWsPurOdbl_2fbmmvB_rNF_XWH7Ph/view?usp=sharing,,,16,24
06/08/2026,2026,3c 4x100m,European Joggling Championships 2026 - Finals,"Kevin Niittyviita, David Lohuis, Shimon Levikov, Tamino Larisch",M,Mixed,0:01:19.78,?,https://drive.google.com/file/d/1qnrcWsPurOdbl_2fbmmvB_rNF_XWH7Ph/view?usp=sharing,,,79,0
06/08/2026,2026,3b 100m,European Joggling Championships 2026 - Finals,Luca Pferdmenges,M,DEU,0:00:15.07,?,https://drive.google.com/file/d/1qnrcWsPurOdbl_2fbmmvB_rNF_XWH7Ph/view?usp=sharing,,,15,98
06/08/2026,2026,7b 100m,European Joggling Championships 2026 - Finals,Luca Pferdmenges,M,DEU,0:01:22.69,?,https://drive.google.com/file/d/1qnrcWsPurOdbl_2fbmmvB_rNF_XWH7Ph/view?usp=sharing,,,82,0
06/08/2026,2026,5b 100m,European Joggling Championships 2026 - Finals,Luca Pferdmenges,M,DEU,0:00:30.28,?,https://drive.google.com/file/d/1qnrcWsPurOdbl_2fbmmvB_rNF_XWH7Ph/view?usp=sharing,,,30,0
06/08/2026,2026,3c 100m,European Joggling Championships 2026 - Finals,Luca Pferdmenges,M,DEU,0:00:17.37,?,https://drive.google.com/file/d/1qnrcWsPurOdbl_2fbmmvB_rNF_XWH7Ph/view?usp=sharing,,,17,0
06/08/2026,2026,3b 100m,European Joggling Championships 2026 - Finals,Michaela Kluh,F,DEU,0:00:46.81,?,https://drive.google.com/file/d/1qnrcWsPurOdbl_2fbmmvB_rNF_XWH7Ph/view?usp=sharing,,,46,0
06/08/2026,2026,3b 400m,European Joggling Championships 2026 - Finals,Michaela Kluh,F,DEU,0:03:07.84,?,https://drive.google.com/file/d/1qnrcWsPurOdbl_2fbmmvB_rNF_XWH7Ph/view?usp=sharing,,,187,0
06/08/2026,2026,3b 4x100m,European Joggling Championships 2026 - Finals,"Michaela Klüh, Ruth Groene, Caterina Denzler, Anna Maria Denzler",F,DEU,0:02:00.41,?,https://drive.google.com/file/d/1qnrcWsPurOdbl_2fbmmvB_rNF_XWH7Ph/view?usp=sharing,,,120,0
06/08/2026,2026,3b 100m,European Joggling Championships 2026 - Finals,Natascha Ilgin,F,DEU,0:00:17.83,?,https://drive.google.com/file/d/1qnrcWsPurOdbl_2fbmmvB_rNF_XWH7Ph/view?usp=sharing,,,17,248
06/08/2026,2026,3b 100m,European Joggling Championships 2026 - Finals,Pavel Matula,M,CZE,0:00:20.91,?,https://drive.google.com/file/d/1qnrcWsPurOdbl_2fbmmvB_rNF_XWH7Ph/view?usp=sharing,,,20,0
06/08/2026,2026,3b 400m,European Joggling Championships 2026 - Finals,Pavel Matula,M,CZE,0:01:39.25,?,https://drive.google.com/file/d/1qnrcWsPurOdbl_2fbmmvB_rNF_XWH7Ph/view?usp=sharing,,,99,0
06/08/2026,2026,5b 100m,European Joggling Championships 2026 - Finals,Pavel Matula,M,CZE,0:01:56.81,?,https://drive.google.com/file/d/1qnrcWsPurOdbl_2fbmmvB_rNF_XWH7Ph/view?usp=sharing,,,116,0
06/08/2026,2026,3c 100m,European Joggling Championships 2026 - Finals,Pavel Matula,M,CZE,0:00:39.25,?,https://drive.google.com/file/d/1qnrcWsPurOdbl_2fbmmvB_rNF_XWH7Ph/view?usp=sharing,,,39,0
06/08/2026,2026,5b 100m,European Joggling Championships 2026 - Finals,Pavol Hlavaty,M,SVK,0:00:38.09,?,https://drive.google.com/file/d/1qnrcWsPurOdbl_2fbmmvB_rNF_XWH7Ph/view?usp=sharing,,,38,0
06/08/2026,2026,3b 100m,European Joggling Championships 2026 - Finals,Primoz Sesek,M,SVN,0:00:18.03,?,https://drive.google.com/file/d/1qnrcWsPurOdbl_2fbmmvB_rNF_XWH7Ph/view?usp=sharing,,,18,0
06/08/2026,2026,3b 400m,European Joggling Championships 2026 - Finals,Primoz Sesek,M,SVN,0:01:25.50,?,https://drive.google.com/file/d/1qnrcWsPurOdbl_2fbmmvB_rNF_XWH7Ph/view?usp=sharing,,,85,0
06/08/2026,2026,3b 4x100m,European Joggling Championships 2026 - Finals,"Primo eek, Sacha Tomse, Andrej Tomse, Uros Marolt",M,SVN,0:01:32.35,?,https://drive.google.com/file/d/1qnrcWsPurOdbl_2fbmmvB_rNF_XWH7Ph/view?usp=sharing,,,92,0
06/08/2026,2026,3b 100m,European Joggling Championships 2026 - Finals,Ruth Groene,F,DEU,0:00:33.59,?,https://drive.google.com/file/d/1qnrcWsPurOdbl_2fbmmvB_rNF_XWH7Ph/view?usp=sharing,,,33,0
06/08/2026,2026,3b 400m,European Joggling Championships 2026 - Finals,Ruth Groene,F,DEU,0:01:53.41,?,https://drive.google.com/file/d/1qnrcWsPurOdbl_2fbmmvB_rNF_XWH7Ph/view?usp=sharing,,,113,0
06/08/2026,2026,3b 4x100m,European Joggling Championships 2026 - Finals,"Sake Roelofs, Scott, Sean, Gordon Wilson",M,Mixed,0:01:35.68,?,https://drive.google.com/file/d/1qnrcWsPurOdbl_2fbmmvB_rNF_XWH7Ph/view?usp=sharing,,,95,0
06/08/2026,2026,3b 100m,European Joggling Championships 2026 - Finals,Samuel Tittelein,M,FRA,0:00:19.47,?,https://drive.google.com/file/d/1qnrcWsPurOdbl_2fbmmvB_rNF_XWH7Ph/view?usp=sharing,,,19,0
06/08/2026,2026,3b 400m,European Joggling Championships 2026 - Finals,Samuel Tittelein,M,FRA,0:01:24.25,?,https://drive.google.com/file/d/1qnrcWsPurOdbl_2fbmmvB_rNF_XWH7Ph/view?usp=sharing,,,84,0
06/08/2026,2026,3c 100m,European Joggling Championships 2026 - Finals,Samuel Tittelein,M,FRA,0:00:30.47,?,https://drive.google.com/file/d/1qnrcWsPurOdbl_2fbmmvB_rNF_XWH7Ph/view?usp=sharing,,,30,0
06/08/2026,2026,3b 100m,European Joggling Championships 2026 - Finals,Scott Jenkins,M,GBR,0:00:13.57,?,https://drive.google.com/file/d/1qnrcWsPurOdbl_2fbmmvB_rNF_XWH7Ph/view?usp=sharing,,,13,394
06/08/2026,2026,3b 400m,European Joggling Championships 2026 - Finals,Scott Jenkins,M,GBR,0:01:00.23,?,https://drive.google.com/file/d/1qnrcWsPurOdbl_2fbmmvB_rNF_XWH7Ph/view?usp=sharing,,,60,368
06/08/2026,2026,5b 100m,European Joggling Championships 2026 - Finals,Scott Jenkins,M,GBR,0:00:26.82,?,https://drive.google.com/file/d/1qnrcWsPurOdbl_2fbmmvB_rNF_XWH7Ph/view?usp=sharing,,,26,0
06/08/2026,2026,3b 100m,European Joggling Championships 2026 - Finals,Shimon Levikov,M,DEU,0:00:27.00,?,https://drive.google.com/file/d/1qnrcWsPurOdbl_2fbmmvB_rNF_XWH7Ph/view?usp=sharing,,,27,0
06/08/2026,2026,3b 400m,European Joggling Championships 2026 - Finals,Shimon Levikov,M,DEU,0:01:09.09,?,https://drive.google.com/file/d/1qnrcWsPurOdbl_2fbmmvB_rNF_XWH7Ph/view?usp=sharing,,,69,102
06/08/2026,2026,3c 100m,European Joggling Championships 2026 - Finals,Shimon Levikov,M,DEU,0:00:17.55,?,https://drive.google.com/file/d/1qnrcWsPurOdbl_2fbmmvB_rNF_XWH7Ph/view?usp=sharing,,,17,0
06/08/2026,2026,3b 100m,European Joggling Championships 2026 - Finals,Simona Uguccioni,F,ITA,0:00:33.18,?,https://drive.google.com/file/d/1qnrcWsPurOdbl_2fbmmvB_rNF_XWH7Ph/view?usp=sharing,,,33,0
06/08/2026,2026,3b 400m,European Joggling Championships 2026 - Finals,Simona Uguccioni,F,ITA,0:02:14.78,?,https://drive.google.com/file/d/1qnrcWsPurOdbl_2fbmmvB_rNF_XWH7Ph/view?usp=sharing,,,134,0
06/08/2026,2026,3c 100m,European Joggling Championships 2026 - Finals,Simona Uguccioni,F,ITA,0:00:40.31,?,https://drive.google.com/file/d/1qnrcWsPurOdbl_2fbmmvB_rNF_XWH7Ph/view?usp=sharing,,,40,0
06/08/2026,2026,3b 100m,European Joggling Championships 2026 - Finals,Stijn Westerbeek,M,NLD,0:00:13.97,?,https://drive.google.com/file/d/1qnrcWsPurOdbl_2fbmmvB_rNF_XWH7Ph/view?usp=sharing,,,13,394
06/08/2026,2026,3b 400m,European Joggling Championships 2026 - Finals,Stijn Westerbeek,M,NLD,0:01:02.43,?,https://drive.google.com/file/d/1qnrcWsPurOdbl_2fbmmvB_rNF_XWH7Ph/view?usp=sharing,,,62,295
06/08/2026,2026,5b 100m,European Joggling Championships 2026 - Finals,Stijn Westerbeek,M,NLD,0:00:29.86,?,https://drive.google.com/file/d/1qnrcWsPurOdbl_2fbmmvB_rNF_XWH7Ph/view?usp=sharing,,,29,0
06/08/2026,2026,3c 100m,European Joggling Championships 2026 - Finals,Stijn Westerbeek,M,NLD,0:00:16.01,?,https://drive.google.com/file/d/1qnrcWsPurOdbl_2fbmmvB_rNF_XWH7Ph/view?usp=sharing,,,16,24
06/08/2026,2026,3c 4x100m,European Joggling Championships 2026 - Finals,"Stijn Westerbeek, Marijn, Luuk Hofmeijer, Karel Schuller",M,NLD,0:01:18.66,?,https://drive.google.com/file/d/1qnrcWsPurOdbl_2fbmmvB_rNF_XWH7Ph/view?usp=sharing,,,78,0
06/08/2026,2026,3b 4x100m,European Joggling Championships 2026 - Finals,"Stijn Westerbeek, Marijn, Luuk Hofmeijer, Karel Schuller",M,NLD,0:01:10.75,?,https://drive.google.com/file/d/1qnrcWsPurOdbl_2fbmmvB_rNF_XWH7Ph/view?usp=sharing,,,70,0
06/08/2026,2026,3b 100m,European Joggling Championships 2026 - Finals,Tamara Maul,F,DEU,0:00:18.29,?,https://drive.google.com/file/d/1qnrcWsPurOdbl_2fbmmvB_rNF_XWH7Ph/view?usp=sharing,,,18,158
06/08/2026,2026,3b 400m,European Joggling Championships 2026 - Finals,Tamara Maul,F,DEU,0:01:30.78,?,https://drive.google.com/file/d/1qnrcWsPurOdbl_2fbmmvB_rNF_XWH7Ph/view?usp=sharing,,,90,134
06/08/2026,2026,5b 100m,European Joggling Championships 2026 - Finals,Tamara Maul,F,DEU,0:01:57.32,?,https://drive.google.com/file/d/1qnrcWsPurOdbl_2fbmmvB_rNF_XWH7Ph/view?usp=sharing,,,117,0
06/08/2026,2026,3c 100m,European Joggling Championships 2026 - Finals,Tamara Maul,F,DEU,0:00:24.72,?,https://drive.google.com/file/d/1qnrcWsPurOdbl_2fbmmvB_rNF_XWH7Ph/view?usp=sharing,,,24,0
06/08/2026,2026,3b 4x100m,European Joggling Championships 2026 - Finals,"Tamara Maul, Katharina Michalski, Christina-Anna Senser, Verena Rau",F,DEU,0:01:23.62,?,https://drive.google.com/file/d/1qnrcWsPurOdbl_2fbmmvB_rNF_XWH7Ph/view?usp=sharing,,,83,87
06/08/2026,2026,3c 4x100m,European Joggling Championships 2026 - Finals,"Tamara Maul, Thomas Killus, Clariss Widder, Verena Rau",Mixed,DEU,0:01:28.76,?,https://drive.google.com/file/d/1qnrcWsPurOdbl_2fbmmvB_rNF_XWH7Ph/view?usp=sharing,,,88,0
06/08/2026,2026,3b 100m,European Joggling Championships 2026 - Finals,Tamino Larisch,M,DEU,0:00:14.87,?,https://drive.google.com/file/d/1qnrcWsPurOdbl_2fbmmvB_rNF_XWH7Ph/view?usp=sharing,,,14,221
06/08/2026,2026,3b 400m,European Joggling Championships 2026 - Finals,Tamino Larisch,M,DEU,0:01:17.16,?,https://drive.google.com/file/d/1qnrcWsPurOdbl_2fbmmvB_rNF_XWH7Ph/view?usp=sharing,,,77,4
06/08/2026,2026,5b 100m,European Joggling Championships 2026 - Finals,Tamino Larisch,M,DEU,0:00:22.60,?,https://drive.google.com/file/d/1qnrcWsPurOdbl_2fbmmvB_rNF_XWH7Ph/view?usp=sharing,,,22,0
06/08/2026,2026,3c 100m,European Joggling Championships 2026 - Finals,Tamino Larisch,M,DEU,0:00:21.00,?,https://drive.google.com/file/d/1qnrcWsPurOdbl_2fbmmvB_rNF_XWH7Ph/view?usp=sharing,,,21,0
06/08/2026,2026,3c 400m,European Joggling Championships 2026 - Finals,Thom Herzmark,M,GBR,0:01:23.73,?,https://drive.google.com/file/d/1qnrcWsPurOdbl_2fbmmvB_rNF_XWH7Ph/view?usp=sharing,,,83,0
06/08/2026,2026,3c 100m,European Joggling Championships 2026 - Finals,Thom Herzmark,M,GBR,0:00:18.82,?,https://drive.google.com/file/d/1qnrcWsPurOdbl_2fbmmvB_rNF_XWH7Ph/view?usp=sharing,,,18,0
06/08/2026,2026,3c 100m,European Joggling Championships 2026 - Finals,Thomas Killus,M,DEU,0:00:28.60,?,https://drive.google.com/file/d/1qnrcWsPurOdbl_2fbmmvB_rNF_XWH7Ph/view?usp=sharing,,,28,0
06/08/2026,2026,3b 100m,European Joggling Championships 2026 - Finals,Timothy Ross,M,USA,0:00:16.15,?,https://drive.google.com/file/d/1qnrcWsPurOdbl_2fbmmvB_rNF_XWH7Ph/view?usp=sharing,,,16,24
06/08/2026,2026,3b 100m,European Joggling Championships 2026 - Finals,Uros Marolt,M,SVN,0:00:20.32,?,https://drive.google.com/file/d/1qnrcWsPurOdbl_2fbmmvB_rNF_XWH7Ph/view?usp=sharing,,,20,0
06/08/2026,2026,3b 100m,European Joggling Championships 2026 - Finals,Vasek Peca,M,CZE,0:00:24.29,?,https://drive.google.com/file/d/1qnrcWsPurOdbl_2fbmmvB_rNF_XWH7Ph/view?usp=sharing,,,24,0
06/08/2026,2026,3b 400m,European Joggling Championships 2026 - Finals,Vasek Peca,M,CZE,0:01:13.97,?,https://drive.google.com/file/d/1qnrcWsPurOdbl_2fbmmvB_rNF_XWH7Ph/view?usp=sharing,,,73,36
06/08/2026,2026,7b 100m,European Joggling Championships 2026 - Finals,Vasek Peca,M,CZE,0:02:24.56,?,https://drive.google.com/file/d/1qnrcWsPurOdbl_2fbmmvB_rNF_XWH7Ph/view?usp=sharing,,,144,0
06/08/2026,2026,5b 100m,European Joggling Championships 2026 - Finals,Vasek Peca,M,CZE,0:00:31.91,?,https://drive.google.com/file/d/1qnrcWsPurOdbl_2fbmmvB_rNF_XWH7Ph/view?usp=sharing,,,31,0
06/08/2026,2026,3b 100m,European Joggling Championships 2026 - Finals,Verena Rau,F,DEU,0:00:18.69,?,https://drive.google.com/file/d/1qnrcWsPurOdbl_2fbmmvB_rNF_XWH7Ph/view?usp=sharing,,,18,158
06/08/2026,2026,3b 400m,European Joggling Championships 2026 - Finals,Verena Rau,F,DEU,0:01:41.91,?,https://drive.google.com/file/d/1qnrcWsPurOdbl_2fbmmvB_rNF_XWH7Ph/view?usp=sharing,,,101,27
06/08/2026,2026,5b 100m,European Joggling Championships 2026 - Finals,Verena Rau,F,DEU,0:01:01.78,?,https://drive.google.com/file/d/1qnrcWsPurOdbl_2fbmmvB_rNF_XWH7Ph/view?usp=sharing,,,61,0
06/08/2026,2026,3c 100m,European Joggling Championships 2026 - Finals,Verena Rau,F,DEU,0:00:24.09,?,https://drive.google.com/file/d/1qnrcWsPurOdbl_2fbmmvB_rNF_XWH7Ph/view?usp=sharing,,,24,0
06/08/2026,2026,3b 100m,European Joggling Championships 2026 - Finals,Vojtech Holicky,M,CZE,0:00:16.09,?,https://drive.google.com/file/d/1qnrcWsPurOdbl_2fbmmvB_rNF_XWH7Ph/view?usp=sharing,,,16,24
06/08/2026,2026,3b 400m,European Joggling Championships 2026 - Finals,Yasmin Stohr,F,DEU,0:01:40.66,?,https://drive.google.com/file/d/1qnrcWsPurOdbl_2fbmmvB_rNF_XWH7Ph/view?usp=sharing,,,100,33
06/08/2026,2026,3b 100m,European Joggling Championships 2026 - Finals,Yvonne Burchartz,F,DEU,0:00:21.59,?,https://drive.google.com/file/d/1qnrcWsPurOdbl_2fbmmvB_rNF_XWH7Ph/view?usp=sharing,,,21,9
06/08/2026,2026,3b 400m,European Joggling Championships 2026 - Finals,Yvonne Burchartz,F,DEU,0:01:35.94,?,https://drive.google.com/file/d/1qnrcWsPurOdbl_2fbmmvB_rNF_XWH7Ph/view?usp=sharing,,,95,75
06/08/2026,2026,3c 100m,European Joggling Championships 2026 - Finals,Yvonne Burchartz,F,DEU,0:00:27.90,?,https://drive.google.com/file/d/1qnrcWsPurOdbl_2fbmmvB_rNF_XWH7Ph/view?usp=sharing,,,27,0
04/08/2026,2026,5b 100m,European Joggling Championships 2026 - Day 3 Qualifying,Alistair Richards,M,GBR,0:00:46.03,?,https://drive.google.com/file/d/1XEZ6TLz2q2lpJ89CLP3F6wQBp5zFDskm/view?usp=sharing,,,46,0
04/08/2026,2026,5b 100m,European Joggling Championships 2026 - Day 3 Qualifying,Alistair Richards,M,GBR,0:00:44.25,?,https://drive.google.com/file/d/1XEZ6TLz2q2lpJ89CLP3F6wQBp5zFDskm/view?usp=sharing,,,44,0
04/08/2026,2026,5b 100m,European Joggling Championships 2026 - Day 3 Qualifying,Alistair Richards,M,GBR,0:00:43.72,?,https://drive.google.com/file/d/1XEZ6TLz2q2lpJ89CLP3F6wQBp5zFDskm/view?usp=sharing,,,43,0
04/08/2026,2026,5b 100m,European Joggling Championships 2026 - Day 3 Qualifying,Alistair Richards,M,GBR,0:00:44.93,?,https://drive.google.com/file/d/1XEZ6TLz2q2lpJ89CLP3F6wQBp5zFDskm/view?usp=sharing,,,44,0
04/08/2026,2026,5b 100m,European Joggling Championships 2026 - Day 3 Qualifying,Alistair Richards,M,GBR,0:00:40.94,?,https://drive.google.com/file/d/1XEZ6TLz2q2lpJ89CLP3F6wQBp5zFDskm/view?usp=sharing,,,40,0
04/08/2026,2026,3b 400m,European Joggling Championships 2026 - Day 3 Qualifying,Alistair Richards,M,GBR,0:01:18.81,?,https://drive.google.com/file/d/1XEZ6TLz2q2lpJ89CLP3F6wQBp5zFDskm/view?usp=sharing,,,78,1
04/08/2026,2026,3b 100m,European Joggling Championships 2026 - Day 3 Qualifying,Anna Maria Denzler,F,DEU,0:00:30.34,?,https://drive.google.com/file/d/1XEZ6TLz2q2lpJ89CLP3F6wQBp5zFDskm/view?usp=sharing,,,30,0
04/08/2026,2026,3b 100m,European Joggling Championships 2026 - Day 3 Qualifying,Anna Maria Denzler,F,DEU,0:00:23.04,?,https://drive.google.com/file/d/1XEZ6TLz2q2lpJ89CLP3F6wQBp5zFDskm/view?usp=sharing,,,23,0
04/08/2026,2026,3b 400m,European Joggling Championships 2026 - Day 3 Qualifying,Ben-Janning Hackbarth,M,DEU,0:01:20.19,?,https://drive.google.com/file/d/1XEZ6TLz2q2lpJ89CLP3F6wQBp5zFDskm/view?usp=sharing,,,80,0
04/08/2026,2026,5b 100m,European Joggling Championships 2026 - Day 3 Qualifying,Ben-Janning Hackbarth,M,DEU,0:01:09.22,?,https://drive.google.com/file/d/1XEZ6TLz2q2lpJ89CLP3F6wQBp5zFDskm/view?usp=sharing,,,69,0
04/08/2026,2026,3b 400m,European Joggling Championships 2026 - Day 3 Qualifying,Ben-Janning Hackbarth,M,DEU,0:01:23.85,?,https://drive.google.com/file/d/1XEZ6TLz2q2lpJ89CLP3F6wQBp5zFDskm/view?usp=sharing,,,83,0
04/08/2026,2026,3b 100m,European Joggling Championships 2026 - Day 3 Qualifying,Ben-Janning Hackbarth,M,DEU,0:00:16.47,?,https://drive.google.com/file/d/1XEZ6TLz2q2lpJ89CLP3F6wQBp5zFDskm/view?usp=sharing,,,16,24
04/08/2026,2026,5b 100m,European Joggling Championships 2026 - Day 3 Qualifying,Ben-Janning Hackbarth,M,DEU,0:01:20.50,?,https://drive.google.com/file/d/1XEZ6TLz2q2lpJ89CLP3F6wQBp5zFDskm/view?usp=sharing,,,80,0
04/08/2026,2026,3c 100m,European Joggling Championships 2026 - Day 3 Qualifying,Bosznay Balazs,M,HUN,0:00:26.00,?,https://drive.google.com/file/d/1XEZ6TLz2q2lpJ89CLP3F6wQBp5zFDskm/view?usp=sharing,,,26,0
04/08/2026,2026,3b 100m,European Joggling Championships 2026 - Day 3 Qualifying,Caterina Denzler,F,DEU,0:00:24.85,?,https://drive.google.com/file/d/1XEZ6TLz2q2lpJ89CLP3F6wQBp5zFDskm/view?usp=sharing,,,24,0
04/08/2026,2026,3b 100m,European Joggling Championships 2026 - Day 3 Qualifying,Caterina Denzler,F,DEU,0:00:34.03,?,https://drive.google.com/file/d/1XEZ6TLz2q2lpJ89CLP3F6wQBp5zFDskm/view?usp=sharing,,,34,0
04/08/2026,2026,3b 100m,European Joggling Championships 2026 - Day 3 Qualifying,Caterina Denzler,F,DEU,0:00:24.03,?,https://drive.google.com/file/d/1XEZ6TLz2q2lpJ89CLP3F6wQBp5zFDskm/view?usp=sharing,,,24,0
04/08/2026,2026,3b 100m,European Joggling Championships 2026 - Day 3 Qualifying,Caterina Denzler,F,DEU,0:00:34.12,?,https://drive.google.com/file/d/1XEZ6TLz2q2lpJ89CLP3F6wQBp5zFDskm/view?usp=sharing,,,34,0
04/08/2026,2026,3b 100m,European Joggling Championships 2026 - Day 3 Qualifying,Caterina Denzler,F,DEU,0:00:26.84,?,https://drive.google.com/file/d/1XEZ6TLz2q2lpJ89CLP3F6wQBp5zFDskm/view?usp=sharing,,,26,0
04/08/2026,2026,3b 100m,European Joggling Championships 2026 - Day 3 Qualifying,Caterina Denzler,F,DEU,0:00:23.40,?,https://drive.google.com/file/d/1XEZ6TLz2q2lpJ89CLP3F6wQBp5zFDskm/view?usp=sharing,,,23,0
04/08/2026,2026,3c 100m,European Joggling Championships 2026 - Day 3 Qualifying,Christina-Anna Senser,F,DEU,0:00:22.35,?,https://drive.google.com/file/d/1XEZ6TLz2q2lpJ89CLP3F6wQBp5zFDskm/view?usp=sharing,,,22,0
04/08/2026,2026,3c 100m,European Joggling Championships 2026 - Day 3 Qualifying,Christina-Anna Senser,F,DEU,0:00:24.62,?,https://drive.google.com/file/d/1XEZ6TLz2q2lpJ89CLP3F6wQBp5zFDskm/view?usp=sharing,,,24,0
04/08/2026,2026,5b 100m,European Joggling Championships 2026 - Day 3 Qualifying,Christina-Anna Senser,F,DEU,0:00:58.66,?,https://drive.google.com/file/d/1XEZ6TLz2q2lpJ89CLP3F6wQBp5zFDskm/view?usp=sharing,,,58,0
04/08/2026,2026,3b 100m,European Joggling Championships 2026 - Day 3 Qualifying,Christina-Anna Senser,F,DEU,0:00:44.63,?,https://drive.google.com/file/d/1XEZ6TLz2q2lpJ89CLP3F6wQBp5zFDskm/view?usp=sharing,,,44,0
04/08/2026,2026,3b 100m,European Joggling Championships 2026 - Day 3 Qualifying,Christina-Anna Senser,F,DEU,0:00:45.87,?,https://drive.google.com/file/d/1XEZ6TLz2q2lpJ89CLP3F6wQBp5zFDskm/view?usp=sharing,,,45,0
04/08/2026,2026,5b 100m,European Joggling Championships 2026 - Day 3 Qualifying,Dominic Lodge,M,GBR,0:00:30.19,?,https://drive.google.com/file/d/1XEZ6TLz2q2lpJ89CLP3F6wQBp5zFDskm/view?usp=sharing,,,30,0
04/08/2026,2026,3b 400m,European Joggling Championships 2026 - Day 3 Qualifying,Dominic Lodge,M,GBR,0:01:11.91,?,https://drive.google.com/file/d/1XEZ6TLz2q2lpJ89CLP3F6wQBp5zFDskm/view?usp=sharing,,,71,65
04/08/2026,2026,3b 100m,European Joggling Championships 2026 - Day 3 Qualifying,Dominic Lodge,M,GBR,0:00:14.03,?,https://drive.google.com/file/d/1XEZ6TLz2q2lpJ89CLP3F6wQBp5zFDskm/view?usp=sharing,,,14,221
04/08/2026,2026,3b 100m,European Joggling Championships 2026 - Day 3 Qualifying,Eugene Petkevich,M,POL,0:00:26.29,?,https://drive.google.com/file/d/1XEZ6TLz2q2lpJ89CLP3F6wQBp5zFDskm/view?usp=sharing,,,26,0
04/08/2026,2026,3b 100m,European Joggling Championships 2026 - Day 3 Qualifying,Felix Spiller,M,DEU,0:00:22.81,?,https://drive.google.com/file/d/1XEZ6TLz2q2lpJ89CLP3F6wQBp5zFDskm/view?usp=sharing,,,22,0
04/08/2026,2026,3b 100m,European Joggling Championships 2026 - Day 3 Qualifying,Felix Spiller,M,DEU,0:00:22.16,?,https://drive.google.com/file/d/1XEZ6TLz2q2lpJ89CLP3F6wQBp5zFDskm/view?usp=sharing,,,22,0
04/08/2026,2026,3c 100m,European Joggling Championships 2026 - Day 3 Qualifying,Finn Mertens,M,BEL,0:00:24.85,?,https://drive.google.com/file/d/1XEZ6TLz2q2lpJ89CLP3F6wQBp5zFDskm/view?usp=sharing,,,24,0
04/08/2026,2026,3b 400m,European Joggling Championships 2026 - Day 3 Qualifying,Finn Mertens,M,BEL,0:01:10.72,?,https://drive.google.com/file/d/1XEZ6TLz2q2lpJ89CLP3F6wQBp5zFDskm/view?usp=sharing,,,70,82
04/08/2026,2026,3b 100m,European Joggling Championships 2026 - Day 3 Qualifying,Finn Mertens,M,BEL,0:00:14.22,?,https://drive.google.com/file/d/1XEZ6TLz2q2lpJ89CLP3F6wQBp5zFDskm/view?usp=sharing,,,14,221
04/08/2026,2026,3b 100m,European Joggling Championships 2026 - Day 3 Qualifying,Finn Mertens,M,BEL,0:00:14.75,?,https://drive.google.com/file/d/1XEZ6TLz2q2lpJ89CLP3F6wQBp5zFDskm/view?usp=sharing,,,14,221
04/08/2026,2026,3c 100m,European Joggling Championships 2026 - Day 3 Qualifying,Finn Mertens,M,BEL,0:00:21.53,?,https://drive.google.com/file/d/1XEZ6TLz2q2lpJ89CLP3F6wQBp5zFDskm/view?usp=sharing,,,21,0
04/08/2026,2026,5b 100m,European Joggling Championships 2026 - Day 3 Qualifying,Fiona Verscheure,F,BEL,0:02:24.75,?,https://drive.google.com/file/d/1XEZ6TLz2q2lpJ89CLP3F6wQBp5zFDskm/view?usp=sharing,,,144,0
04/08/2026,2026,3b 100m,European Joggling Championships 2026 - Day 3 Qualifying,Fiona Verscheure,F,BEL,0:00:20.44,?,https://drive.google.com/file/d/1XEZ6TLz2q2lpJ89CLP3F6wQBp5zFDskm/view?usp=sharing,,,20,39
04/08/2026,2026,3b 100m,European Joggling Championships 2026 - Day 3 Qualifying,Fiona Verscheure,F,BEL,0:00:19.97,?,https://drive.google.com/file/d/1XEZ6TLz2q2lpJ89CLP3F6wQBp5zFDskm/view?usp=sharing,,,19,89
04/08/2026,2026,3b 100m,European Joggling Championships 2026 - Day 3 Qualifying,Fiona Verscheure,F,BEL,0:00:21.53,?,https://drive.google.com/file/d/1XEZ6TLz2q2lpJ89CLP3F6wQBp5zFDskm/view?usp=sharing,,,21,9
04/08/2026,2026,3b 400m,European Joggling Championships 2026 - Day 3 Qualifying,Fiona Verscheure,F,BEL,0:01:45.37,?,https://drive.google.com/file/d/1XEZ6TLz2q2lpJ89CLP3F6wQBp5zFDskm/view?usp=sharing,,,105,8
04/08/2026,2026,3c 100m,European Joggling Championships 2026 - Day 3 Qualifying,Fiona Verscheure,F,BEL,0:00:41.71,?,https://drive.google.com/file/d/1XEZ6TLz2q2lpJ89CLP3F6wQBp5zFDskm/view?usp=sharing,,,41,0
04/08/2026,2026,3b 400m,European Joggling Championships 2026 - Day 3 Qualifying,Francisco Munoz Valdes,M,CHL,0:01:29.81,?,https://drive.google.com/file/d/1XEZ6TLz2q2lpJ89CLP3F6wQBp5zFDskm/view?usp=sharing,,,89,0
04/08/2026,2026,3b 400m,European Joggling Championships 2026 - Day 3 Qualifying,Francisco Munoz Valdes,M,CHL,0:01:25.41,?,https://drive.google.com/file/d/1XEZ6TLz2q2lpJ89CLP3F6wQBp5zFDskm/view?usp=sharing,,,85,0
04/08/2026,2026,5b 100m,European Joggling Championships 2026 - Day 3 Qualifying,Francisco Munoz Valdes,M,CHL,0:00:41.62,?,https://drive.google.com/file/d/1XEZ6TLz2q2lpJ89CLP3F6wQBp5zFDskm/view?usp=sharing,,,41,0
04/08/2026,2026,3b 400m,European Joggling Championships 2026 - Day 3 Qualifying,Francisco Munoz Valdes,M,CHL,0:01:32.56,?,https://drive.google.com/file/d/1XEZ6TLz2q2lpJ89CLP3F6wQBp5zFDskm/view?usp=sharing,,,92,0
04/08/2026,2026,5b 100m,European Joggling Championships 2026 - Day 3 Qualifying,Francisco Munoz Valdes,M,CHL,0:00:59.87,?,https://drive.google.com/file/d/1XEZ6TLz2q2lpJ89CLP3F6wQBp5zFDskm/view?usp=sharing,,,59,0
04/08/2026,2026,3c 100m,European Joggling Championships 2026 - Day 3 Qualifying,Francisco Munoz Valdes,M,CHL,0:00:18.41,?,https://drive.google.com/file/d/1XEZ6TLz2q2lpJ89CLP3F6wQBp5zFDskm/view?usp=sharing,,,18,0
04/08/2026,2026,5b 100m,European Joggling Championships 2026 - Day 3 Qualifying,Francisco Munoz Valdes,M,CHL,0:00:40.85,?,https://drive.google.com/file/d/1XEZ6TLz2q2lpJ89CLP3F6wQBp5zFDskm/view?usp=sharing,,,40,0
04/08/2026,2026,3c 100m,European Joggling Championships 2026 - Day 3 Qualifying,Gandalf Bondimir,M,SVK,0:00:37.53,?,https://drive.google.com/file/d/1XEZ6TLz2q2lpJ89CLP3F6wQBp5zFDskm/view?usp=sharing,,,37,0
04/08/2026,2026,3c 100m,European Joggling Championships 2026 - Day 3 Qualifying,Gandalf Bondimir,M,SVK,0:00:31.44,?,https://drive.google.com/file/d/1XEZ6TLz2q2lpJ89CLP3F6wQBp5zFDskm/view?usp=sharing,,,31,0
04/08/2026,2026,3b 400m,European Joggling Championships 2026 - Day 3 Qualifying,Gandalf Bondimir,M,SVK,0:01:40.29,?,https://drive.google.com/file/d/1XEZ6TLz2q2lpJ89CLP3F6wQBp5zFDskm/view?usp=sharing,,,100,0
04/08/2026,2026,5b 100m,European Joggling Championships 2026 - Day 3 Qualifying,Gordon Wilson,M,GBR,0:02:16.75,?,https://drive.google.com/file/d/1XEZ6TLz2q2lpJ89CLP3F6wQBp5zFDskm/view?usp=sharing,,,136,0
04/08/2026,2026,3b 100m,European Joggling Championships 2026 - Day 3 Qualifying,Gordon Wilson,M,GBR,0:00:19.72,?,https://drive.google.com/file/d/1XEZ6TLz2q2lpJ89CLP3F6wQBp5zFDskm/view?usp=sharing,,,19,0
04/08/2026,2026,3b 100m,European Joggling Championships 2026 - Day 3 Qualifying,Iveta Navratilova,F,CZE,0:00:26.00,?,https://drive.google.com/file/d/1XEZ6TLz2q2lpJ89CLP3F6wQBp5zFDskm/view?usp=sharing,,,26,0
04/08/2026,2026,3b 100m,European Joggling Championships 2026 - Day 3 Qualifying,Iveta Navratilova,F,CZE,0:00:35.09,?,https://drive.google.com/file/d/1XEZ6TLz2q2lpJ89CLP3F6wQBp5zFDskm/view?usp=sharing,,,35,0
04/08/2026,2026,3b 100m,European Joggling Championships 2026 - Day 3 Qualifying,Iveta Navratilova,F,CZE,0:00:33.12,?,https://drive.google.com/file/d/1XEZ6TLz2q2lpJ89CLP3F6wQBp5zFDskm/view?usp=sharing,,,33,0
04/08/2026,2026,3b 400m,European Joggling Championships 2026 - Day 3 Qualifying,Iveta Navratilova,F,CZE,0:02:20.25,?,https://drive.google.com/file/d/1XEZ6TLz2q2lpJ89CLP3F6wQBp5zFDskm/view?usp=sharing,,,140,0
04/08/2026,2026,3b 100m,European Joggling Championships 2026 - Day 3 Qualifying,Iveta Navratilova,F,CZE,0:00:24.34,?,https://drive.google.com/file/d/1XEZ6TLz2q2lpJ89CLP3F6wQBp5zFDskm/view?usp=sharing,,,24,0
04/08/2026,2026,3c 100m,European Joggling Championships 2026 - Day 3 Qualifying,Iveta Navratilova,F,CZE,0:00:51.72,?,https://drive.google.com/file/d/1XEZ6TLz2q2lpJ89CLP3F6wQBp5zFDskm/view?usp=sharing,,,51,0
04/08/2026,2026,3c 100m,European Joggling Championships 2026 - Day 3 Qualifying,Jakub Tomko,M,SVK,0:00:22.19,?,https://drive.google.com/file/d/1XEZ6TLz2q2lpJ89CLP3F6wQBp5zFDskm/view?usp=sharing,,,22,0
04/08/2026,2026,3c 100m,European Joggling Championships 2026 - Day 3 Qualifying,Jakub Tomko,M,SVK,0:00:25.16,?,https://drive.google.com/file/d/1XEZ6TLz2q2lpJ89CLP3F6wQBp5zFDskm/view?usp=sharing,,,25,0
04/08/2026,2026,3c 400m,European Joggling Championships 2026 - Day 3 Qualifying,Jakub Tomko,M,SVK,0:02:19.75,?,https://drive.google.com/file/d/1XEZ6TLz2q2lpJ89CLP3F6wQBp5zFDskm/view?usp=sharing,,,139,0
04/08/2026,2026,3b 100m,European Joggling Championships 2026 - Day 3 Qualifying,Jamal da Silva Ermisch,M,DEU,0:00:21.87,?,https://drive.google.com/file/d/1XEZ6TLz2q2lpJ89CLP3F6wQBp5zFDskm/view?usp=sharing,,,21,0
04/08/2026,2026,3b 400m,European Joggling Championships 2026 - Day 3 Qualifying,Jamal da Silva Ermisch,M,DEU,0:01:31.75,?,https://drive.google.com/file/d/1XEZ6TLz2q2lpJ89CLP3F6wQBp5zFDskm/view?usp=sharing,,,91,0
04/08/2026,2026,3b 100m,European Joggling Championships 2026 - Day 3 Qualifying,Jamal da Silva Ermisch,M,DEU,0:00:19.94,?,https://drive.google.com/file/d/1XEZ6TLz2q2lpJ89CLP3F6wQBp5zFDskm/view?usp=sharing,,,19,0
04/08/2026,2026,3b 100m,European Joggling Championships 2026 - Day 3 Qualifying,Jamal da Silva Ermisch,M,DEU,0:00:15.87,?,https://drive.google.com/file/d/1XEZ6TLz2q2lpJ89CLP3F6wQBp5zFDskm/view?usp=sharing,,,15,98
04/08/2026,2026,3c 100m,European Joggling Championships 2026 - Day 3 Qualifying,Jan Marc Daumin,M,DEU,0:00:23.97,?,https://drive.google.com/file/d/1XEZ6TLz2q2lpJ89CLP3F6wQBp5zFDskm/view?usp=sharing,,,23,0
04/08/2026,2026,3c 100m,European Joggling Championships 2026 - Day 3 Qualifying,Jan Marc Daumin,M,DEU,0:00:18.25,?,https://drive.google.com/file/d/1XEZ6TLz2q2lpJ89CLP3F6wQBp5zFDskm/view?usp=sharing,,,18,0
04/08/2026,2026,3c 100m,European Joggling Championships 2026 - Day 3 Qualifying,Jan Marc Daumin,M,DEU,0:00:17.63,?,https://drive.google.com/file/d/1XEZ6TLz2q2lpJ89CLP3F6wQBp5zFDskm/view?usp=sharing,,,17,0
04/08/2026,2026,7b 100m,European Joggling Championships 2026 - Day 3 Qualifying,Jan Marc Daumin,M,DEU,0:03:59.13,?,https://drive.google.com/file/d/1XEZ6TLz2q2lpJ89CLP3F6wQBp5zFDskm/view?usp=sharing,,,239,0
04/08/2026,2026,3b 400m,European Joggling Championships 2026 - Day 3 Qualifying,Jan Marc Daumin,M,DEU,0:01:21.15,?,https://drive.google.com/file/d/1XEZ6TLz2q2lpJ89CLP3F6wQBp5zFDskm/view?usp=sharing,,,81,0
04/08/2026,2026,3b 400m,European Joggling Championships 2026 - Day 3 Qualifying,Jan Marc Daumin,M,DEU,0:01:20.53,?,https://drive.google.com/file/d/1XEZ6TLz2q2lpJ89CLP3F6wQBp5zFDskm/view?usp=sharing,,,80,0
04/08/2026,2026,3c 100m,European Joggling Championships 2026 - Day 3 Qualifying,Jan Marc Daumin,M,DEU,0:00:20.34,?,https://drive.google.com/file/d/1XEZ6TLz2q2lpJ89CLP3F6wQBp5zFDskm/view?usp=sharing,,,20,0
04/08/2026,2026,5b 100m,European Joggling Championships 2026 - Day 3 Qualifying,Jan Marc Daumin,M,DEU,0:00:51.06,?,https://drive.google.com/file/d/1XEZ6TLz2q2lpJ89CLP3F6wQBp5zFDskm/view?usp=sharing,,,51,0
04/08/2026,2026,3b 100m,European Joggling Championships 2026 - Day 3 Qualifying,Jekaterina Lissovskaja,F,EST,0:00:33.31,?,https://drive.google.com/file/d/1XEZ6TLz2q2lpJ89CLP3F6wQBp5zFDskm/view?usp=sharing,,,33,0
04/08/2026,2026,3b 100m,European Joggling Championships 2026 - Day 3 Qualifying,Jess East,F,GBR,0:01:38.47,?,https://drive.google.com/file/d/1XEZ6TLz2q2lpJ89CLP3F6wQBp5zFDskm/view?usp=sharing,,,98,0
04/08/2026,2026,3b 100m,European Joggling Championships 2026 - Day 3 Qualifying,Joe Kara,M,AUS,0:00:19.25,?,https://drive.google.com/file/d/1XEZ6TLz2q2lpJ89CLP3F6wQBp5zFDskm/view?usp=sharing,,,19,0
04/08/2026,2026,3c 100m,European Joggling Championships 2026 - Day 3 Qualifying,Joe Kara,M,AUS,0:00:32.47,?,https://drive.google.com/file/d/1XEZ6TLz2q2lpJ89CLP3F6wQBp5zFDskm/view?usp=sharing,,,32,0
04/08/2026,2026,3c 100m,European Joggling Championships 2026 - Day 3 Qualifying,Joe Kara,M,AUS,0:00:20.53,?,https://drive.google.com/file/d/1XEZ6TLz2q2lpJ89CLP3F6wQBp5zFDskm/view?usp=sharing,,,20,0
04/08/2026,2026,3b 100m,European Joggling Championships 2026 - Day 3 Qualifying,Jowita Nowogrodzka-Ligeza,F,POL,0:00:21.69,?,https://drive.google.com/file/d/1XEZ6TLz2q2lpJ89CLP3F6wQBp5zFDskm/view?usp=sharing,,,21,9
04/08/2026,2026,3b 100m,European Joggling Championships 2026 - Day 3 Qualifying,Jowita Nowogrodzka-Ligeza,F,POL,0:00:22.03,?,https://drive.google.com/file/d/1XEZ6TLz2q2lpJ89CLP3F6wQBp5zFDskm/view?usp=sharing,,,22,0
04/08/2026,2026,3b 100m,European Joggling Championships 2026 - Day 3 Qualifying,Jowita Nowogrodzka-Ligeza,F,POL,0:00:21.07,?,https://drive.google.com/file/d/1XEZ6TLz2q2lpJ89CLP3F6wQBp5zFDskm/view?usp=sharing,,,21,9
04/08/2026,2026,3b 400m,European Joggling Championships 2026 - Day 3 Qualifying,Jowita Nowogrodzka-Ligeza,F,POL,0:01:46.25,?,https://drive.google.com/file/d/1XEZ6TLz2q2lpJ89CLP3F6wQBp5zFDskm/view?usp=sharing,,,106,5
04/08/2026,2026,3b 100m,European Joggling Championships 2026 - Day 3 Qualifying,Jowita Nowogrodzka-Ligeza,F,POL,0:00:27.90,?,https://drive.google.com/file/d/1XEZ6TLz2q2lpJ89CLP3F6wQBp5zFDskm/view?usp=sharing,,,27,0
04/08/2026,2026,5b 100m,European Joggling Championships 2026 - Day 3 Qualifying,Junya Inoue,M,JPN,0:01:43.94,?,https://drive.google.com/file/d/1XEZ6TLz2q2lpJ89CLP3F6wQBp5zFDskm/view?usp=sharing,,,103,0
04/08/2026,2026,3b 100m,European Joggling Championships 2026 - Day 3 Qualifying,Karel Schuller,M,NLD,0:00:14.93,?,https://drive.google.com/file/d/1XEZ6TLz2q2lpJ89CLP3F6wQBp5zFDskm/view?usp=sharing,,,14,221
04/08/2026,2026,3b 100m,European Joggling Championships 2026 - Day 3 Qualifying,Karel Schuller,M,NLD,0:00:15.09,?,https://drive.google.com/file/d/1XEZ6TLz2q2lpJ89CLP3F6wQBp5zFDskm/view?usp=sharing,,,15,98
04/08/2026,2026,3b 400m,European Joggling Championships 2026 - Day 3 Qualifying,Karel Schuller,M,NLD,0:01:10.53,?,https://drive.google.com/file/d/1XEZ6TLz2q2lpJ89CLP3F6wQBp5zFDskm/view?usp=sharing,,,70,82
04/08/2026,2026,3b 100m,European Joggling Championships 2026 - Day 3 Qualifying,Karel Schuller,M,NLD,0:00:14.97,?,https://drive.google.com/file/d/1XEZ6TLz2q2lpJ89CLP3F6wQBp5zFDskm/view?usp=sharing,,,14,221
04/08/2026,2026,3b 100m,European Joggling Championships 2026 - Day 3 Qualifying,Katharina Michalski,F,DEU,0:00:28.50,?,https://drive.google.com/file/d/1XEZ6TLz2q2lpJ89CLP3F6wQBp5zFDskm/view?usp=sharing,,,28,0
04/08/2026,2026,5b 100m,European Joggling Championships 2026 - Day 3 Qualifying,Katharina Michalski,F,DEU,0:02:20.38,?,https://drive.google.com/file/d/1XEZ6TLz2q2lpJ89CLP3F6wQBp5zFDskm/view?usp=sharing,,,140,0
04/08/2026,2026,5b 100m,European Joggling Championships 2026 - Day 3 Qualifying,Kaupo Pilder,M,EST,0:01:40.91,?,https://drive.google.com/file/d/1XEZ6TLz2q2lpJ89CLP3F6wQBp5zFDskm/view?usp=sharing,,,100,0
04/08/2026,2026,3c 100m,European Joggling Championships 2026 - Day 3 Qualifying,Kaupo Pilder,M,EST,0:00:18.34,?,https://drive.google.com/file/d/1XEZ6TLz2q2lpJ89CLP3F6wQBp5zFDskm/view?usp=sharing,,,18,0
04/08/2026,2026,3b 100m,European Joggling Championships 2026 - Day 3 Qualifying,Krzysztof Riewold,M,POL,0:00:16.90,?,https://drive.google.com/file/d/1XEZ6TLz2q2lpJ89CLP3F6wQBp5zFDskm/view?usp=sharing,,,16,24
04/08/2026,2026,3c 100m,European Joggling Championships 2026 - Day 3 Qualifying,Krzysztof Riewold,M,POL,0:00:29.84,?,https://drive.google.com/file/d/1XEZ6TLz2q2lpJ89CLP3F6wQBp5zFDskm/view?usp=sharing,,,29,0
04/08/2026,2026,3b 400m,European Joggling Championships 2026 - Day 3 Qualifying,Krzysztof Riewold,M,POL,0:01:35.38,?,https://drive.google.com/file/d/1XEZ6TLz2q2lpJ89CLP3F6wQBp5zFDskm/view?usp=sharing,,,95,0
04/08/2026,2026,5b 100m,European Joggling Championships 2026 - Day 3 Qualifying,Krzysztof Riewold,M,POL,0:01:22.31,?,https://drive.google.com/file/d/1XEZ6TLz2q2lpJ89CLP3F6wQBp5zFDskm/view?usp=sharing,,,82,0
04/08/2026,2026,3c 100m,European Joggling Championships 2026 - Day 3 Qualifying,Krzysztof Riewold,M,POL,0:00:27.69,?,https://drive.google.com/file/d/1XEZ6TLz2q2lpJ89CLP3F6wQBp5zFDskm/view?usp=sharing,,,27,0
04/08/2026,2026,5b 100m,European Joggling Championships 2026 - Day 3 Qualifying,Krzysztof Riewold,M,POL,0:01:41.97,?,https://drive.google.com/file/d/1XEZ6TLz2q2lpJ89CLP3F6wQBp5zFDskm/view?usp=sharing,,,101,0
04/08/2026,2026,5b 100m,European Joggling Championships 2026 - Day 3 Qualifying,Krzysztof Riewold,M,POL,0:01:11.00,?,https://drive.google.com/file/d/1XEZ6TLz2q2lpJ89CLP3F6wQBp5zFDskm/view?usp=sharing,,,71,0
04/08/2026,2026,3b 400m,European Joggling Championships 2026 - Day 3 Qualifying,Krzysztof Riewold,M,POL,0:01:30.63,?,https://drive.google.com/file/d/1XEZ6TLz2q2lpJ89CLP3F6wQBp5zFDskm/view?usp=sharing,,,90,0
04/08/2026,2026,3b 100m,European Joggling Championships 2026 - Day 3 Qualifying,Krzysztof Riewold,M,POL,0:00:17.62,?,https://drive.google.com/file/d/1XEZ6TLz2q2lpJ89CLP3F6wQBp5zFDskm/view?usp=sharing,,,17,0
04/08/2026,2026,3c 100m,European Joggling Championships 2026 - Day 3 Qualifying,Luca Pferdmenges,M,DEU,0:00:31.82,?,https://drive.google.com/file/d/1XEZ6TLz2q2lpJ89CLP3F6wQBp5zFDskm/view?usp=sharing,,,31,0
04/08/2026,2026,3b 400m,European Joggling Championships 2026 - Day 3 Qualifying,Luca Pferdmenges,M,DEU,0:01:21.69,?,https://drive.google.com/file/d/1XEZ6TLz2q2lpJ89CLP3F6wQBp5zFDskm/view?usp=sharing,,,81,0
04/08/2026,2026,3b 400m,European Joggling Championships 2026 - Day 3 Qualifying,Luca Pferdmenges,M,DEU,0:01:24.81,?,https://drive.google.com/file/d/1XEZ6TLz2q2lpJ89CLP3F6wQBp5zFDskm/view?usp=sharing,,,84,0
04/08/2026,2026,3b 100m,European Joggling Championships 2026 - Day 3 Qualifying,Luca Pferdmenges,M,DEU,0:00:15.00,?,https://drive.google.com/file/d/1XEZ6TLz2q2lpJ89CLP3F6wQBp5zFDskm/view?usp=sharing,,,15,98
04/08/2026,2026,3b 100m,European Joggling Championships 2026 - Day 3 Qualifying,Luca Pferdmenges,M,DEU,0:00:15.22,?,https://drive.google.com/file/d/1XEZ6TLz2q2lpJ89CLP3F6wQBp5zFDskm/view?usp=sharing,,,15,98
04/08/2026,2026,3c 100m,European Joggling Championships 2026 - Day 3 Qualifying,Luca Pferdmenges,M,DEU,0:00:17.15,?,https://drive.google.com/file/d/1XEZ6TLz2q2lpJ89CLP3F6wQBp5zFDskm/view?usp=sharing,,,17,0
04/08/2026,2026,3c 100m,European Joggling Championships 2026 - Day 3 Qualifying,Luca Pferdmenges,M,DEU,0:00:31.59,?,https://drive.google.com/file/d/1XEZ6TLz2q2lpJ89CLP3F6wQBp5zFDskm/view?usp=sharing,,,31,0
04/08/2026,2026,3b 100m,European Joggling Championships 2026 - Day 3 Qualifying,Marie Marenbach,F,DEU,0:00:28.00,?,https://drive.google.com/file/d/1XEZ6TLz2q2lpJ89CLP3F6wQBp5zFDskm/view?usp=sharing,,,28,0
04/08/2026,2026,3b 100m,European Joggling Championships 2026 - Day 3 Qualifying,Marie Marenbach,F,DEU,0:00:29.31,?,https://drive.google.com/file/d/1XEZ6TLz2q2lpJ89CLP3F6wQBp5zFDskm/view?usp=sharing,,,29,0
04/08/2026,2026,3b 100m,European Joggling Championships 2026 - Day 3 Qualifying,Marie Marenbach,F,DEU,0:00:29.06,?,https://drive.google.com/file/d/1XEZ6TLz2q2lpJ89CLP3F6wQBp5zFDskm/view?usp=sharing,,,29,0
04/08/2026,2026,3b 100m,European Joggling Championships 2026 - Day 3 Qualifying,Michaela Kluh,F,DEU,0:01:00.75,?,https://drive.google.com/file/d/1XEZ6TLz2q2lpJ89CLP3F6wQBp5zFDskm/view?usp=sharing,,,60,0
04/08/2026,2026,3b 100m,European Joggling Championships 2026 - Day 3 Qualifying,Michaela Kluh,F,DEU,0:00:58.15,?,https://drive.google.com/file/d/1XEZ6TLz2q2lpJ89CLP3F6wQBp5zFDskm/view?usp=sharing,,,58,0
04/08/2026,2026,3b 400m,European Joggling Championships 2026 - Day 3 Qualifying,Michaela Kluh,F,DEU,0:03:16.32,?,https://drive.google.com/file/d/1XEZ6TLz2q2lpJ89CLP3F6wQBp5zFDskm/view?usp=sharing,,,196,0
04/08/2026,2026,3b 100m,European Joggling Championships 2026 - Day 3 Qualifying,Natascha Ilgin,F,DEU,0:00:27.43,?,https://drive.google.com/file/d/1XEZ6TLz2q2lpJ89CLP3F6wQBp5zFDskm/view?usp=sharing,,,27,0
04/08/2026,2026,3b 100m,European Joggling Championships 2026 - Day 3 Qualifying,Natascha Ilgin,F,DEU,0:00:28.50,?,https://drive.google.com/file/d/1XEZ6TLz2q2lpJ89CLP3F6wQBp5zFDskm/view?usp=sharing,,,28,0
04/08/2026,2026,3b 100m,European Joggling Championships 2026 - Day 3 Qualifying,Natascha Ilgin,F,DEU,0:00:22.16,?,https://drive.google.com/file/d/1XEZ6TLz2q2lpJ89CLP3F6wQBp5zFDskm/view?usp=sharing,,,22,0
04/08/2026,2026,3b 400m,European Joggling Championships 2026 - Day 3 Qualifying,Onur Erdem,M,TUR,0:01:25.21,?,https://drive.google.com/file/d/1XEZ6TLz2q2lpJ89CLP3F6wQBp5zFDskm/view?usp=sharing,,,85,0
04/08/2026,2026,3b 400m,European Joggling Championships 2026 - Day 3 Qualifying,Onur Erdem,M,TUR,0:01:27.13,?,https://drive.google.com/file/d/1XEZ6TLz2q2lpJ89CLP3F6wQBp5zFDskm/view?usp=sharing,,,87,0
04/08/2026,2026,5b 100m,European Joggling Championships 2026 - Day 3 Qualifying,Pavol Hlavaty,M,SVK,0:00:48.75,?,https://drive.google.com/file/d/1XEZ6TLz2q2lpJ89CLP3F6wQBp5zFDskm/view?usp=sharing,,,48,0
04/08/2026,2026,3b 400m,European Joggling Championships 2026 - Day 3 Qualifying,Pavol Hlavaty,M,SVK,0:01:22.85,?,https://drive.google.com/file/d/1XEZ6TLz2q2lpJ89CLP3F6wQBp5zFDskm/view?usp=sharing,,,82,0
04/08/2026,2026,5b 100m,European Joggling Championships 2026 - Day 3 Qualifying,Pavol Hlavaty,M,SVK,0:00:45.65,?,https://drive.google.com/file/d/1XEZ6TLz2q2lpJ89CLP3F6wQBp5zFDskm/view?usp=sharing,,,45,0
04/08/2026,2026,5b 100m,European Joggling Championships 2026 - Day 3 Qualifying,Pavol Hlavaty,M,SVK,0:00:46.31,?,https://drive.google.com/file/d/1XEZ6TLz2q2lpJ89CLP3F6wQBp5zFDskm/view?usp=sharing,,,46,0
04/08/2026,2026,5b 100m,European Joggling Championships 2026 - Day 3 Qualifying,Pavol Hlavaty,M,SVK,0:00:35.60,?,https://drive.google.com/file/d/1XEZ6TLz2q2lpJ89CLP3F6wQBp5zFDskm/view?usp=sharing,,,35,0
04/08/2026,2026,3b 100m,European Joggling Championships 2026 - Day 3 Qualifying,Peter Hlavaty,M,SVK,0:00:18.07,?,https://drive.google.com/file/d/1XEZ6TLz2q2lpJ89CLP3F6wQBp5zFDskm/view?usp=sharing,,,18,0
04/08/2026,2026,3b 100m,European Joggling Championships 2026 - Day 3 Qualifying,Peter Hlavaty,M,SVK,0:00:26.50,?,https://drive.google.com/file/d/1XEZ6TLz2q2lpJ89CLP3F6wQBp5zFDskm/view?usp=sharing,,,26,0
04/08/2026,2026,3b 100m,European Joggling Championships 2026 - Day 3 Qualifying,Peter Hlavaty,M,SVK,0:00:34.03,?,https://drive.google.com/file/d/1XEZ6TLz2q2lpJ89CLP3F6wQBp5zFDskm/view?usp=sharing,,,34,0
04/08/2026,2026,3b 100m,European Joggling Championships 2026 - Day 3 Qualifying,Peter Hlavaty,M,SVK,0:00:18.47,?,https://drive.google.com/file/d/1XEZ6TLz2q2lpJ89CLP3F6wQBp5zFDskm/view?usp=sharing,,,18,0
04/08/2026,2026,3b 400m,European Joggling Championships 2026 - Day 3 Qualifying,Peter Hlavaty,M,SVK,0:01:48.97,?,https://drive.google.com/file/d/1XEZ6TLz2q2lpJ89CLP3F6wQBp5zFDskm/view?usp=sharing,,,108,0
04/08/2026,2026,3b 100m,European Joggling Championships 2026 - Day 3 Qualifying,Peter Hlavaty,M,SVK,0:00:18.19,?,https://drive.google.com/file/d/1XEZ6TLz2q2lpJ89CLP3F6wQBp5zFDskm/view?usp=sharing,,,18,0
04/08/2026,2026,4b 100m,European Joggling Championships 2026 - Day 3 Qualifying,Ruth Groene,F,DEU,0:04:28.00,?,https://drive.google.com/file/d/1XEZ6TLz2q2lpJ89CLP3F6wQBp5zFDskm/view?usp=sharing,,,268,0
04/08/2026,2026,3b 100m,European Joggling Championships 2026 - Day 3 Qualifying,Samuel Tittelein,M,FRA,0:00:15.34,?,https://drive.google.com/file/d/1XEZ6TLz2q2lpJ89CLP3F6wQBp5zFDskm/view?usp=sharing,,,15,98
04/08/2026,2026,3c 100m,European Joggling Championships 2026 - Day 3 Qualifying,Samuel Tittelein,M,FRA,0:00:19.60,?,https://drive.google.com/file/d/1XEZ6TLz2q2lpJ89CLP3F6wQBp5zFDskm/view?usp=sharing,,,19,0
04/08/2026,2026,3b 100m,European Joggling Championships 2026 - Day 3 Qualifying,Samuel Tittelein,M,FRA,0:00:14.94,?,https://drive.google.com/file/d/1XEZ6TLz2q2lpJ89CLP3F6wQBp5zFDskm/view?usp=sharing,,,14,221
04/08/2026,2026,5b 100m,European Joggling Championships 2026 - Day 3 Qualifying,Scott Jenkins,M,GBR,0:00:18.28,?,https://drive.google.com/file/d/1XEZ6TLz2q2lpJ89CLP3F6wQBp5zFDskm/view?usp=sharing,,,18,0
04/08/2026,2026,3b 100m,European Joggling Championships 2026 - Day 3 Qualifying,Scott Jenkins,M,GBR,0:00:13.88,?,https://drive.google.com/file/d/1XEZ6TLz2q2lpJ89CLP3F6wQBp5zFDskm/view?usp=sharing,,,13,394
04/08/2026,2026,3b 400m,European Joggling Championships 2026 - Day 3 Qualifying,Shahar cohen,M,ISR,0:01:40.15,?,https://drive.google.com/file/d/1XEZ6TLz2q2lpJ89CLP3F6wQBp5zFDskm/view?usp=sharing,,,100,0
04/08/2026,2026,3b 400m,European Joggling Championships 2026 - Day 3 Qualifying,Shimon Levikov,M,DEU,0:01:09.78,?,https://drive.google.com/file/d/1XEZ6TLz2q2lpJ89CLP3F6wQBp5zFDskm/view?usp=sharing,,,69,102
04/08/2026,2026,3c 100m,European Joggling Championships 2026 - Day 3 Qualifying,Shimon Levikov,M,DEU,0:00:17.94,?,https://drive.google.com/file/d/1XEZ6TLz2q2lpJ89CLP3F6wQBp5zFDskm/view?usp=sharing,,,17,0
04/08/2026,2026,3b 100m,European Joggling Championships 2026 - Day 3 Qualifying,Shimon Levikov,M,DEU,0:00:14.00,?,https://drive.google.com/file/d/1XEZ6TLz2q2lpJ89CLP3F6wQBp5zFDskm/view?usp=sharing,,,14,221
04/08/2026,2026,3b 400m,European Joggling Championships 2026 - Day 3 Qualifying,Simeon Doetsch,M,DEU,0:01:24.75,?,https://drive.google.com/file/d/1XEZ6TLz2q2lpJ89CLP3F6wQBp5zFDskm/view?usp=sharing,,,84,0
04/08/2026,2026,3c 100m,European Joggling Championships 2026 - Day 3 Qualifying,Simeon Doetsch,M,DEU,0:00:25.81,?,https://drive.google.com/file/d/1XEZ6TLz2q2lpJ89CLP3F6wQBp5zFDskm/view?usp=sharing,,,25,0
04/08/2026,2026,3c 100m,European Joggling Championships 2026 - Day 3 Qualifying,Simeon Doetsch,M,DEU,0:00:30.81,?,https://drive.google.com/file/d/1XEZ6TLz2q2lpJ89CLP3F6wQBp5zFDskm/view?usp=sharing,,,30,0
04/08/2026,2026,3b 400m,European Joggling Championships 2026 - Day 3 Qualifying,Stephan Neinhardt,M,DEU,0:01:52.56,?,https://drive.google.com/file/d/1XEZ6TLz2q2lpJ89CLP3F6wQBp5zFDskm/view?usp=sharing,,,112,0
04/08/2026,2026,3b 400m,European Joggling Championships 2026 - Day 3 Qualifying,Stephan Neinhardt,M,DEU,0:01:55.07,?,https://drive.google.com/file/d/1XEZ6TLz2q2lpJ89CLP3F6wQBp5zFDskm/view?usp=sharing,,,115,0
04/08/2026,2026,3c 100m,European Joggling Championships 2026 - Day 3 Qualifying,Stijn Westerbeek,M,NLD,0:00:16.63,?,https://drive.google.com/file/d/1XEZ6TLz2q2lpJ89CLP3F6wQBp5zFDskm/view?usp=sharing,,,16,24
04/08/2026,2026,5b 100m,European Joggling Championships 2026 - Day 3 Qualifying,Tamara Maul,F,DEU,0:02:23.41,?,https://drive.google.com/file/d/1XEZ6TLz2q2lpJ89CLP3F6wQBp5zFDskm/view?usp=sharing,,,143,0
04/08/2026,2026,3b 100m,European Joggling Championships 2026 - Day 3 Qualifying,Tamara Maul,F,DEU,0:00:22.38,?,https://drive.google.com/file/d/1XEZ6TLz2q2lpJ89CLP3F6wQBp5zFDskm/view?usp=sharing,,,22,0
04/08/2026,2026,3b 100m,European Joggling Championships 2026 - Day 3 Qualifying,Tamara Maul,F,DEU,0:00:18.38,?,https://drive.google.com/file/d/1XEZ6TLz2q2lpJ89CLP3F6wQBp5zFDskm/view?usp=sharing,,,18,158
04/08/2026,2026,3b 100m,European Joggling Championships 2026 - Day 3 Qualifying,Tamara Maul,F,DEU,0:00:18.38,?,https://drive.google.com/file/d/1XEZ6TLz2q2lpJ89CLP3F6wQBp5zFDskm/view?usp=sharing,,,18,158
04/08/2026,2026,3b 100m,European Joggling Championships 2026 - Day 3 Qualifying,Tamara Maul,F,DEU,0:00:18.56,?,https://drive.google.com/file/d/1XEZ6TLz2q2lpJ89CLP3F6wQBp5zFDskm/view?usp=sharing,,,18,158
04/08/2026,2026,5b 100m,European Joggling Championships 2026 - Day 3 Qualifying,Tamino Larisch,M,DEU,0:00:20.94,?,https://drive.google.com/file/d/1XEZ6TLz2q2lpJ89CLP3F6wQBp5zFDskm/view?usp=sharing,,,20,0
04/08/2026,2026,5b 100m,European Joggling Championships 2026 - Day 3 Qualifying,Tamino Larisch,M,DEU,0:00:23.10,?,https://drive.google.com/file/d/1XEZ6TLz2q2lpJ89CLP3F6wQBp5zFDskm/view?usp=sharing,,,23,0
04/08/2026,2026,3b 400m,European Joggling Championships 2026 - Day 3 Qualifying,Tamino Larisch,M,DEU,0:01:12.93,?,https://drive.google.com/file/d/1XEZ6TLz2q2lpJ89CLP3F6wQBp5zFDskm/view?usp=sharing,,,72,50
04/08/2026,2026,3c 100m,European Joggling Championships 2026 - Day 3 Qualifying,Tamino Larisch,M,DEU,0:00:23.47,?,https://drive.google.com/file/d/1XEZ6TLz2q2lpJ89CLP3F6wQBp5zFDskm/view?usp=sharing,,,23,0
04/08/2026,2026,3b 100m,European Joggling Championships 2026 - Day 3 Qualifying,Tamino Larisch,M,DEU,0:00:14.87,?,https://drive.google.com/file/d/1XEZ6TLz2q2lpJ89CLP3F6wQBp5zFDskm/view?usp=sharing,,,14,221
04/08/2026,2026,3b 100m,European Joggling Championships 2026 - Day 3 Qualifying,Tamino Larisch,M,DEU,0:00:20.53,?,https://drive.google.com/file/d/1XEZ6TLz2q2lpJ89CLP3F6wQBp5zFDskm/view?usp=sharing,,,20,0
04/08/2026,2026,3b 100m,European Joggling Championships 2026 - Day 3 Qualifying,Tamino Larisch,M,DEU,0:00:14.97,?,https://drive.google.com/file/d/1XEZ6TLz2q2lpJ89CLP3F6wQBp5zFDskm/view?usp=sharing,,,14,221
04/08/2026,2026,3c 100m,European Joggling Championships 2026 - Day 3 Qualifying,Thom Herzmark,M,GBR,0:00:18.32,?,https://drive.google.com/file/d/1XEZ6TLz2q2lpJ89CLP3F6wQBp5zFDskm/view?usp=sharing,,,18,0
04/08/2026,2026,3c 100m,European Joggling Championships 2026 - Day 3 Qualifying,Thom Herzmark,M,GBR,0:00:18.62,?,https://drive.google.com/file/d/1XEZ6TLz2q2lpJ89CLP3F6wQBp5zFDskm/view?usp=sharing,,,18,0
04/08/2026,2026,3c 100m,European Joggling Championships 2026 - Day 3 Qualifying,Thom Herzmark,M,GBR,0:00:25.00,?,https://drive.google.com/file/d/1XEZ6TLz2q2lpJ89CLP3F6wQBp5zFDskm/view?usp=sharing,,,25,0
04/08/2026,2026,3b 400m,European Joggling Championships 2026 - Day 3 Qualifying,Thom Herzmark,M,GBR,0:01:27.21,?,https://drive.google.com/file/d/1XEZ6TLz2q2lpJ89CLP3F6wQBp5zFDskm/view?usp=sharing,,,87,0
04/08/2026,2026,3c 100m,European Joggling Championships 2026 - Day 3 Qualifying,Thom Herzmark,M,GBR,0:00:18.44,?,https://drive.google.com/file/d/1XEZ6TLz2q2lpJ89CLP3F6wQBp5zFDskm/view?usp=sharing,,,18,0
04/08/2026,2026,3c 100m,European Joggling Championships 2026 - Day 3 Qualifying,Thom Herzmark,M,GBR,0:00:23.69,?,https://drive.google.com/file/d/1XEZ6TLz2q2lpJ89CLP3F6wQBp5zFDskm/view?usp=sharing,,,23,0
04/08/2026,2026,5b 100m,European Joggling Championships 2026 - Day 3 Qualifying,Timothy Ross,M,USA,0:00:52.97,?,https://drive.google.com/file/d/1XEZ6TLz2q2lpJ89CLP3F6wQBp5zFDskm/view?usp=sharing,,,52,0
04/08/2026,2026,3b 100m,European Joggling Championships 2026 - Day 3 Qualifying,Uros Marolt,M,SVN,0:00:15.75,?,https://drive.google.com/file/d/1XEZ6TLz2q2lpJ89CLP3F6wQBp5zFDskm/view?usp=sharing,,,15,98
04/08/2026,2026,5b 100m,European Joggling Championships 2026 - Day 3 Qualifying,Vasek Peca,M,CZE,0:00:32.75,?,https://drive.google.com/file/d/1XEZ6TLz2q2lpJ89CLP3F6wQBp5zFDskm/view?usp=sharing,,,32,0
04/08/2026,2026,3b 100m,European Joggling Championships 2026 - Day 3 Qualifying,Vasek Peca,M,CZE,0:00:15.53,?,https://drive.google.com/file/d/1XEZ6TLz2q2lpJ89CLP3F6wQBp5zFDskm/view?usp=sharing,,,15,98
04/08/2026,2026,3b 400m,European Joggling Championships 2026 - Day 3 Qualifying,Vasek Peca,M,CZE,0:01:18.72,?,https://drive.google.com/file/d/1XEZ6TLz2q2lpJ89CLP3F6wQBp5zFDskm/view?usp=sharing,,,78,1
04/08/2026,2026,3b 400m,European Joggling Championships 2026 - Day 3 Qualifying,Vasek Peca,M,CZE,0:01:13.47,?,https://drive.google.com/file/d/1XEZ6TLz2q2lpJ89CLP3F6wQBp5zFDskm/view?usp=sharing,,,73,36
04/08/2026,2026,7b 100m,European Joggling Championships 2026 - Day 3 Qualifying,Vasek Peca,M,CZE,0:01:53.69,?,https://drive.google.com/file/d/1XEZ6TLz2q2lpJ89CLP3F6wQBp5zFDskm/view?usp=sharing,,,113,0
04/08/2026,2026,3b 100m,European Joggling Championships 2026 - Day 3 Qualifying,Vojtech Holicky,M,CZE,0:00:20.28,?,https://drive.google.com/file/d/1XEZ6TLz2q2lpJ89CLP3F6wQBp5zFDskm/view?usp=sharing,,,20,0
04/08/2026,2026,3b 400m,European Joggling Championships 2026 - Day 3 Qualifying,Yasmin Stohr,F,DEU,0:01:48.19,?,https://drive.google.com/file/d/1XEZ6TLz2q2lpJ89CLP3F6wQBp5zFDskm/view?usp=sharing,,,108,1
04/08/2026,2026,3b 100m,European Joggling Championships 2026 - Day 3 Qualifying,Yasmin Stohr,F,DEU,0:00:30.58,?,https://drive.google.com/file/d/1XEZ6TLz2q2lpJ89CLP3F6wQBp5zFDskm/view?usp=sharing,,,30,0
04/08/2026,2026,3b 100m,European Joggling Championships 2026 - Day 3 Qualifying,Yasmin Stohr,F,DEU,0:00:20.78,?,https://drive.google.com/file/d/1XEZ6TLz2q2lpJ89CLP3F6wQBp5zFDskm/view?usp=sharing,,,20,39
04/08/2026,2026,3b 100m,European Joggling Championships 2026 - Day 3 Qualifying,Yasmin Stohr,F,DEU,0:00:20.50,?,https://drive.google.com/file/d/1XEZ6TLz2q2lpJ89CLP3F6wQBp5zFDskm/view?usp=sharing,,,20,39
03/08/2026,2026,5b 100m,European Joggling Championships 2026 - Day 2 Qualifying,Alistair Richards,M,GBR,0:00:58.40,?,https://drive.google.com/file/d/1XEZ6TLz2q2lpJ89CLP3F6wQBp5zFDskm/view?usp=sharing,,,58,0
03/08/2026,2026,3b 100m,European Joggling Championships 2026 - Day 2 Qualifying,Alistair Richards,M,GBR,0:00:17.25,?,https://drive.google.com/file/d/1XEZ6TLz2q2lpJ89CLP3F6wQBp5zFDskm/view?usp=sharing,,,17,0
03/08/2026,2026,3b 100m,European Joggling Championships 2026 - Day 2 Qualifying,Alistair Richards,M,GBR,0:00:17.16,?,https://drive.google.com/file/d/1XEZ6TLz2q2lpJ89CLP3F6wQBp5zFDskm/view?usp=sharing,,,17,0
03/08/2026,2026,5b 100m,European Joggling Championships 2026 - Day 2 Qualifying,Alistair Richards,M,GBR,0:00:55.22,?,https://drive.google.com/file/d/1XEZ6TLz2q2lpJ89CLP3F6wQBp5zFDskm/view?usp=sharing,,,55,0
03/08/2026,2026,5b 100m,European Joggling Championships 2026 - Day 2 Qualifying,Alistair Richards,M,GBR,0:00:45.69,?,https://drive.google.com/file/d/1XEZ6TLz2q2lpJ89CLP3F6wQBp5zFDskm/view?usp=sharing,,,45,0
03/08/2026,2026,3b 100m,European Joggling Championships 2026 - Day 2 Qualifying,Anna Maria Denzler,F,DEU,0:00:22.85,?,https://drive.google.com/file/d/1XEZ6TLz2q2lpJ89CLP3F6wQBp5zFDskm/view?usp=sharing,,,22,0
03/08/2026,2026,3b 400m,European Joggling Championships 2026 - Day 2 Qualifying,Anna Maria Denzler,F,DEU,0:02:04.19,?,https://drive.google.com/file/d/1XEZ6TLz2q2lpJ89CLP3F6wQBp5zFDskm/view?usp=sharing,,,124,0
03/08/2026,2026,3b 100m,European Joggling Championships 2026 - Day 2 Qualifying,Anna Maria Denzler,F,DEU,0:00:23.94,?,https://drive.google.com/file/d/1XEZ6TLz2q2lpJ89CLP3F6wQBp5zFDskm/view?usp=sharing,,,23,0
03/08/2026,2026,3b 100m,European Joggling Championships 2026 - Day 2 Qualifying,Anna Maria Denzler,F,DEU,0:00:19.94,?,https://drive.google.com/file/d/1XEZ6TLz2q2lpJ89CLP3F6wQBp5zFDskm/view?usp=sharing,,,19,89
03/08/2026,2026,5b 100m,European Joggling Championships 2026 - Day 2 Qualifying,Bence Onodi,M,HUN,0:00:29.59,?,https://drive.google.com/file/d/1XEZ6TLz2q2lpJ89CLP3F6wQBp5zFDskm/view?usp=sharing,,,29,0
03/08/2026,2026,3b 100m,European Joggling Championships 2026 - Day 2 Qualifying,Bence Onodi,M,HUN,0:00:16.68,?,https://drive.google.com/file/d/1XEZ6TLz2q2lpJ89CLP3F6wQBp5zFDskm/view?usp=sharing,,,16,24
03/08/2026,2026,3b 100m,European Joggling Championships 2026 - Day 2 Qualifying,Benjamin Go,M,NLD,0:00:34.50,?,https://drive.google.com/file/d/1XEZ6TLz2q2lpJ89CLP3F6wQBp5zFDskm/view?usp=sharing,,,34,0
03/08/2026,2026,3b 400m,European Joggling Championships 2026 - Day 2 Qualifying,Benjamin Go,M,NLD,0:01:47.35,?,https://drive.google.com/file/d/1XEZ6TLz2q2lpJ89CLP3F6wQBp5zFDskm/view?usp=sharing,,,107,0
03/08/2026,2026,3b 100m,European Joggling Championships 2026 - Day 2 Qualifying,Bosznay Balazs,M,HUN,0:00:27.47,?,https://drive.google.com/file/d/1XEZ6TLz2q2lpJ89CLP3F6wQBp5zFDskm/view?usp=sharing,,,27,0
03/08/2026,2026,3b 400m,European Joggling Championships 2026 - Day 2 Qualifying,Bosznay Balazs,M,HUN,0:01:43.41,?,https://drive.google.com/file/d/1XEZ6TLz2q2lpJ89CLP3F6wQBp5zFDskm/view?usp=sharing,,,103,0
03/08/2026,2026,3b 100m,European Joggling Championships 2026 - Day 2 Qualifying,Bosznay Balazs,M,HUN,0:00:21.22,?,https://drive.google.com/file/d/1XEZ6TLz2q2lpJ89CLP3F6wQBp5zFDskm/view?usp=sharing,,,21,0
03/08/2026,2026,3b 400m,European Joggling Championships 2026 - Day 2 Qualifying,Caterina Denzler,F,DEU,0:02:21.94,?,https://drive.google.com/file/d/1XEZ6TLz2q2lpJ89CLP3F6wQBp5zFDskm/view?usp=sharing,,,141,0
03/08/2026,2026,3b 100m,European Joggling Championships 2026 - Day 2 Qualifying,Caterina Denzler,F,DEU,0:00:25.87,?,https://drive.google.com/file/d/1XEZ6TLz2q2lpJ89CLP3F6wQBp5zFDskm/view?usp=sharing,,,25,0
03/08/2026,2026,3b 100m,European Joggling Championships 2026 - Day 2 Qualifying,Caterina Denzler,F,DEU,0:00:25.88,?,https://drive.google.com/file/d/1XEZ6TLz2q2lpJ89CLP3F6wQBp5zFDskm/view?usp=sharing,,,25,0
03/08/2026,2026,3b 100m,European Joggling Championships 2026 - Day 2 Qualifying,Caterina Denzler,F,DEU,0:00:27.85,?,https://drive.google.com/file/d/1XEZ6TLz2q2lpJ89CLP3F6wQBp5zFDskm/view?usp=sharing,,,27,0
03/08/2026,2026,3b 100m,European Joggling Championships 2026 - Day 2 Qualifying,Caterina Denzler,F,DEU,0:00:30.28,?,https://drive.google.com/file/d/1XEZ6TLz2q2lpJ89CLP3F6wQBp5zFDskm/view?usp=sharing,,,30,0
03/08/2026,2026,5b 100m,European Joggling Championships 2026 - Day 2 Qualifying,Christina-Anna Senser,F,DEU,0:00:58.60,?,https://drive.google.com/file/d/1XEZ6TLz2q2lpJ89CLP3F6wQBp5zFDskm/view?usp=sharing,,,58,0
03/08/2026,2026,3c 100m,European Joggling Championships 2026 - Day 2 Qualifying,Christina-Anna Senser,F,DEU,0:00:23.56,?,https://drive.google.com/file/d/1XEZ6TLz2q2lpJ89CLP3F6wQBp5zFDskm/view?usp=sharing,,,23,0
03/08/2026,2026,5b 100m,European Joggling Championships 2026 - Day 2 Qualifying,Christina-Anna Senser,F,DEU,0:00:52.81,?,https://drive.google.com/file/d/1XEZ6TLz2q2lpJ89CLP3F6wQBp5zFDskm/view?usp=sharing,,,52,0
03/08/2026,2026,5b 100m,European Joggling Championships 2026 - Day 2 Qualifying,Christina-Anna Senser,F,DEU,0:00:43.91,?,https://drive.google.com/file/d/1XEZ6TLz2q2lpJ89CLP3F6wQBp5zFDskm/view?usp=sharing,,,43,0
03/08/2026,2026,3c 100m,European Joggling Championships 2026 - Day 2 Qualifying,Clarissa Widder,F,DEU,0:00:22.28,?,https://drive.google.com/file/d/1XEZ6TLz2q2lpJ89CLP3F6wQBp5zFDskm/view?usp=sharing,,,22,0
03/08/2026,2026,3c 100m,European Joggling Championships 2026 - Day 2 Qualifying,Clarissa Widder,F,DEU,0:00:22.19,?,https://drive.google.com/file/d/1XEZ6TLz2q2lpJ89CLP3F6wQBp5zFDskm/view?usp=sharing,,,22,0
03/08/2026,2026,3c 100m,European Joggling Championships 2026 - Day 2 Qualifying,Clarissa Widder,F,DEU,0:00:27.81,?,https://drive.google.com/file/d/1XEZ6TLz2q2lpJ89CLP3F6wQBp5zFDskm/view?usp=sharing,,,27,0
03/08/2026,2026,3c 400m,European Joggling Championships 2026 - Day 2 Qualifying,David Lohuis,M,DEU,0:01:36.53,?,https://drive.google.com/file/d/1XEZ6TLz2q2lpJ89CLP3F6wQBp5zFDskm/view?usp=sharing,,,96,0
03/08/2026,2026,3c 100m,European Joggling Championships 2026 - Day 2 Qualifying,David Lohuis,M,DEU,0:00:16.63,?,https://drive.google.com/file/d/1XEZ6TLz2q2lpJ89CLP3F6wQBp5zFDskm/view?usp=sharing,,,16,24
03/08/2026,2026,3c 100m,European Joggling Championships 2026 - Day 2 Qualifying,David Lohuis,M,DEU,0:00:24.31,?,https://drive.google.com/file/d/1XEZ6TLz2q2lpJ89CLP3F6wQBp5zFDskm/view?usp=sharing,,,24,0
03/08/2026,2026,3c 100m,European Joggling Championships 2026 - Day 2 Qualifying,David Lohuis,M,DEU,0:00:20.65,?,https://drive.google.com/file/d/1XEZ6TLz2q2lpJ89CLP3F6wQBp5zFDskm/view?usp=sharing,,,20,0
03/08/2026,2026,3b 400m,European Joggling Championships 2026 - Day 2 Qualifying,Dominic Lodge,M,GBR,0:01:27.63,?,https://drive.google.com/file/d/1XEZ6TLz2q2lpJ89CLP3F6wQBp5zFDskm/view?usp=sharing,,,87,0
03/08/2026,2026,3b 400m,European Joggling Championships 2026 - Day 2 Qualifying,Eugene Petkevich,M,POL,0:01:59.87,?,https://drive.google.com/file/d/1XEZ6TLz2q2lpJ89CLP3F6wQBp5zFDskm/view?usp=sharing,,,119,0
03/08/2026,2026,3b 100m,European Joggling Championships 2026 - Day 2 Qualifying,Eugene Petkevich,M,POL,0:00:31.25,?,https://drive.google.com/file/d/1XEZ6TLz2q2lpJ89CLP3F6wQBp5zFDskm/view?usp=sharing,,,31,0
03/08/2026,2026,3c 100m,European Joggling Championships 2026 - Day 2 Qualifying,Eugene Petkevich,M,POL,0:00:52.09,?,https://drive.google.com/file/d/1XEZ6TLz2q2lpJ89CLP3F6wQBp5zFDskm/view?usp=sharing,,,52,0
03/08/2026,2026,3b 100m,European Joggling Championships 2026 - Day 2 Qualifying,Eugene Petkevich,M,POL,0:00:20.22,?,https://drive.google.com/file/d/1XEZ6TLz2q2lpJ89CLP3F6wQBp5zFDskm/view?usp=sharing,,,20,0
03/08/2026,2026,3b 400m,European Joggling Championships 2026 - Day 2 Qualifying,Fabian Faisst,M,DEU,0:01:50.56,?,https://drive.google.com/file/d/1XEZ6TLz2q2lpJ89CLP3F6wQBp5zFDskm/view?usp=sharing,,,110,0
03/08/2026,2026,3b 100m,European Joggling Championships 2026 - Day 2 Qualifying,Fiona Verscheure,F,BEL,0:00:24.10,?,https://drive.google.com/file/d/1XEZ6TLz2q2lpJ89CLP3F6wQBp5zFDskm/view?usp=sharing,,,24,0
03/08/2026,2026,3b 100m,European Joggling Championships 2026 - Day 2 Qualifying,Fiona Verscheure,F,BEL,0:00:24.37,?,https://drive.google.com/file/d/1XEZ6TLz2q2lpJ89CLP3F6wQBp5zFDskm/view?usp=sharing,,,24,0
03/08/2026,2026,3b 100m,European Joggling Championships 2026 - Day 2 Qualifying,Fiona Verscheure,F,BEL,0:00:25.00,?,https://drive.google.com/file/d/1XEZ6TLz2q2lpJ89CLP3F6wQBp5zFDskm/view?usp=sharing,,,25,0
03/08/2026,2026,3c 100m,European Joggling Championships 2026 - Day 2 Qualifying,Francisco Munoz Valdes,M,CHL,0:00:18.78,?,https://drive.google.com/file/d/1XEZ6TLz2q2lpJ89CLP3F6wQBp5zFDskm/view?usp=sharing,,,18,0
03/08/2026,2026,3b 100m,European Joggling Championships 2026 - Day 2 Qualifying,Francisco Munoz Valdes,M,CHL,0:00:21.69,?,https://drive.google.com/file/d/1XEZ6TLz2q2lpJ89CLP3F6wQBp5zFDskm/view?usp=sharing,,,21,0
03/08/2026,2026,3c 100m,European Joggling Championships 2026 - Day 2 Qualifying,Francisco Munoz Valdes,M,CHL,0:00:23.60,?,https://drive.google.com/file/d/1XEZ6TLz2q2lpJ89CLP3F6wQBp5zFDskm/view?usp=sharing,,,23,0
03/08/2026,2026,3c 100m,European Joggling Championships 2026 - Day 2 Qualifying,Francisco Munoz Valdes,M,CHL,0:00:18.94,?,https://drive.google.com/file/d/1XEZ6TLz2q2lpJ89CLP3F6wQBp5zFDskm/view?usp=sharing,,,18,0
03/08/2026,2026,3c 100m,European Joggling Championships 2026 - Day 2 Qualifying,Francisco Munoz Valdes,M,CHL,0:00:18.97,?,https://drive.google.com/file/d/1XEZ6TLz2q2lpJ89CLP3F6wQBp5zFDskm/view?usp=sharing,,,18,0
03/08/2026,2026,3c 100m,European Joggling Championships 2026 - Day 2 Qualifying,Gordon Wilson,M,GBR,0:00:26.84,?,https://drive.google.com/file/d/1XEZ6TLz2q2lpJ89CLP3F6wQBp5zFDskm/view?usp=sharing,,,26,0
03/08/2026,2026,3b 400m,European Joggling Championships 2026 - Day 2 Qualifying,Gordon Wilson,M,GBR,0:01:48.44,?,https://drive.google.com/file/d/1XEZ6TLz2q2lpJ89CLP3F6wQBp5zFDskm/view?usp=sharing,,,108,0
03/08/2026,2026,3c 100m,European Joggling Championships 2026 - Day 2 Qualifying,Gordon Wilson,M,GBR,0:00:21.06,?,https://drive.google.com/file/d/1XEZ6TLz2q2lpJ89CLP3F6wQBp5zFDskm/view?usp=sharing,,,21,0
03/08/2026,2026,3c 100m,European Joggling Championships 2026 - Day 2 Qualifying,Gordon Wilson,M,GBR,0:00:31.63,?,https://drive.google.com/file/d/1XEZ6TLz2q2lpJ89CLP3F6wQBp5zFDskm/view?usp=sharing,,,31,0
03/08/2026,2026,3c 100m,European Joggling Championships 2026 - Day 2 Qualifying,Gordon Wilson,M,GBR,0:00:29.97,?,https://drive.google.com/file/d/1XEZ6TLz2q2lpJ89CLP3F6wQBp5zFDskm/view?usp=sharing,,,29,0
03/08/2026,2026,3b 100m,European Joggling Championships 2026 - Day 2 Qualifying,Gordon Wilson,M,GBR,0:00:27.38,?,https://drive.google.com/file/d/1XEZ6TLz2q2lpJ89CLP3F6wQBp5zFDskm/view?usp=sharing,,,27,0
03/08/2026,2026,3b 100m,European Joggling Championships 2026 - Day 2 Qualifying,Hannaloore Teder,F,EST,0:00:36.56,?,https://drive.google.com/file/d/1XEZ6TLz2q2lpJ89CLP3F6wQBp5zFDskm/view?usp=sharing,,,36,0
03/08/2026,2026,3b 100m,European Joggling Championships 2026 - Day 2 Qualifying,Hele-Mari Ots,F,EST,0:00:35.31,?,https://drive.google.com/file/d/1XEZ6TLz2q2lpJ89CLP3F6wQBp5zFDskm/view?usp=sharing,,,35,0
03/08/2026,2026,3b 100m,European Joggling Championships 2026 - Day 2 Qualifying,Istvan Toth,M,HUN,0:00:34.72,?,https://drive.google.com/file/d/1XEZ6TLz2q2lpJ89CLP3F6wQBp5zFDskm/view?usp=sharing,,,34,0
03/08/2026,2026,3b 100m,European Joggling Championships 2026 - Day 2 Qualifying,Istvan Toth,M,HUN,0:00:32.72,?,https://drive.google.com/file/d/1XEZ6TLz2q2lpJ89CLP3F6wQBp5zFDskm/view?usp=sharing,,,32,0
03/08/2026,2026,3b 100m,European Joggling Championships 2026 - Day 2 Qualifying,Istvan Toth,M,HUN,0:00:35.40,?,https://drive.google.com/file/d/1XEZ6TLz2q2lpJ89CLP3F6wQBp5zFDskm/view?usp=sharing,,,35,0
03/08/2026,2026,3c 100m,European Joggling Championships 2026 - Day 2 Qualifying,Jakub Tomko,M,SVK,0:00:31.84,?,https://drive.google.com/file/d/1XEZ6TLz2q2lpJ89CLP3F6wQBp5zFDskm/view?usp=sharing,,,31,0
03/08/2026,2026,3c 100m,European Joggling Championships 2026 - Day 2 Qualifying,Jakub Tomko,M,SVK,0:00:37.04,?,https://drive.google.com/file/d/1XEZ6TLz2q2lpJ89CLP3F6wQBp5zFDskm/view?usp=sharing,,,37,0
03/08/2026,2026,3c 100m,European Joggling Championships 2026 - Day 2 Qualifying,Jakub Tomko,M,SVK,0:00:27.44,?,https://drive.google.com/file/d/1XEZ6TLz2q2lpJ89CLP3F6wQBp5zFDskm/view?usp=sharing,,,27,0
03/08/2026,2026,3b 100m,European Joggling Championships 2026 - Day 2 Qualifying,Jan Marc Daumin,M,DEU,0:00:16.97,?,https://drive.google.com/file/d/1XEZ6TLz2q2lpJ89CLP3F6wQBp5zFDskm/view?usp=sharing,,,16,24
03/08/2026,2026,5b 100m,European Joggling Championships 2026 - Day 2 Qualifying,Jan Marc Daumin,M,DEU,0:00:46.06,?,https://drive.google.com/file/d/1XEZ6TLz2q2lpJ89CLP3F6wQBp5zFDskm/view?usp=sharing,,,46,0
03/08/2026,2026,3b 100m,European Joggling Championships 2026 - Day 2 Qualifying,Jan Marc Daumin,M,DEU,0:00:32.19,?,https://drive.google.com/file/d/1XEZ6TLz2q2lpJ89CLP3F6wQBp5zFDskm/view?usp=sharing,,,32,0
03/08/2026,2026,3b 400m,European Joggling Championships 2026 - Day 2 Qualifying,Jan Marc Daumin,M,DEU,0:01:26.96,?,https://drive.google.com/file/d/1XEZ6TLz2q2lpJ89CLP3F6wQBp5zFDskm/view?usp=sharing,,,86,0
03/08/2026,2026,5b 100m,European Joggling Championships 2026 - Day 2 Qualifying,Juan Cristobal Silva Espinoza,M,CHL,0:00:49.43,?,https://drive.google.com/file/d/1XEZ6TLz2q2lpJ89CLP3F6wQBp5zFDskm/view?usp=sharing,,,49,0
03/08/2026,2026,3b 100m,European Joggling Championships 2026 - Day 2 Qualifying,Juan Cristobal Silva Espinoza,M,CHL,0:00:23.44,?,https://drive.google.com/file/d/1XEZ6TLz2q2lpJ89CLP3F6wQBp5zFDskm/view?usp=sharing,,,23,0
03/08/2026,2026,3b 100m,European Joggling Championships 2026 - Day 2 Qualifying,Junya Inoue,M,JPN,0:00:16.36,?,https://drive.google.com/file/d/1XEZ6TLz2q2lpJ89CLP3F6wQBp5zFDskm/view?usp=sharing,,,16,24
03/08/2026,2026,3b 100m,European Joggling Championships 2026 - Day 2 Qualifying,Junya Inoue,M,JPN,0:00:22.81,?,https://drive.google.com/file/d/1XEZ6TLz2q2lpJ89CLP3F6wQBp5zFDskm/view?usp=sharing,,,22,0
03/08/2026,2026,3b 400m,European Joggling Championships 2026 - Day 2 Qualifying,Junya Inoue,M,JPN,0:01:25.41,?,https://drive.google.com/file/d/1XEZ6TLz2q2lpJ89CLP3F6wQBp5zFDskm/view?usp=sharing,,,85,0
03/08/2026,2026,5b 100m,European Joggling Championships 2026 - Day 2 Qualifying,Karel Schuller,M,NLD,0:00:32.21,?,https://drive.google.com/file/d/1XEZ6TLz2q2lpJ89CLP3F6wQBp5zFDskm/view?usp=sharing,,,32,0
03/08/2026,2026,3b 100m,European Joggling Championships 2026 - Day 2 Qualifying,Karel Schuller,M,NLD,0:00:15.18,?,https://drive.google.com/file/d/1XEZ6TLz2q2lpJ89CLP3F6wQBp5zFDskm/view?usp=sharing,,,15,98
03/08/2026,2026,3c 100m,European Joggling Championships 2026 - Day 2 Qualifying,Karly Swaim,F,USA,0:00:29.41,?,https://drive.google.com/file/d/1XEZ6TLz2q2lpJ89CLP3F6wQBp5zFDskm/view?usp=sharing,,,29,0
03/08/2026,2026,4b 100m,European Joggling Championships 2026 - Day 2 Qualifying,Karly Swaim,F,USA,0:00:39.13,?,https://drive.google.com/file/d/1XEZ6TLz2q2lpJ89CLP3F6wQBp5zFDskm/view?usp=sharing,,,39,0
03/08/2026,2026,3b 100m,European Joggling Championships 2026 - Day 2 Qualifying,Karly Swaim,F,USA,0:00:20.84,?,https://drive.google.com/file/d/1XEZ6TLz2q2lpJ89CLP3F6wQBp5zFDskm/view?usp=sharing,,,20,39
03/08/2026,2026,3b 400m,European Joggling Championships 2026 - Day 2 Qualifying,Karly Swaim,F,USA,0:01:40.59,?,https://drive.google.com/file/d/1XEZ6TLz2q2lpJ89CLP3F6wQBp5zFDskm/view?usp=sharing,,,100,33
03/08/2026,2026,3c 400m,European Joggling Championships 2026 - Day 2 Qualifying,Karly Swaim,F,USA,0:02:24.62,?,https://drive.google.com/file/d/1XEZ6TLz2q2lpJ89CLP3F6wQBp5zFDskm/view?usp=sharing,,,144,0
03/08/2026,2026,3b 100m,European Joggling Championships 2026 - Day 2 Qualifying,Katharina Michalski,F,DEU,0:00:28.03,?,https://drive.google.com/file/d/1XEZ6TLz2q2lpJ89CLP3F6wQBp5zFDskm/view?usp=sharing,,,28,0
03/08/2026,2026,3c 100m,European Joggling Championships 2026 - Day 2 Qualifying,Kaupo Pilder,M,EST,0:00:21.94,?,https://drive.google.com/file/d/1XEZ6TLz2q2lpJ89CLP3F6wQBp5zFDskm/view?usp=sharing,,,21,0
03/08/2026,2026,3b 100m,European Joggling Championships 2026 - Day 2 Qualifying,Kaupo Pilder,M,EST,0:00:15.40,?,https://drive.google.com/file/d/1XEZ6TLz2q2lpJ89CLP3F6wQBp5zFDskm/view?usp=sharing,,,15,98
03/08/2026,2026,3c 100m,European Joggling Championships 2026 - Day 2 Qualifying,Kaupo Pilder,M,EST,0:00:23.30,?,https://drive.google.com/file/d/1XEZ6TLz2q2lpJ89CLP3F6wQBp5zFDskm/view?usp=sharing,,,23,0
03/08/2026,2026,3c 100m,European Joggling Championships 2026 - Day 2 Qualifying,Kaupo Pilder,M,EST,0:00:22.07,?,https://drive.google.com/file/d/1XEZ6TLz2q2lpJ89CLP3F6wQBp5zFDskm/view?usp=sharing,,,22,0
03/08/2026,2026,3c 100m,European Joggling Championships 2026 - Day 2 Qualifying,Kaupo Pilder,M,EST,0:00:24.41,?,https://drive.google.com/file/d/1XEZ6TLz2q2lpJ89CLP3F6wQBp5zFDskm/view?usp=sharing,,,24,0
03/08/2026,2026,3b 400m,European Joggling Championships 2026 - Day 2 Qualifying,Kaupo Pilder,M,EST,0:01:16.69,?,https://drive.google.com/file/d/1XEZ6TLz2q2lpJ89CLP3F6wQBp5zFDskm/view?usp=sharing,,,76,9
03/08/2026,2026,3b 100m,European Joggling Championships 2026 - Day 2 Qualifying,Kenny Cheung,M,AUS,0:00:17.06,?,https://drive.google.com/file/d/1XEZ6TLz2q2lpJ89CLP3F6wQBp5zFDskm/view?usp=sharing,,,17,0
03/08/2026,2026,7b 100m,European Joggling Championships 2026 - Day 2 Qualifying,Kenny Cheung,M,AUS,0:02:52.50,?,https://drive.google.com/file/d/1XEZ6TLz2q2lpJ89CLP3F6wQBp5zFDskm/view?usp=sharing,,,172,0
03/08/2026,2026,3c 100m,European Joggling Championships 2026 - Day 2 Qualifying,Kenny Cheung,M,AUS,0:00:24.09,?,https://drive.google.com/file/d/1XEZ6TLz2q2lpJ89CLP3F6wQBp5zFDskm/view?usp=sharing,,,24,0
03/08/2026,2026,3c 100m,European Joggling Championships 2026 - Day 2 Qualifying,Kevin Niittyviita,M,FIN,0:00:17.63,?,https://drive.google.com/file/d/1XEZ6TLz2q2lpJ89CLP3F6wQBp5zFDskm/view?usp=sharing,,,17,0
03/08/2026,2026,3b 400m,European Joggling Championships 2026 - Day 2 Qualifying,Kevin Niittyviita,M,FIN,0:01:15.34,?,https://drive.google.com/file/d/1XEZ6TLz2q2lpJ89CLP3F6wQBp5zFDskm/view?usp=sharing,,,75,16
03/08/2026,2026,7b 100m,European Joggling Championships 2026 - Day 2 Qualifying,Kevin Niittyviita,M,FIN,0:01:09.57,?,https://drive.google.com/file/d/1XEZ6TLz2q2lpJ89CLP3F6wQBp5zFDskm/view?usp=sharing,,,69,0
03/08/2026,2026,3c 100m,European Joggling Championships 2026 - Day 2 Qualifying,Kevin Niittyviita,M,FIN,0:00:18.16,?,https://drive.google.com/file/d/1XEZ6TLz2q2lpJ89CLP3F6wQBp5zFDskm/view?usp=sharing,,,18,0
03/08/2026,2026,3b 100m,European Joggling Championships 2026 - Day 2 Qualifying,Kevin Niittyviita,M,FIN,0:00:16.38,?,https://drive.google.com/file/d/1XEZ6TLz2q2lpJ89CLP3F6wQBp5zFDskm/view?usp=sharing,,,16,24
03/08/2026,2026,5b 100m,European Joggling Championships 2026 - Day 2 Qualifying,Kevin Niittyviita,M,FIN,0:00:23.33,?,https://drive.google.com/file/d/1XEZ6TLz2q2lpJ89CLP3F6wQBp5zFDskm/view?usp=sharing,,,23,0
03/08/2026,2026,5b 100m,European Joggling Championships 2026 - Day 2 Qualifying,Kevin Niittyviita,M,FIN,0:00:20.41,?,https://drive.google.com/file/d/1XEZ6TLz2q2lpJ89CLP3F6wQBp5zFDskm/view?usp=sharing,,,20,0
03/08/2026,2026,5b 100m,European Joggling Championships 2026 - Day 2 Qualifying,Kevin Niittyviita,M,FIN,0:00:58.35,?,https://drive.google.com/file/d/1XEZ6TLz2q2lpJ89CLP3F6wQBp5zFDskm/view?usp=sharing,,,58,0
03/08/2026,2026,3b 100m,European Joggling Championships 2026 - Day 2 Qualifying,Luca Pferdmenges,M,DEU,0:00:16.10,?,https://drive.google.com/file/d/1XEZ6TLz2q2lpJ89CLP3F6wQBp5zFDskm/view?usp=sharing,,,16,24
03/08/2026,2026,7b 100m,European Joggling Championships 2026 - Day 2 Qualifying,Luca Pferdmenges,M,DEU,0:01:09.29,?,https://drive.google.com/file/d/1XEZ6TLz2q2lpJ89CLP3F6wQBp5zFDskm/view?usp=sharing,,,69,0
03/08/2026,2026,3c 100m,European Joggling Championships 2026 - Day 2 Qualifying,Luca Pferdmenges,M,DEU,0:00:24.03,?,https://drive.google.com/file/d/1XEZ6TLz2q2lpJ89CLP3F6wQBp5zFDskm/view?usp=sharing,,,24,0
03/08/2026,2026,3c 100m,European Joggling Championships 2026 - Day 2 Qualifying,Luca Pferdmenges,M,DEU,0:00:18.43,?,https://drive.google.com/file/d/1XEZ6TLz2q2lpJ89CLP3F6wQBp5zFDskm/view?usp=sharing,,,18,0
03/08/2026,2026,5b 100m,European Joggling Championships 2026 - Day 2 Qualifying,Luca Pferdmenges,M,DEU,0:00:24.75,?,https://drive.google.com/file/d/1XEZ6TLz2q2lpJ89CLP3F6wQBp5zFDskm/view?usp=sharing,,,24,0
03/08/2026,2026,3b 100m,European Joggling Championships 2026 - Day 2 Qualifying,Luise Chudzian,F,DEU,0:00:21.00,?,https://drive.google.com/file/d/1XEZ6TLz2q2lpJ89CLP3F6wQBp5zFDskm/view?usp=sharing,,,21,9
03/08/2026,2026,3c 100m,European Joggling Championships 2026 - Day 2 Qualifying,Luuk Hofmeijer,M,NLD,0:00:29.29,?,https://drive.google.com/file/d/1XEZ6TLz2q2lpJ89CLP3F6wQBp5zFDskm/view?usp=sharing,,,29,0
03/08/2026,2026,3b 100m,European Joggling Championships 2026 - Day 2 Qualifying,Luuk Hofmeijer,M,NLD,0:00:28.66,?,https://drive.google.com/file/d/1XEZ6TLz2q2lpJ89CLP3F6wQBp5zFDskm/view?usp=sharing,,,28,0
03/08/2026,2026,3b 400m,European Joggling Championships 2026 - Day 2 Qualifying,Luuk Hofmeijer,M,NLD,0:01:30.75,?,https://drive.google.com/file/d/1XEZ6TLz2q2lpJ89CLP3F6wQBp5zFDskm/view?usp=sharing,,,90,0
03/08/2026,2026,3b 100m,European Joggling Championships 2026 - Day 2 Qualifying,Luuk Hofmeijer,M,NLD,0:00:24.16,?,https://drive.google.com/file/d/1XEZ6TLz2q2lpJ89CLP3F6wQBp5zFDskm/view?usp=sharing,,,24,0
03/08/2026,2026,3b 100m,European Joggling Championships 2026 - Day 2 Qualifying,Luuk Hofmeijer,M,NLD,0:00:19.44,?,https://drive.google.com/file/d/1XEZ6TLz2q2lpJ89CLP3F6wQBp5zFDskm/view?usp=sharing,,,19,0
03/08/2026,2026,3c 100m,European Joggling Championships 2026 - Day 2 Qualifying,Luuk Hofmeijer,M,NLD,0:00:21.85,?,https://drive.google.com/file/d/1XEZ6TLz2q2lpJ89CLP3F6wQBp5zFDskm/view?usp=sharing,,,21,0
03/08/2026,2026,3b 100m,European Joggling Championships 2026 - Day 2 Qualifying,Marion Alnek,F,EST,0:00:31.62,?,https://drive.google.com/file/d/1XEZ6TLz2q2lpJ89CLP3F6wQBp5zFDskm/view?usp=sharing,,,31,0
03/08/2026,2026,3b 100m,European Joggling Championships 2026 - Day 2 Qualifying,Marlene Chudzian,F,DEU,0:00:29.00,?,https://drive.google.com/file/d/1XEZ6TLz2q2lpJ89CLP3F6wQBp5zFDskm/view?usp=sharing,,,29,0
03/08/2026,2026,3b 100m,European Joggling Championships 2026 - Day 2 Qualifying,Michaela Kluh,F,DEU,0:01:14.66,?,https://drive.google.com/file/d/1XEZ6TLz2q2lpJ89CLP3F6wQBp5zFDskm/view?usp=sharing,,,74,0
03/08/2026,2026,3b 100m,European Joggling Championships 2026 - Day 2 Qualifying,Michaela Kluh,F,DEU,0:01:00.28,?,https://drive.google.com/file/d/1XEZ6TLz2q2lpJ89CLP3F6wQBp5zFDskm/view?usp=sharing,,,60,0
03/08/2026,2026,3b 400m,European Joggling Championships 2026 - Day 2 Qualifying,Michaela Kluh,F,DEU,0:03:59.69,?,https://drive.google.com/file/d/1XEZ6TLz2q2lpJ89CLP3F6wQBp5zFDskm/view?usp=sharing,,,239,0
03/08/2026,2026,3b 100m,European Joggling Championships 2026 - Day 2 Qualifying,Paul Adam,M,DEU,0:00:26.03,?,https://drive.google.com/file/d/1XEZ6TLz2q2lpJ89CLP3F6wQBp5zFDskm/view?usp=sharing,,,26,0
03/08/2026,2026,3c 100m,European Joggling Championships 2026 - Day 2 Qualifying,Paul Adam,M,DEU,0:00:21.78,?,https://drive.google.com/file/d/1XEZ6TLz2q2lpJ89CLP3F6wQBp5zFDskm/view?usp=sharing,,,21,0
03/08/2026,2026,3b 100m,European Joggling Championships 2026 - Day 2 Qualifying,Paul Adam,M,DEU,0:00:17.69,?,https://drive.google.com/file/d/1XEZ6TLz2q2lpJ89CLP3F6wQBp5zFDskm/view?usp=sharing,,,17,0
03/08/2026,2026,3b 100m,European Joggling Championships 2026 - Day 2 Qualifying,Paul Adam,M,DEU,0:00:25.33,?,https://drive.google.com/file/d/1XEZ6TLz2q2lpJ89CLP3F6wQBp5zFDskm/view?usp=sharing,,,25,0
03/08/2026,2026,5b 100m,European Joggling Championships 2026 - Day 2 Qualifying,Pavel Matula,M,CZE,0:02:14.69,?,https://drive.google.com/file/d/1XEZ6TLz2q2lpJ89CLP3F6wQBp5zFDskm/view?usp=sharing,,,134,0
03/08/2026,2026,3b 100m,European Joggling Championships 2026 - Day 2 Qualifying,Pavel Matula,M,CZE,0:00:27.72,?,https://drive.google.com/file/d/1XEZ6TLz2q2lpJ89CLP3F6wQBp5zFDskm/view?usp=sharing,,,27,0
03/08/2026,2026,3b 100m,European Joggling Championships 2026 - Day 2 Qualifying,Pavel Matula,M,CZE,0:00:22.04,?,https://drive.google.com/file/d/1XEZ6TLz2q2lpJ89CLP3F6wQBp5zFDskm/view?usp=sharing,,,22,0
03/08/2026,2026,3b 400m,European Joggling Championships 2026 - Day 2 Qualifying,Pavel Matula,M,CZE,0:01:36.16,?,https://drive.google.com/file/d/1XEZ6TLz2q2lpJ89CLP3F6wQBp5zFDskm/view?usp=sharing,,,96,0
03/08/2026,2026,3b 100m,European Joggling Championships 2026 - Day 2 Qualifying,Pavel Matula,M,CZE,0:00:22.98,?,https://drive.google.com/file/d/1XEZ6TLz2q2lpJ89CLP3F6wQBp5zFDskm/view?usp=sharing,,,22,0
03/08/2026,2026,3c 100m,European Joggling Championships 2026 - Day 2 Qualifying,Pavel Matula,M,CZE,0:00:34.19,?,https://drive.google.com/file/d/1XEZ6TLz2q2lpJ89CLP3F6wQBp5zFDskm/view?usp=sharing,,,34,0
03/08/2026,2026,3b 100m,European Joggling Championships 2026 - Day 2 Qualifying,Pavol Hlavaty,M,SVK,0:00:17.69,?,https://drive.google.com/file/d/1XEZ6TLz2q2lpJ89CLP3F6wQBp5zFDskm/view?usp=sharing,,,17,0
03/08/2026,2026,5b 100m,European Joggling Championships 2026 - Day 2 Qualifying,Pavol Hlavaty,M,SVK,0:00:54.28,?,https://drive.google.com/file/d/1XEZ6TLz2q2lpJ89CLP3F6wQBp5zFDskm/view?usp=sharing,,,54,0
03/08/2026,2026,3b 100m,European Joggling Championships 2026 - Day 2 Qualifying,Pavol Hlavaty,M,SVK,0:00:16.91,?,https://drive.google.com/file/d/1XEZ6TLz2q2lpJ89CLP3F6wQBp5zFDskm/view?usp=sharing,,,16,24
03/08/2026,2026,3b 400m,European Joggling Championships 2026 - Day 2 Qualifying,Pavol Hlavaty,M,SVK,0:01:33.25,?,https://drive.google.com/file/d/1XEZ6TLz2q2lpJ89CLP3F6wQBp5zFDskm/view?usp=sharing,,,93,0
03/08/2026,2026,3b 100m,European Joggling Championships 2026 - Day 2 Qualifying,Peter Hlavaty,M,SVK,0:00:19.27,?,https://drive.google.com/file/d/1XEZ6TLz2q2lpJ89CLP3F6wQBp5zFDskm/view?usp=sharing,,,19,0
03/08/2026,2026,3b 100m,European Joggling Championships 2026 - Day 2 Qualifying,Peter Hlavaty,M,SVK,0:00:26.97,?,https://drive.google.com/file/d/1XEZ6TLz2q2lpJ89CLP3F6wQBp5zFDskm/view?usp=sharing,,,26,0
03/08/2026,2026,3c 100m,European Joggling Championships 2026 - Day 2 Qualifying,Robert Harkonen,M,FIN,0:00:22.97,?,https://drive.google.com/file/d/1XEZ6TLz2q2lpJ89CLP3F6wQBp5zFDskm/view?usp=sharing,,,22,0
03/08/2026,2026,3c 400m,European Joggling Championships 2026 - Day 2 Qualifying,Robert Harkonen,M,FIN,0:01:46.84,?,https://drive.google.com/file/d/1XEZ6TLz2q2lpJ89CLP3F6wQBp5zFDskm/view?usp=sharing,,,106,0
03/08/2026,2026,3c 100m,European Joggling Championships 2026 - Day 2 Qualifying,Robert Harkonen,M,FIN,0:00:27.79,?,https://drive.google.com/file/d/1XEZ6TLz2q2lpJ89CLP3F6wQBp5zFDskm/view?usp=sharing,,,27,0
03/08/2026,2026,3b 100m,European Joggling Championships 2026 - Day 2 Qualifying,Ruth Groene,F,DEU,0:00:28.25,?,https://drive.google.com/file/d/1XEZ6TLz2q2lpJ89CLP3F6wQBp5zFDskm/view?usp=sharing,,,28,0
03/08/2026,2026,3b 100m,European Joggling Championships 2026 - Day 2 Qualifying,Ruth Groene,F,DEU,0:00:24.97,?,https://drive.google.com/file/d/1XEZ6TLz2q2lpJ89CLP3F6wQBp5zFDskm/view?usp=sharing,,,24,0
03/08/2026,2026,3b 400m,European Joggling Championships 2026 - Day 2 Qualifying,Ruth Groene,F,DEU,0:02:12.59,?,https://drive.google.com/file/d/1XEZ6TLz2q2lpJ89CLP3F6wQBp5zFDskm/view?usp=sharing,,,132,0
03/08/2026,2026,3b 400m,European Joggling Championships 2026 - Day 2 Qualifying,Ruth Groene,F,DEU,0:02:06.50,?,https://drive.google.com/file/d/1XEZ6TLz2q2lpJ89CLP3F6wQBp5zFDskm/view?usp=sharing,,,126,0
03/08/2026,2026,3b 100m,European Joggling Championships 2026 - Day 2 Qualifying,Samuel Tittelein,M,FRA,0:00:28.42,?,https://drive.google.com/file/d/1XEZ6TLz2q2lpJ89CLP3F6wQBp5zFDskm/view?usp=sharing,,,28,0
03/08/2026,2026,3b 400m,European Joggling Championships 2026 - Day 2 Qualifying,Samuel Tittelein,M,FRA,0:01:16.15,?,https://drive.google.com/file/d/1XEZ6TLz2q2lpJ89CLP3F6wQBp5zFDskm/view?usp=sharing,,,76,9
03/08/2026,2026,3b 100m,European Joggling Championships 2026 - Day 2 Qualifying,Samuel Tittelein,M,FRA,0:00:15.62,?,https://drive.google.com/file/d/1XEZ6TLz2q2lpJ89CLP3F6wQBp5zFDskm/view?usp=sharing,,,15,98
03/08/2026,2026,3b 400m,European Joggling Championships 2026 - Day 2 Qualifying,Scott Jenkins,M,GBR,0:01:01.97,?,https://drive.google.com/file/d/1XEZ6TLz2q2lpJ89CLP3F6wQBp5zFDskm/view?usp=sharing,,,61,330
03/08/2026,2026,3b 400m,European Joggling Championships 2026 - Day 2 Qualifying,Shimon Levikov,M,DEU,0:01:13.87,?,https://drive.google.com/file/d/1XEZ6TLz2q2lpJ89CLP3F6wQBp5zFDskm/view?usp=sharing,,,73,36
03/08/2026,2026,3b 100m,European Joggling Championships 2026 - Day 2 Qualifying,Shimon Levikov,M,DEU,0:00:14.10,?,https://drive.google.com/file/d/1XEZ6TLz2q2lpJ89CLP3F6wQBp5zFDskm/view?usp=sharing,,,14,221
03/08/2026,2026,3b 100m,European Joggling Championships 2026 - Day 2 Qualifying,Simeon Doetsch,M,DEU,0:00:19.16,?,https://drive.google.com/file/d/1XEZ6TLz2q2lpJ89CLP3F6wQBp5zFDskm/view?usp=sharing,,,19,0
03/08/2026,2026,3b 100m,European Joggling Championships 2026 - Day 2 Qualifying,Simeon Doetsch,M,DEU,0:00:19.63,?,https://drive.google.com/file/d/1XEZ6TLz2q2lpJ89CLP3F6wQBp5zFDskm/view?usp=sharing,,,19,0
03/08/2026,2026,3b 400m,European Joggling Championships 2026 - Day 2 Qualifying,Simeon Doetsch,M,DEU,0:01:24.44,?,https://drive.google.com/file/d/1XEZ6TLz2q2lpJ89CLP3F6wQBp5zFDskm/view?usp=sharing,,,84,0
03/08/2026,2026,5b 100m,European Joggling Championships 2026 - Day 2 Qualifying,Simeon Doetsch,M,DEU,0:02:30.66,?,https://drive.google.com/file/d/1XEZ6TLz2q2lpJ89CLP3F6wQBp5zFDskm/view?usp=sharing,,,150,0
03/08/2026,2026,3b 100m,European Joggling Championships 2026 - Day 2 Qualifying,Simeon Doetsch,M,DEU,0:00:17.00,?,https://drive.google.com/file/d/1XEZ6TLz2q2lpJ89CLP3F6wQBp5zFDskm/view?usp=sharing,,,17,0
03/08/2026,2026,3b 100m,European Joggling Championships 2026 - Day 2 Qualifying,Simona Uguccioni,F,ITA,0:00:41.75,?,https://drive.google.com/file/d/1XEZ6TLz2q2lpJ89CLP3F6wQBp5zFDskm/view?usp=sharing,,,41,0
03/08/2026,2026,3b 100m,European Joggling Championships 2026 - Day 2 Qualifying,Simona Uguccioni,F,ITA,0:00:41.22,?,https://drive.google.com/file/d/1XEZ6TLz2q2lpJ89CLP3F6wQBp5zFDskm/view?usp=sharing,,,41,0
03/08/2026,2026,3c 100m,European Joggling Championships 2026 - Day 2 Qualifying,Simona Uguccioni,F,ITA,0:00:46.03,?,https://drive.google.com/file/d/1XEZ6TLz2q2lpJ89CLP3F6wQBp5zFDskm/view?usp=sharing,,,46,0
03/08/2026,2026,3b 400m,European Joggling Championships 2026 - Day 2 Qualifying,Simona Uguccioni,F,ITA,0:02:50.00,?,https://drive.google.com/file/d/1XEZ6TLz2q2lpJ89CLP3F6wQBp5zFDskm/view?usp=sharing,,,170,0
03/08/2026,2026,3c 100m,European Joggling Championships 2026 - Day 2 Qualifying,Simona Uguccioni,F,ITA,0:00:59.09,?,https://drive.google.com/file/d/1XEZ6TLz2q2lpJ89CLP3F6wQBp5zFDskm/view?usp=sharing,,,59,0
03/08/2026,2026,3c 100m,European Joggling Championships 2026 - Day 2 Qualifying,Simona Uguccioni,F,ITA,0:00:41.03,?,https://drive.google.com/file/d/1XEZ6TLz2q2lpJ89CLP3F6wQBp5zFDskm/view?usp=sharing,,,41,0
03/08/2026,2026,3b 400m,European Joggling Championships 2026 - Day 2 Qualifying,Stephan Neinhardt,M,DEU,0:01:58.38,?,https://drive.google.com/file/d/1XEZ6TLz2q2lpJ89CLP3F6wQBp5zFDskm/view?usp=sharing,,,118,0
03/08/2026,2026,3b 100m,European Joggling Championships 2026 - Day 2 Qualifying,Tamara Maul,F,DEU,0:00:18.88,?,https://drive.google.com/file/d/1XEZ6TLz2q2lpJ89CLP3F6wQBp5zFDskm/view?usp=sharing,,,18,158
03/08/2026,2026,3c 100m,European Joggling Championships 2026 - Day 2 Qualifying,Tamara Maul,F,DEU,0:00:32.78,?,https://drive.google.com/file/d/1XEZ6TLz2q2lpJ89CLP3F6wQBp5zFDskm/view?usp=sharing,,,32,0
03/08/2026,2026,3b 100m,European Joggling Championships 2026 - Day 2 Qualifying,Tamara Maul,F,DEU,0:00:24.57,?,https://drive.google.com/file/d/1XEZ6TLz2q2lpJ89CLP3F6wQBp5zFDskm/view?usp=sharing,,,24,0
03/08/2026,2026,3b 100m,European Joggling Championships 2026 - Day 2 Qualifying,Tamara Maul,F,DEU,0:00:19.03,?,https://drive.google.com/file/d/1XEZ6TLz2q2lpJ89CLP3F6wQBp5zFDskm/view?usp=sharing,,,19,89
03/08/2026,2026,3b 100m,European Joggling Championships 2026 - Day 2 Qualifying,Tamara Maul,F,DEU,0:00:18.97,?,https://drive.google.com/file/d/1XEZ6TLz2q2lpJ89CLP3F6wQBp5zFDskm/view?usp=sharing,,,18,158
03/08/2026,2026,3b 100m,European Joggling Championships 2026 - Day 2 Qualifying,Tamara Maul,F,DEU,0:00:18.41,?,https://drive.google.com/file/d/1XEZ6TLz2q2lpJ89CLP3F6wQBp5zFDskm/view?usp=sharing,,,18,158
03/08/2026,2026,5b 100m,European Joggling Championships 2026 - Day 2 Qualifying,Tamino Larisch,M,DEU,0:00:34.57,?,https://drive.google.com/file/d/1XEZ6TLz2q2lpJ89CLP3F6wQBp5zFDskm/view?usp=sharing,,,34,0
03/08/2026,2026,3b 100m,European Joggling Championships 2026 - Day 2 Qualifying,Tamino Larisch,M,DEU,0:00:24.27,?,https://drive.google.com/file/d/1XEZ6TLz2q2lpJ89CLP3F6wQBp5zFDskm/view?usp=sharing,,,24,0
03/08/2026,2026,5b 100m,European Joggling Championships 2026 - Day 2 Qualifying,Tamino Larisch,M,DEU,0:00:39.75,?,https://drive.google.com/file/d/1XEZ6TLz2q2lpJ89CLP3F6wQBp5zFDskm/view?usp=sharing,,,39,0
03/08/2026,2026,5b 100m,European Joggling Championships 2026 - Day 2 Qualifying,Tamino Larisch,M,DEU,0:00:32.07,?,https://drive.google.com/file/d/1XEZ6TLz2q2lpJ89CLP3F6wQBp5zFDskm/view?usp=sharing,,,32,0
03/08/2026,2026,5b 100m,European Joggling Championships 2026 - Day 2 Qualifying,Tamino Larisch,M,DEU,0:00:29.84,?,https://drive.google.com/file/d/1XEZ6TLz2q2lpJ89CLP3F6wQBp5zFDskm/view?usp=sharing,,,29,0
03/08/2026,2026,3c 100m,European Joggling Championships 2026 - Day 2 Qualifying,Tamino Larisch,M,DEU,0:00:16.94,?,https://drive.google.com/file/d/1XEZ6TLz2q2lpJ89CLP3F6wQBp5zFDskm/view?usp=sharing,,,16,24
03/08/2026,2026,3c 100m,European Joggling Championships 2026 - Day 2 Qualifying,Thomas Killus,M,DEU,0:00:20.34,?,https://drive.google.com/file/d/1XEZ6TLz2q2lpJ89CLP3F6wQBp5zFDskm/view?usp=sharing,,,20,0
03/08/2026,2026,3c 100m,European Joggling Championships 2026 - Day 2 Qualifying,Thomas Killus,M,DEU,0:00:21.72,?,https://drive.google.com/file/d/1XEZ6TLz2q2lpJ89CLP3F6wQBp5zFDskm/view?usp=sharing,,,21,0
03/08/2026,2026,3c 100m,European Joggling Championships 2026 - Day 2 Qualifying,Thomas Killus,M,DEU,0:00:20.00,?,https://drive.google.com/file/d/1XEZ6TLz2q2lpJ89CLP3F6wQBp5zFDskm/view?usp=sharing,,,20,0
03/08/2026,2026,3c 400m,European Joggling Championships 2026 - Day 2 Qualifying,Thomas Killus,M,DEU,0:01:29.12,?,https://drive.google.com/file/d/1XEZ6TLz2q2lpJ89CLP3F6wQBp5zFDskm/view?usp=sharing,,,89,0
03/08/2026,2026,3b 100m,European Joggling Championships 2026 - Day 2 Qualifying,Tobias Ludwig,M,DEU,0:00:17.47,?,https://drive.google.com/file/d/1XEZ6TLz2q2lpJ89CLP3F6wQBp5zFDskm/view?usp=sharing,,,17,0
03/08/2026,2026,3b 400m,European Joggling Championships 2026 - Day 2 Qualifying,Tobias Ludwig,M,DEU,0:01:24.25,?,https://drive.google.com/file/d/1XEZ6TLz2q2lpJ89CLP3F6wQBp5zFDskm/view?usp=sharing,,,84,0
03/08/2026,2026,3b 100m,European Joggling Championships 2026 - Day 2 Qualifying,Tobias Ludwig,M,DEU,0:00:21.25,?,https://drive.google.com/file/d/1XEZ6TLz2q2lpJ89CLP3F6wQBp5zFDskm/view?usp=sharing,,,21,0
03/08/2026,2026,3b 100m,European Joggling Championships 2026 - Day 2 Qualifying,Tobias Ludwig,M,DEU,0:00:18.12,?,https://drive.google.com/file/d/1XEZ6TLz2q2lpJ89CLP3F6wQBp5zFDskm/view?usp=sharing,,,18,0
03/08/2026,2026,3b 100m,European Joggling Championships 2026 - Day 2 Qualifying,Uros Marolt,M,SVN,0:00:16.68,?,https://drive.google.com/file/d/1XEZ6TLz2q2lpJ89CLP3F6wQBp5zFDskm/view?usp=sharing,,,16,24
03/08/2026,2026,3b 100m,European Joggling Championships 2026 - Day 2 Qualifying,Uros Marolt,M,SVN,0:00:15.66,?,https://drive.google.com/file/d/1XEZ6TLz2q2lpJ89CLP3F6wQBp5zFDskm/view?usp=sharing,,,15,98
03/08/2026,2026,3b 400m,European Joggling Championships 2026 - Day 2 Qualifying,Uros Marolt,M,SVN,0:01:28.19,?,https://drive.google.com/file/d/1XEZ6TLz2q2lpJ89CLP3F6wQBp5zFDskm/view?usp=sharing,,,88,0
03/08/2026,2026,3b 400m,European Joggling Championships 2026 - Day 2 Qualifying,Verena Rau,F,DEU,0:01:47.00,?,https://drive.google.com/file/d/1XEZ6TLz2q2lpJ89CLP3F6wQBp5zFDskm/view?usp=sharing,,,107,3
03/08/2026,2026,3c 100m,European Joggling Championships 2026 - Day 2 Qualifying,Verena Rau,F,DEU,0:00:22.23,?,https://drive.google.com/file/d/1XEZ6TLz2q2lpJ89CLP3F6wQBp5zFDskm/view?usp=sharing,,,22,0
03/08/2026,2026,5b 100m,European Joggling Championships 2026 - Day 2 Qualifying,Verena Rau,F,DEU,0:01:11.07,?,https://drive.google.com/file/d/1XEZ6TLz2q2lpJ89CLP3F6wQBp5zFDskm/view?usp=sharing,,,71,0
03/08/2026,2026,3b 100m,European Joggling Championships 2026 - Day 2 Qualifying,Verena Rau,F,DEU,0:00:21.63,?,https://drive.google.com/file/d/1XEZ6TLz2q2lpJ89CLP3F6wQBp5zFDskm/view?usp=sharing,,,21,9
03/08/2026,2026,3b 100m,European Joggling Championships 2026 - Day 2 Qualifying,Yasmin Stohr,F,DEU,0:00:27.22,?,https://drive.google.com/file/d/1XEZ6TLz2q2lpJ89CLP3F6wQBp5zFDskm/view?usp=sharing,,,27,0
03/08/2026,2026,3b 100m,European Joggling Championships 2026 - Day 2 Qualifying,Yasmin Stohr,F,DEU,0:00:20.97,?,https://drive.google.com/file/d/1XEZ6TLz2q2lpJ89CLP3F6wQBp5zFDskm/view?usp=sharing,,,20,39
03/08/2026,2026,3b 100m,European Joggling Championships 2026 - Day 2 Qualifying,Yasmin Stohr,F,DEU,0:00:20.53,?,https://drive.google.com/file/d/1XEZ6TLz2q2lpJ89CLP3F6wQBp5zFDskm/view?usp=sharing,,,20,39
02/08/2026,2026,3b 100m,European Joggling Championships 2026 - Day 1 Qualifying,Alistair Richards,M,GBR,0:00:18.03,?,https://drive.google.com/file/d/1XEZ6TLz2q2lpJ89CLP3F6wQBp5zFDskm/view?usp=sharing,,,18,0
02/08/2026,2026,5b 100m,European Joggling Championships 2026 - Day 1 Qualifying,Alistair Richards,M,GBR,0:01:14.91,?,https://drive.google.com/file/d/1XEZ6TLz2q2lpJ89CLP3F6wQBp5zFDskm/view?usp=sharing,,,74,0
02/08/2026,2026,3b 400m,European Joggling Championships 2026 - Day 1 Qualifying,Alistair Richards,M,GBR,0:01:22.10,?,https://drive.google.com/file/d/1XEZ6TLz2q2lpJ89CLP3F6wQBp5zFDskm/view?usp=sharing,,,82,0
02/08/2026,2026,5b 100m,European Joggling Championships 2026 - Day 1 Qualifying,Alistair Richards,M,GBR,0:00:51.53,?,https://drive.google.com/file/d/1XEZ6TLz2q2lpJ89CLP3F6wQBp5zFDskm/view?usp=sharing,,,51,0
02/08/2026,2026,3b 100m,European Joggling Championships 2026 - Day 1 Qualifying,Alistair Richards,M,GBR,0:00:22.88,?,https://drive.google.com/file/d/1XEZ6TLz2q2lpJ89CLP3F6wQBp5zFDskm/view?usp=sharing,,,22,0
02/08/2026,2026,3b 100m,European Joggling Championships 2026 - Day 1 Qualifying,Alistair Richards,M,GBR,0:00:16.82,?,https://drive.google.com/file/d/1XEZ6TLz2q2lpJ89CLP3F6wQBp5zFDskm/view?usp=sharing,,,16,24
02/08/2026,2026,3b 100m,European Joggling Championships 2026 - Day 1 Qualifying,Bosznay Balazs,M,HUN,0:00:21.40,?,https://drive.google.com/file/d/1XEZ6TLz2q2lpJ89CLP3F6wQBp5zFDskm/view?usp=sharing,,,21,0
02/08/2026,2026,3b 100m,European Joggling Championships 2026 - Day 1 Qualifying,Bosznay Balazs,M,HUN,0:00:36.00,?,https://drive.google.com/file/d/1XEZ6TLz2q2lpJ89CLP3F6wQBp5zFDskm/view?usp=sharing,,,36,0
02/08/2026,2026,3b 400m,European Joggling Championships 2026 - Day 1 Qualifying,Bosznay Balazs,M,HUN,0:02:00.50,?,https://drive.google.com/file/d/1XEZ6TLz2q2lpJ89CLP3F6wQBp5zFDskm/view?usp=sharing,,,120,0
02/08/2026,2026,3b 400m,European Joggling Championships 2026 - Day 1 Qualifying,Christina-Anna Senser,F,DEU,0:01:41.38,?,https://drive.google.com/file/d/1XEZ6TLz2q2lpJ89CLP3F6wQBp5zFDskm/view?usp=sharing,,,101,27
02/08/2026,2026,3c 100m,European Joggling Championships 2026 - Day 1 Qualifying,Christina-Anna Senser,F,DEU,0:00:25.35,?,https://drive.google.com/file/d/1XEZ6TLz2q2lpJ89CLP3F6wQBp5zFDskm/view?usp=sharing,,,25,0
02/08/2026,2026,3c 100m,European Joggling Championships 2026 - Day 1 Qualifying,Christina-Anna Senser,F,DEU,0:00:24.47,?,https://drive.google.com/file/d/1XEZ6TLz2q2lpJ89CLP3F6wQBp5zFDskm/view?usp=sharing,,,24,0
02/08/2026,2026,3b 100m,European Joggling Championships 2026 - Day 1 Qualifying,Christina-Anna Senser,F,DEU,0:00:18.34,?,https://drive.google.com/file/d/1XEZ6TLz2q2lpJ89CLP3F6wQBp5zFDskm/view?usp=sharing,,,18,158
02/08/2026,2026,3b 100m,European Joggling Championships 2026 - Day 1 Qualifying,Christina-Anna Senser,F,DEU,0:00:19.03,?,https://drive.google.com/file/d/1XEZ6TLz2q2lpJ89CLP3F6wQBp5zFDskm/view?usp=sharing,,,19,89
02/08/2026,2026,5b 100m,European Joggling Championships 2026 - Day 1 Qualifying,Christina-Anna Senser,F,DEU,0:00:53.53,?,https://drive.google.com/file/d/1XEZ6TLz2q2lpJ89CLP3F6wQBp5zFDskm/view?usp=sharing,,,53,0
02/08/2026,2026,5b 100m,European Joggling Championships 2026 - Day 1 Qualifying,Christina-Anna Senser,F,DEU,0:00:52.00,?,https://drive.google.com/file/d/1XEZ6TLz2q2lpJ89CLP3F6wQBp5zFDskm/view?usp=sharing,,,52,0
02/08/2026,2026,3b 100m,European Joggling Championships 2026 - Day 1 Qualifying,Fabian Faisst,M,DEU,0:00:25.97,?,https://drive.google.com/file/d/1XEZ6TLz2q2lpJ89CLP3F6wQBp5zFDskm/view?usp=sharing,,,25,0
02/08/2026,2026,3b 100m,European Joggling Championships 2026 - Day 1 Qualifying,Felix Spiller,M,DEU,0:00:21.47,?,https://drive.google.com/file/d/1XEZ6TLz2q2lpJ89CLP3F6wQBp5zFDskm/view?usp=sharing,,,21,0
02/08/2026,2026,3b 100m,European Joggling Championships 2026 - Day 1 Qualifying,Felix Spiller,M,DEU,0:00:17.66,?,https://drive.google.com/file/d/1XEZ6TLz2q2lpJ89CLP3F6wQBp5zFDskm/view?usp=sharing,,,17,0
02/08/2026,2026,3b 100m,European Joggling Championships 2026 - Day 1 Qualifying,Felix Spiller,M,DEU,0:00:17.88,?,https://drive.google.com/file/d/1XEZ6TLz2q2lpJ89CLP3F6wQBp5zFDskm/view?usp=sharing,,,17,0
02/08/2026,2026,3b 100m,European Joggling Championships 2026 - Day 1 Qualifying,Felix Spiller,M,DEU,0:00:15.78,?,https://drive.google.com/file/d/1XEZ6TLz2q2lpJ89CLP3F6wQBp5zFDskm/view?usp=sharing,,,15,98
02/08/2026,2026,5b 100m,European Joggling Championships 2026 - Day 1 Qualifying,Felix Spiller,M,DEU,0:01:16.59,?,https://drive.google.com/file/d/1XEZ6TLz2q2lpJ89CLP3F6wQBp5zFDskm/view?usp=sharing,,,76,0
02/08/2026,2026,3b 400m,European Joggling Championships 2026 - Day 1 Qualifying,Felix Spiller,M,DEU,0:01:28.13,?,https://drive.google.com/file/d/1XEZ6TLz2q2lpJ89CLP3F6wQBp5zFDskm/view?usp=sharing,,,88,0
02/08/2026,2026,5b 100m,European Joggling Championships 2026 - Day 1 Qualifying,Felix Spiller,M,DEU,0:01:21.16,?,https://drive.google.com/file/d/1XEZ6TLz2q2lpJ89CLP3F6wQBp5zFDskm/view?usp=sharing,,,81,0
02/08/2026,2026,3c 100m,European Joggling Championships 2026 - Day 1 Qualifying,Felix Spiller,M,DEU,0:00:25.41,?,https://drive.google.com/file/d/1XEZ6TLz2q2lpJ89CLP3F6wQBp5zFDskm/view?usp=sharing,,,25,0
02/08/2026,2026,3b 400m,European Joggling Championships 2026 - Day 1 Qualifying,Felix Spiller,M,DEU,0:01:21.43,?,https://drive.google.com/file/d/1XEZ6TLz2q2lpJ89CLP3F6wQBp5zFDskm/view?usp=sharing,,,81,0
02/08/2026,2026,5b 100m,European Joggling Championships 2026 - Day 1 Qualifying,Felix Spiller,M,DEU,0:01:01.94,?,https://drive.google.com/file/d/1XEZ6TLz2q2lpJ89CLP3F6wQBp5zFDskm/view?usp=sharing,,,61,0
02/08/2026,2026,3b 100m,European Joggling Championships 2026 - Day 1 Qualifying,Fiona Verscheure,F,BEL,0:00:26.19,?,https://drive.google.com/file/d/1XEZ6TLz2q2lpJ89CLP3F6wQBp5zFDskm/view?usp=sharing,,,26,0
02/08/2026,2026,3b 100m,European Joggling Championships 2026 - Day 1 Qualifying,Fiona Verscheure,F,BEL,0:00:29.00,?,https://drive.google.com/file/d/1XEZ6TLz2q2lpJ89CLP3F6wQBp5zFDskm/view?usp=sharing,,,29,0
02/08/2026,2026,3b 400m,European Joggling Championships 2026 - Day 1 Qualifying,Fiona Verscheure,F,BEL,0:02:04.53,?,https://drive.google.com/file/d/1XEZ6TLz2q2lpJ89CLP3F6wQBp5zFDskm/view?usp=sharing,,,124,0
02/08/2026,2026,3b 400m,European Joggling Championships 2026 - Day 1 Qualifying,Fiona Verscheure,F,BEL,0:02:12.56,?,https://drive.google.com/file/d/1XEZ6TLz2q2lpJ89CLP3F6wQBp5zFDskm/view?usp=sharing,,,132,0
02/08/2026,2026,3b 400m,European Joggling Championships 2026 - Day 1 Qualifying,Jakob Neinhardt,M,DEU,0:01:58.38,?,https://drive.google.com/file/d/1XEZ6TLz2q2lpJ89CLP3F6wQBp5zFDskm/view?usp=sharing,,,118,0
02/08/2026,2026,3b 100m,European Joggling Championships 2026 - Day 1 Qualifying,Joe Kara,M,AUS,0:00:21.78,?,https://drive.google.com/file/d/1XEZ6TLz2q2lpJ89CLP3F6wQBp5zFDskm/view?usp=sharing,,,21,0
02/08/2026,2026,3b 100m,European Joggling Championships 2026 - Day 1 Qualifying,Joe Kara,M,AUS,0:00:16.35,?,https://drive.google.com/file/d/1XEZ6TLz2q2lpJ89CLP3F6wQBp5zFDskm/view?usp=sharing,,,16,24
02/08/2026,2026,3c 100m,European Joggling Championships 2026 - Day 1 Qualifying,Joe Kara,M,AUS,0:00:31.19,?,https://drive.google.com/file/d/1XEZ6TLz2q2lpJ89CLP3F6wQBp5zFDskm/view?usp=sharing,,,31,0
02/08/2026,2026,3b 400m,European Joggling Championships 2026 - Day 1 Qualifying,Joe Kara,M,AUS,0:01:16.87,?,https://drive.google.com/file/d/1XEZ6TLz2q2lpJ89CLP3F6wQBp5zFDskm/view?usp=sharing,,,76,9
02/08/2026,2026,3b 400m,European Joggling Championships 2026 - Day 1 Qualifying,Jonte Rohmeyer,M,DEU,0:01:40.47,?,https://drive.google.com/file/d/1XEZ6TLz2q2lpJ89CLP3F6wQBp5zFDskm/view?usp=sharing,,,100,0
02/08/2026,2026,5b 100m,European Joggling Championships 2026 - Day 1 Qualifying,Karel Schuller,M,NLD,0:00:27.06,?,https://drive.google.com/file/d/1XEZ6TLz2q2lpJ89CLP3F6wQBp5zFDskm/view?usp=sharing,,,27,0
02/08/2026,2026,3b 100m,European Joggling Championships 2026 - Day 1 Qualifying,Karel Schuller,M,NLD,0:00:14.93,?,https://drive.google.com/file/d/1XEZ6TLz2q2lpJ89CLP3F6wQBp5zFDskm/view?usp=sharing,,,14,221
02/08/2026,2026,3c 100m,European Joggling Championships 2026 - Day 1 Qualifying,Karel Schuller,M,NLD,0:00:16.66,?,https://drive.google.com/file/d/1XEZ6TLz2q2lpJ89CLP3F6wQBp5zFDskm/view?usp=sharing,,,16,24
02/08/2026,2026,3b 400m,European Joggling Championships 2026 - Day 1 Qualifying,Karel Schuller,M,NLD,0:01:12.06,?,https://drive.google.com/file/d/1XEZ6TLz2q2lpJ89CLP3F6wQBp5zFDskm/view?usp=sharing,,,72,50
02/08/2026,2026,7b 100m,European Joggling Championships 2026 - Day 1 Qualifying,Karel Schuller,M,NLD,0:01:24.97,?,https://drive.google.com/file/d/1XEZ6TLz2q2lpJ89CLP3F6wQBp5zFDskm/view?usp=sharing,,,84,0
02/08/2026,2026,5b 100m,European Joggling Championships 2026 - Day 1 Qualifying,Karel Schuller,M,NLD,0:00:22.03,?,https://drive.google.com/file/d/1XEZ6TLz2q2lpJ89CLP3F6wQBp5zFDskm/view?usp=sharing,,,22,0
02/08/2026,2026,3b 100m,European Joggling Championships 2026 - Day 1 Qualifying,Karly Swaim,F,USA,0:00:21.53,?,https://drive.google.com/file/d/1XEZ6TLz2q2lpJ89CLP3F6wQBp5zFDskm/view?usp=sharing,,,21,9
02/08/2026,2026,5b 100m,European Joggling Championships 2026 - Day 1 Qualifying,Karly Swaim,F,USA,0:03:46.40,?,https://drive.google.com/file/d/1XEZ6TLz2q2lpJ89CLP3F6wQBp5zFDskm/view?usp=sharing,,,226,0
02/08/2026,2026,3b 100m,European Joggling Championships 2026 - Day 1 Qualifying,Kenny Cheung,M,AUS,0:00:25.75,?,https://drive.google.com/file/d/1XEZ6TLz2q2lpJ89CLP3F6wQBp5zFDskm/view?usp=sharing,,,25,0
02/08/2026,2026,3b 100m,European Joggling Championships 2026 - Day 1 Qualifying,Kenny Cheung,M,AUS,0:00:18.59,?,https://drive.google.com/file/d/1XEZ6TLz2q2lpJ89CLP3F6wQBp5zFDskm/view?usp=sharing,,,18,0
02/08/2026,2026,3c 100m,European Joggling Championships 2026 - Day 1 Qualifying,Kenny Cheung,M,AUS,0:00:19.41,?,https://drive.google.com/file/d/1XEZ6TLz2q2lpJ89CLP3F6wQBp5zFDskm/view?usp=sharing,,,19,0
02/08/2026,2026,5b 100m,European Joggling Championships 2026 - Day 1 Qualifying,Kenny Cheung,M,AUS,0:00:46.75,?,https://drive.google.com/file/d/1XEZ6TLz2q2lpJ89CLP3F6wQBp5zFDskm/view?usp=sharing,,,46,0
02/08/2026,2026,3b 400m,European Joggling Championships 2026 - Day 1 Qualifying,Kenny Cheung,M,AUS,0:01:36.00,?,https://drive.google.com/file/d/1XEZ6TLz2q2lpJ89CLP3F6wQBp5zFDskm/view?usp=sharing,,,96,0
02/08/2026,2026,3c 100m,European Joggling Championships 2026 - Day 1 Qualifying,Kornelius Rohmeyer,M,DEU,0:00:28.63,?,https://drive.google.com/file/d/1XEZ6TLz2q2lpJ89CLP3F6wQBp5zFDskm/view?usp=sharing,,,28,0
02/08/2026,2026,3c 400m,European Joggling Championships 2026 - Day 1 Qualifying,Kornelius Rohmeyer,M,DEU,0:01:47.41,?,https://drive.google.com/file/d/1XEZ6TLz2q2lpJ89CLP3F6wQBp5zFDskm/view?usp=sharing,,,107,0
02/08/2026,2026,3b 100m,European Joggling Championships 2026 - Day 1 Qualifying,Matteo Sicamois,M,ITA,0:00:18.37,?,https://drive.google.com/file/d/1XEZ6TLz2q2lpJ89CLP3F6wQBp5zFDskm/view?usp=sharing,,,18,0
02/08/2026,2026,3b 100m,European Joggling Championships 2026 - Day 1 Qualifying,Matteo Sicamois,M,ITA,0:00:16.59,?,https://drive.google.com/file/d/1XEZ6TLz2q2lpJ89CLP3F6wQBp5zFDskm/view?usp=sharing,,,16,24
02/08/2026,2026,3b 100m,European Joggling Championships 2026 - Day 1 Qualifying,Matteo Sicamois,M,ITA,0:00:16.91,?,https://drive.google.com/file/d/1XEZ6TLz2q2lpJ89CLP3F6wQBp5zFDskm/view?usp=sharing,,,16,24
02/08/2026,2026,3b 400m,European Joggling Championships 2026 - Day 1 Qualifying,Matteo Sicamois,M,ITA,0:01:33.56,?,https://drive.google.com/file/d/1XEZ6TLz2q2lpJ89CLP3F6wQBp5zFDskm/view?usp=sharing,,,93,0
02/08/2026,2026,3b 400m,European Joggling Championships 2026 - Day 1 Qualifying,Onur Erdem,M,TUR,0:01:26.82,?,https://drive.google.com/file/d/1XEZ6TLz2q2lpJ89CLP3F6wQBp5zFDskm/view?usp=sharing,,,86,0
02/08/2026,2026,3b 400m,European Joggling Championships 2026 - Day 1 Qualifying,Onur Erdem,M,TUR,0:01:24.53,?,https://drive.google.com/file/d/1XEZ6TLz2q2lpJ89CLP3F6wQBp5zFDskm/view?usp=sharing,,,84,0
02/08/2026,2026,3b 100m,European Joggling Championships 2026 - Day 1 Qualifying,Primoz Sesek,M,SVN,0:00:22.19,?,https://drive.google.com/file/d/1XEZ6TLz2q2lpJ89CLP3F6wQBp5zFDskm/view?usp=sharing,,,22,0
02/08/2026,2026,3b 100m,European Joggling Championships 2026 - Day 1 Qualifying,Primoz Sesek,M,SVN,0:00:19.81,?,https://drive.google.com/file/d/1XEZ6TLz2q2lpJ89CLP3F6wQBp5zFDskm/view?usp=sharing,,,19,0
02/08/2026,2026,3b 400m,European Joggling Championships 2026 - Day 1 Qualifying,Primoz Sesek,M,SVN,0:01:37.51,?,https://drive.google.com/file/d/1XEZ6TLz2q2lpJ89CLP3F6wQBp5zFDskm/view?usp=sharing,,,97,0
02/08/2026,2026,3b 100m,European Joggling Championships 2026 - Day 1 Qualifying,Primoz Sesek,M,SVN,0:00:20.82,?,https://drive.google.com/file/d/1XEZ6TLz2q2lpJ89CLP3F6wQBp5zFDskm/view?usp=sharing,,,20,0
02/08/2026,2026,3b 100m,European Joggling Championships 2026 - Day 1 Qualifying,Primoz Sesek,M,SVN,0:00:19.04,?,https://drive.google.com/file/d/1XEZ6TLz2q2lpJ89CLP3F6wQBp5zFDskm/view?usp=sharing,,,19,0
02/08/2026,2026,3b 400m,European Joggling Championships 2026 - Day 1 Qualifying,Primoz Sesek,M,SVN,0:01:32.40,?,https://drive.google.com/file/d/1XEZ6TLz2q2lpJ89CLP3F6wQBp5zFDskm/view?usp=sharing,,,92,0
02/08/2026,2026,3b 100m,European Joggling Championships 2026 - Day 1 Qualifying,Ruth Groene,F,DEU,0:00:25.84,?,https://drive.google.com/file/d/1XEZ6TLz2q2lpJ89CLP3F6wQBp5zFDskm/view?usp=sharing,,,25,0
02/08/2026,2026,3b 100m,European Joggling Championships 2026 - Day 1 Qualifying,Ruth Groene,F,DEU,0:00:26.10,?,https://drive.google.com/file/d/1XEZ6TLz2q2lpJ89CLP3F6wQBp5zFDskm/view?usp=sharing,,,26,0
02/08/2026,2026,3b 400m,European Joggling Championships 2026 - Day 1 Qualifying,Ruth Groene,F,DEU,0:02:09.81,?,https://drive.google.com/file/d/1XEZ6TLz2q2lpJ89CLP3F6wQBp5zFDskm/view?usp=sharing,,,129,0
02/08/2026,2026,3b 400m,European Joggling Championships 2026 - Day 1 Qualifying,Ruth Groene,F,DEU,0:02:04.25,?,https://drive.google.com/file/d/1XEZ6TLz2q2lpJ89CLP3F6wQBp5zFDskm/view?usp=sharing,,,124,0
02/08/2026,2026,3b 100m,European Joggling Championships 2026 - Day 1 Qualifying,Ruth Groene,F,DEU,0:00:24.78,?,https://drive.google.com/file/d/1XEZ6TLz2q2lpJ89CLP3F6wQBp5zFDskm/view?usp=sharing,,,24,0
02/08/2026,2026,3b 100m,European Joggling Championships 2026 - Day 1 Qualifying,Samuel Tittelein,M,FRA,0:00:16.85,?,https://drive.google.com/file/d/1XEZ6TLz2q2lpJ89CLP3F6wQBp5zFDskm/view?usp=sharing,,,16,24
02/08/2026,2026,3b 400m,European Joggling Championships 2026 - Day 1 Qualifying,Samuel Tittelein,M,FRA,0:01:14.25,?,https://drive.google.com/file/d/1XEZ6TLz2q2lpJ89CLP3F6wQBp5zFDskm/view?usp=sharing,,,74,25
02/08/2026,2026,3c 100m,European Joggling Championships 2026 - Day 1 Qualifying,Shimon Levikov,M,DEU,0:00:18.88,?,https://drive.google.com/file/d/1XEZ6TLz2q2lpJ89CLP3F6wQBp5zFDskm/view?usp=sharing,,,18,0
02/08/2026,2026,5b 100m,European Joggling Championships 2026 - Day 1 Qualifying,Shimon Levikov,M,DEU,0:00:49.47,?,https://drive.google.com/file/d/1XEZ6TLz2q2lpJ89CLP3F6wQBp5zFDskm/view?usp=sharing,,,49,0
02/08/2026,2026,3b 100m,European Joggling Championships 2026 - Day 1 Qualifying,Shimon Levikov,M,DEU,0:00:14.97,?,https://drive.google.com/file/d/1XEZ6TLz2q2lpJ89CLP3F6wQBp5zFDskm/view?usp=sharing,,,14,221
02/08/2026,2026,3b 100m,European Joggling Championships 2026 - Day 1 Qualifying,Shimon Levikov,M,DEU,0:00:14.87,?,https://drive.google.com/file/d/1XEZ6TLz2q2lpJ89CLP3F6wQBp5zFDskm/view?usp=sharing,,,14,221
02/08/2026,2026,3b 400m,European Joggling Championships 2026 - Day 1 Qualifying,Shimon Levikov,M,DEU,0:01:14.88,?,https://drive.google.com/file/d/1XEZ6TLz2q2lpJ89CLP3F6wQBp5zFDskm/view?usp=sharing,,,74,25
02/08/2026,2026,3c 100m,European Joggling Championships 2026 - Day 1 Qualifying,Simona Uguccioni,F,ITA,0:00:39.72,?,https://drive.google.com/file/d/1XEZ6TLz2q2lpJ89CLP3F6wQBp5zFDskm/view?usp=sharing,,,39,0
02/08/2026,2026,3c 400m,European Joggling Championships 2026 - Day 1 Qualifying,Simona Uguccioni,F,ITA,0:03:04.15,?,https://drive.google.com/file/d/1XEZ6TLz2q2lpJ89CLP3F6wQBp5zFDskm/view?usp=sharing,,,184,0
02/08/2026,2026,3b 400m,European Joggling Championships 2026 - Day 1 Qualifying,Stephan Neinhardt,M,DEU,0:01:56.35,?,https://drive.google.com/file/d/1XEZ6TLz2q2lpJ89CLP3F6wQBp5zFDskm/view?usp=sharing,,,116,0
02/08/2026,2026,3b 100m,European Joggling Championships 2026 - Day 1 Qualifying,Stijn Westerbeek,M,NLD,0:00:14.13,?,https://drive.google.com/file/d/1XEZ6TLz2q2lpJ89CLP3F6wQBp5zFDskm/view?usp=sharing,,,14,221
02/08/2026,2026,3c 100m,European Joggling Championships 2026 - Day 1 Qualifying,Stijn Westerbeek,M,NLD,0:00:18.06,?,https://drive.google.com/file/d/1XEZ6TLz2q2lpJ89CLP3F6wQBp5zFDskm/view?usp=sharing,,,18,0
02/08/2026,2026,5b 100m,European Joggling Championships 2026 - Day 1 Qualifying,Stijn Westerbeek,M,NLD,0:00:35.25,?,https://drive.google.com/file/d/1XEZ6TLz2q2lpJ89CLP3F6wQBp5zFDskm/view?usp=sharing,,,35,0
02/08/2026,2026,3b 400m,European Joggling Championships 2026 - Day 1 Qualifying,Stijn Westerbeek,M,NLD,0:01:05.91,?,https://drive.google.com/file/d/1XEZ6TLz2q2lpJ89CLP3F6wQBp5zFDskm/view?usp=sharing,,,65,200
02/08/2026,2026,3b 400m,European Joggling Championships 2026 - Day 1 Qualifying,Tamara Maul,F,DEU,0:01:29.91,?,https://drive.google.com/file/d/1XEZ6TLz2q2lpJ89CLP3F6wQBp5zFDskm/view?usp=sharing,,,89,147
02/08/2026,2026,3b 400m,European Joggling Championships 2026 - Day 1 Qualifying,Tamara Maul,F,DEU,0:01:35.34,?,https://drive.google.com/file/d/1XEZ6TLz2q2lpJ89CLP3F6wQBp5zFDskm/view?usp=sharing,,,95,75
02/08/2026,2026,3c 100m,European Joggling Championships 2026 - Day 1 Qualifying,Tamara Maul,F,DEU,0:00:35.60,?,https://drive.google.com/file/d/1XEZ6TLz2q2lpJ89CLP3F6wQBp5zFDskm/view?usp=sharing,,,35,0
02/08/2026,2026,3b 100m,European Joggling Championships 2026 - Day 1 Qualifying,Tamara Maul,F,DEU,0:00:19.56,?,https://drive.google.com/file/d/1XEZ6TLz2q2lpJ89CLP3F6wQBp5zFDskm/view?usp=sharing,,,19,89
02/08/2026,2026,3b 100m,European Joggling Championships 2026 - Day 1 Qualifying,Tamara Maul,F,DEU,0:00:22.84,?,https://drive.google.com/file/d/1XEZ6TLz2q2lpJ89CLP3F6wQBp5zFDskm/view?usp=sharing,,,22,0
02/08/2026,2026,3b 100m,European Joggling Championships 2026 - Day 1 Qualifying,Tamino Larisch,M,DEU,0:00:15.75,?,https://drive.google.com/file/d/1XEZ6TLz2q2lpJ89CLP3F6wQBp5zFDskm/view?usp=sharing,,,15,98
02/08/2026,2026,3b 400m,European Joggling Championships 2026 - Day 1 Qualifying,Tamino Larisch,M,DEU,0:01:25.25,?,https://drive.google.com/file/d/1XEZ6TLz2q2lpJ89CLP3F6wQBp5zFDskm/view?usp=sharing,,,85,0
02/08/2026,2026,5b 100m,European Joggling Championships 2026 - Day 1 Qualifying,Tamino Larisch,M,DEU,0:00:52.10,?,https://drive.google.com/file/d/1XEZ6TLz2q2lpJ89CLP3F6wQBp5zFDskm/view?usp=sharing,,,52,0
02/08/2026,2026,3b 100m,European Joggling Championships 2026 - Day 1 Qualifying,Timothy Ross,M,USA,0:00:16.31,?,https://drive.google.com/file/d/1XEZ6TLz2q2lpJ89CLP3F6wQBp5zFDskm/view?usp=sharing,,,16,24
02/08/2026,2026,3b 100m,European Joggling Championships 2026 - Day 1 Qualifying,Timothy Ross,M,USA,0:00:16.47,?,https://drive.google.com/file/d/1XEZ6TLz2q2lpJ89CLP3F6wQBp5zFDskm/view?usp=sharing,,,16,24
02/08/2026,2026,3b 400m,European Joggling Championships 2026 - Day 1 Qualifying,Timothy Ross,M,USA,0:01:18.12,?,https://drive.google.com/file/d/1XEZ6TLz2q2lpJ89CLP3F6wQBp5zFDskm/view?usp=sharing,,,78,1
02/08/2026,2026,3b 100m,European Joggling Championships 2026 - Day 1 Qualifying,Tobias Ludwig,M,DEU,0:00:18.59,?,https://drive.google.com/file/d/1XEZ6TLz2q2lpJ89CLP3F6wQBp5zFDskm/view?usp=sharing,,,18,0
02/08/2026,2026,3b 400m,European Joggling Championships 2026 - Day 1 Qualifying,Tobias Ludwig,M,DEU,0:01:32.57,?,https://drive.google.com/file/d/1XEZ6TLz2q2lpJ89CLP3F6wQBp5zFDskm/view?usp=sharing,,,92,0
02/08/2026,2026,3b 400m,European Joggling Championships 2026 - Day 1 Qualifying,Tobias Ludwig,M,DEU,0:01:44.53,?,https://drive.google.com/file/d/1XEZ6TLz2q2lpJ89CLP3F6wQBp5zFDskm/view?usp=sharing,,,104,0
02/08/2026,2026,3b 100m,European Joggling Championships 2026 - Day 1 Qualifying,Tobias Ludwig,M,DEU,0:00:18.85,?,https://drive.google.com/file/d/1XEZ6TLz2q2lpJ89CLP3F6wQBp5zFDskm/view?usp=sharing,,,18,0
02/08/2026,2026,3b 100m,European Joggling Championships 2026 - Day 1 Qualifying,Tobias Ludwig,M,DEU,0:00:25.28,?,https://drive.google.com/file/d/1XEZ6TLz2q2lpJ89CLP3F6wQBp5zFDskm/view?usp=sharing,,,25,0
02/08/2026,2026,3b 100m,European Joggling Championships 2026 - Day 1 Qualifying,Yvonne Burchartz,F,DEU,0:00:35.62,?,https://drive.google.com/file/d/1XEZ6TLz2q2lpJ89CLP3F6wQBp5zFDskm/view?usp=sharing,,,35,0
02/08/2026,2026,3b 400m,European Joggling Championships 2026 - Day 1 Qualifying,Yvonne Burchartz,F,DEU,0:01:41.94,?,https://drive.google.com/file/d/1XEZ6TLz2q2lpJ89CLP3F6wQBp5zFDskm/view?usp=sharing,,,101,27
02/08/2026,2026,3b 100m,European Joggling Championships 2026 - Day 1 Qualifying,Yvonne Burchartz,F,DEU,0:00:26.81,?,https://drive.google.com/file/d/1XEZ6TLz2q2lpJ89CLP3F6wQBp5zFDskm/view?usp=sharing,,,26,0
02/08/2026,2026,3b 100m,European Joggling Championships 2026 - Day 1 Qualifying,Yvonne Burchartz,F,DEU,0:00:21.81,?,https://drive.google.com/file/d/1XEZ6TLz2q2lpJ89CLP3F6wQBp5zFDskm/view?usp=sharing,,,21,9
02/08/2026,2026,3c 100m,European Joggling Championships 2026 - Day 1 Qualifying,Yvonne Burchartz,F,DEU,0:00:31.50,?,https://drive.google.com/file/d/1XEZ6TLz2q2lpJ89CLP3F6wQBp5zFDskm/view?usp=sharing,,,31,0
14/07/2026,2026,3b Mile,Time Trial,Rick Kwiatkowski,M,USA,0:07:58.00,3,https://www.strava.com/activities/19317174485,,,478,0
11/07/2026,2026,3b 10.5km,Csillagok utjan,Attila Suszter,M,HUN,1:03:33.00,1,"https://www.strava.com/activities/19273959770
https://korido.hu/?2026CSU_result&id=22#22",,,3813,0
11/07/2026,2026,3b 5km,Ganavan Sands Parkrun,Scott Jenkins,M,GBR,0:21:31.00,0,https://www.parkrun.org.uk/ganavan sands/results/426/,,,1291,61
10/07/2026,2026,3b Mile,Time Trial,Tim Ebersole,M,USA,0:08:24.00,?,https://www.strava.com/activities/19260917429,,,504,0
05/07/2026,2026,3b 15 Miles,Seven Hills of Edinburgh Race,Scott Jenkins,M,GBR,2:25:20.00,2,https://www.seven-hills.org.uk/results,,,8720,0
04/07/2026,2026,3b Half Marathon,Eagle Chase Fire on the River 2026,Samuel Dean,M,USA,1:19:48.00,1,"https://runsignup.com/Race/Results/125778/IndividualResult/RRkPs?resultSetId=667510#U50715666
https://www.strava.com/activities/19177992898/overview",,,4788,508
04/07/2026,2026,3b 5km,Bo'ness Foreshore Parkrun,Scott Jenkins,M,GBR,0:20:32.00,1,https://www.parkrun.org.uk/bo'ness foreshore/results/37/,,,1232,120
27/06/2026,2026,3b 75 Miles,"Utopia Backyard Ultra, Ontario",Michal Kapral,M,CAN,17:58:13.00,?,"https://my.raceresult.com/368663/
https://www.instagram.com/marathonjoggler/",,,64693,0
27/06/2026,2026,3b 5km,Bushy Park Parkrun,Scott Jenkins,M,GBR,0:20:30.00,0,https://www.parkrun.org.uk/bushy park/results/1096/,,,1230,122
20/06/2026,2026,3b 5km,Oriam Parkrun,Scott Jenkins,M,GBR,0:20:06.00,1,https://www.parkrun.org.uk/oriam/results/251/,,,1206,152
13/06/2026,2026,3b 2 Miles,SSM Health Walleye Run/Walk,Samuel Dean,M,USA,0:10:32.00,0,"https://results.performancetiming.com/myresults.aspx?uid=16541-897-2-406106
https://www.strava.com/activities/18905674915/overview",,,632,523
13/06/2026,2026,3b 5km,Auldcathie District Parkrun,Scott Jenkins,M,GBR,0:20:28.00,2,https://www.parkrun.org.uk/auldcathie district/results/174/,,,1228,124
23/05/2026,2026,3b 10km,Bratfest Bun Run,Samuel Dean,M,USA,0:34:55.00,0,"https://results.itsracetime.com/myresults.aspx?uid=17095-4507-2-426032
https://www.strava.com/activities/18622127956/overview
",,,2095,588
23/05/2026,2026,3b 5km,Edinburgh Parkrun,Scott Jenkins,M,GBR,0:18:54.00,0,https://www.parkrun.org.uk/edinburgh/results/774/,,,1134,260
17/05/2026,2026,3b Mile,"British Joggler Meet Up, Leeds",Chris Edwin,M,GBR,0:05:13.76,0,https://youtu.be/yeAhMs8cxGs?si=zl-8Qt0RWwtn6bH9,,,313,365
17/05/2026,2026,3b 100m,"British Joggler Meet Up, Leeds",Chris Edwin,M,GBR,0:00:16.95,0,https://youtu.be/-gnFLehz9Kw?si=3YVP1UssuSCdt4B3,,,16,24
17/05/2026,2026,3b Mile,"British Joggler Meet Up, Leeds",Dominic Lodge,M,GBR,0:05:25.63,0,https://youtu.be/yeAhMs8cxGs?si=zl-8Qt0RWwtn6bH9,,,325,284
17/05/2026,2026,3b 400m,"British Joggler Meet Up, Leeds",Scott Jenkins,M,GBR,0:01:01.59,0,https://youtu.be/jv8da1bQDBs?si=cGLUloPRCY6y-fNN,,,61,330
17/05/2026,2026,3b 800m,"British Joggler Meet Up, Leeds",Scott Jenkins,M,GBR,0:02:16.34,0,https://youtu.be/D1KIrWOAHVk?si=NvL0KhhhqLO8HpO3,,,136,418
17/05/2026,2026,5b 400m,"British Joggler Meet Up, Leeds",Scott Jenkins,M,GBR,0:02:21.77,4,https://youtu.be/HZu1cT0japs?si=6K8ar5h0dmeB0KEU,,,141,0
17/05/2026,2026,3b 100m,"British Joggler Meet Up, Leeds",Scott Jenkins,M,GBR,0:00:14.96,0,https://youtu.be/rBhM7jC_XPs?si=gZcprv3qNQBV_N21,,,14,221
17/05/2026,2026,3b 200m,"British Joggler Meet Up, Leeds",Scott Jenkins,M,GBR,0:00:29.18,0,https://youtu.be/EsKZ-dj0iNE,,,29,214
17/05/2026,2026,4b 100m,"British Joggler Meet Up, Leeds",Scott Jenkins,M,GBR,0:00:15.82,0,https://youtu.be/_7bXas4hAdM?si=dHDEssk6Tc4S1adl,,,15,98
16/05/2026,2026,3b 5km,Myrtle Parkrun,Chris Edwin,M,GBR,0:19:03.00,0,https://www.parkrun.org.uk/myrtle/results/324/,,,1143,245
16/05/2026,2026,3b 5km,Myrtle Parkrun,Dominic Lodge,M,GBR,0:32:41.00,1,https://www.parkrun.org.uk/myrtle/results/324/,,,1961,0
16/05/2026,2026,3b 5km,Myrtle Parkrun,Joe Lodge,M,GBR,0:34:13.00,20,https://www.parkrun.org.uk/myrtle/results/324/,,,2053,0
16/05/2026,2026,3b 5km,Myrtle Parkrun,Scott Jenkins,M,GBR,0:19:26.00,0,https://www.parkrun.org.uk/myrtle/results/324/,,,1166,208
10/05/2026,2026,3b Marathon,Ultra Loop Sittard 6 Hours,Rik Konings,M,NLD,6:00:01.00,?,"https://my.raceresult.com/383470/#3_7DF5AF
https://www.strava.com/activities/18456845620/overview",,,21601,0
09/05/2026,2026,3b 5km,Holyrood Parkrun,Scott Jenkins,M,GBR,0:26:07.00,0,https://www.parkrun.org.uk/holyrood/results/172/,,,1567,0
06/05/2026,2026,3b 5km,"E.ON Business Run 5k, Budapest",Attila Suszter,M,HUN,0:26:09.00,?,"https://www.strava.com/activities/18401536792
https://bsieredmenylista.hu/eon-business-run-2026/5km/",,,1569,0
02/05/2026,2026,3b Marathon,Welschlauf,Benjamin Chognot,M,AUT,4:03:01.00,23,https://balancer.pentek-timing.at/results.html?pnr=14723&cnr=1,,,14581,19
02/05/2026,2026,3b 20km,Lake Monona 20K,Samuel Dean,M,USA,1:14:01.00,0,"https://runsignup.com/Race/Results/25623/IndividualResult/YkcT?resultSetId=647274#U50715666
https://www.strava.com/activities/18349256568/overview",,,4441,0
02/05/2026,2026,3b 5km,Livingston Parkrun,Scott Jenkins,M,GBR,0:20:02.00,0,https://www.parkrun.org.uk/livingston/results/467/,,,1202,157
26/04/2026,2026,3b Half Marathon,Blackpool Festival Half Marathon,Chris Edwin,M,GBR,1:17:03.00,0,https://www.fyldecoastrunners.com/uploads/5/2/4/9/52490083/festhalf26.pdf,,,4623,586
26/04/2026,2026,3b Half Marathon,Blackpool Festival Half Marathon,Dominic Lodge,M,GBR,1:28:01.00,?,https://www.fyldecoastrunners.com/uploads/5/2/4/9/52490083/festhalf26.pdf,,,5281,308
26/04/2026,2026,3b Marathon,Eugene Marathon,Zach Becker,M,USA,3:20:07.00,13,https://results.laurelt.com/eug/results?pk=8799298 https://www.strava.com/activities/18269692694,,,12007,246
25/04/2026,2026,3b 8km,Crazylegs Classic,Samuel Dean,M,USA,0:28:00.00,0,"https://runsignup.com/Race/Results/81022/IndividualResult/RRhHD?resultSetId=644672#U50715666
https://www.strava.com/activities/18255270243/overview",,,1680,0
25/04/2026,2026,3b 5km,Polkemmet Country Parkrun,Scott Jenkins,M,GBR,0:20:32.00,1,https://www.parkrun.org.uk/polkemmet country/results/281/,,,1232,120
18/04/2026,2026,3b 5km,Edinburgh Parkrun,Scott Jenkins,M,GBR,0:19:05.00,0,https://www.parkrun.org.uk/edinburgh/results/769/,,,1145,241
11/04/2026,2026,4b 5km,Karpendonkse plas parkrun,Karel Schuller,M,NLD,0:29:29.00,20,"https://www.parkrun.co.nl/karpendonkseplas/results/2026-04-11/
https://strava.app.link/ZQWZracOf2b",,,1769,0
11/04/2026,2026,3b 5km,Cuningar Loop Parkrun,Scott Jenkins,M,GBR,0:20:20.00,0,https://www.parkrun.org.uk/cuningarloop/results/53/,,,1220,134
07/04/2026,2026,3b Half Marathon,Time Trial,Karel Schuller,M,NLD,1:55:59.00,4,https://strava.app.link/d6VpxHRK81b,,,6959,0
04/04/2026,2026,3b 5km,Burnham and Highbridge Parkrun,Scott Jenkins,M,GBR,0:18:09.00,0,https://www.parkrun.org.uk/burnham and highbridge/results/486/,,,1089,342
28/03/2026,2026,3b 5km,University of Stirling Parkrun,Scott Jenkins,M,GBR,0:24:03.00,0,https://www.parkrun.org.uk/university of stirling/results/262/,,,1443,0
22/03/2026,2026,3b Marathon,2026 Yuengling Shamrock Marathon Weekend,Henry Roessner,M,USA,4:30:52.00,0,"https://www.athlinks.com/event/3175/results/Event/1129497/Course/2656841/Bib/1930
https://www.youtube.com/shorts/P7jUZ3pOnZQ                 

",,,16252,0
22/03/2026,2026,3b Half Marathon,Reading half,Stuart Humphries,M,GBR,1:54:21.00,21,,,,6861,2
21/03/2026,2026,3b 5km,Livingston Parkrun,Scott Jenkins,M,GBR,0:27:43.00,0,https://www.parkrun.org.uk/livingston/results/461/,,,1663,0
14/03/2026,2026,3b 10km,Madison Shamrock Shuffle,Samuel Dean,M,USA,0:35:09.00,0,"https://www.bikesignup.com/Race/Results/38267/IndividualResult/Yctf?resultSetId=632716#U50715666
https://www.strava.com/activities/17720388890/overview",,,2109,572
14/03/2026,2026,3b 5km,Edinburgh Parkrun,Scott Jenkins,M,GBR,0:31:05.00,0,https://www.parkrun.org.uk/edinburgh/results/764/,,,1865,0
07/03/2026,2026,3b 5km,Edinburgh Parkrun,Scott Jenkins,M,GBR,0:24:34.00,0,https://www.parkrun.org.uk/edinburgh/results/763/,,,1474,0
01/03/2026,2026,3b Half Marathon,Middlesbrough Half Marathon,Chris Edwin,M,GBR,1:27:35.00,0,https://www.runthroughrankings.com/rankings/profile/286606,,,5255,317
01/03/2026,2026,3b Half Marathon,Middlesbrough Half Marathon,Dominic Lodge,M,GBR,1:31:48.00,?,https://www.runthroughrankings.com/rankings/profile/718454,,,5508,233
01/03/2026,2026,3b Half Marathon,Middlesbrough Half Marathon,Scott Jenkins,M,GBR,1:28:43.00,?,https://www.runthroughrankings.com/rankings/profile/718361,,,5323,293
28/02/2026,2026,3b 5km,Albert Parkrun,Scott Jenkins,M,GBR,0:22:48.00,0,https://www.parkrun.org.uk/albert/results/862/,,,1368,14
22/02/2026,2026,3b Half Marathon,Wokingham half marathon,Stuart Humphries,M,GBR,1:55:27.00,15,,,,6927,0
21/02/2026,2026,3b 5km,Oriam Parkrun,Scott Jenkins,M,GBR,0:25:12.00,0,https://www.parkrun.org.uk/oriam/results/234/,,,1512,0
14/02/2026,2026,3b Mile,MSRC Subzero 1 Mile,Samuel Dean,M,USA,0:04:47.00,1,"https://www.movinshoesrc.com/_files/ugd/bed08b_edcfa7e6e17d48c4963243a19a51f131.pdf
https://www.strava.com/activities/17399323443/overview",,,287,575
07/02/2026,2026,3b 5km,Meadowmill Parkrun,Scott Jenkins,M,GBR,0:20:21.00,0,https://www.parkrun.org.uk/meadowmill/results/262/,,,1221,133
01/02/2026,2026,3b 5km,Hibernation Hustle 5K,Samuel Dean,M,USA,0:17:44.00,1,"https://runsignup.com/Race/Results/138564/IndividualResult/RJQqT?resultSetId=624251#U50715666
https://www.strava.com/activities/17250662072/overview",,,1064,392
31/01/2026,2026,3b 5km,MSRC Subzero 5K,Samuel Dean,M,USA,0:17:12.00,0,"https://www.movinshoesrc.com/_files/ugd/bed08b_3fe2fce690a8440e8895999b43d20ce9.pdf
https://www.strava.com/activities/17242788321/overview",,,1032,462
31/01/2026,2026,3b 5km,Linwood Parkrun,Scott Jenkins,M,GBR,0:20:20.00,0,https://www.parkrun.org.uk/linwood/results/407/,,,1220,134
17/01/2026,2026,3b 5km,Karpendonkse plas parkrun,Karel Schuller,M,NLD,0:22:31.00,0,"https://www.parkrun.co.nl/karpendonkseplas/results/231/
https://strava.app.link/cT0e6ixZZZb",,,1351,22
17/01/2026,2026,3b 5km,Oriam Parkrun,Scott Jenkins,M,GBR,0:30:17.00,0,https://www.parkrun.org.uk/oriam/results/230/,,,1817,0
10/01/2026,2026,3b 4km,World Athletics Cross Country Championships Tallahassee 26,Albert Lucas,M,USA,0:48:57.00,?,https://my.raceresult.com/378594/#4_23BAD7 ,,,2937,0
10/01/2026,2026,3b 4km,World Athletics Cross Country Championships Tallahassee 26,Barak Hirschowitz,M,USA,0:23:59.00,?,https://my.raceresult.com/378594/#4_23BAD7 ,,,1439,0
10/01/2026,2026,3b 4km,World Athletics Cross Country Championships Tallahassee 26,Joann Ireland,F,USA,0:32:35.00,?,https://my.raceresult.com/378594/#4_23BAD7 ,,,1955,0
10/01/2026,2026,3b 4km,World Athletics Cross Country Championships Tallahassee 26,Mark Fiore,M,USA,0:18:57.00,?,https://my.raceresult.com/378594/#4_23BAD7 ,,,1137,0
10/01/2026,2026,3b 4km,World Athletics Cross Country Championships Tallahassee 26,Samuel Dean,M,USA,0:14:55.00,0,"https://my.raceresult.com/378594/#4_23BAD7 
https://www.strava.com/activities/17005312923/overview",,,895,0
10/01/2026,2026,3b 4km,World Athletics Cross Country Championships Tallahassee 26,Scott Jenkins,M,GBR,0:16:58.00,0,https://my.raceresult.com/378594/#4_23BAD7 ,,,1018,0
10/01/2026,2026,3b 4km,World Athletics Cross Country Championships Tallahassee 26,Sterling Franklin,M,USA,0:19:53.00,?,https://my.raceresult.com/378594/#4_23BAD7 ,,,1193,0
10/01/2026,2026,3b 4km,World Athletics Cross Country Championships Tallahassee 26,Will Howard,M,USA,0:22:33.00,?,https://my.raceresult.com/378594/#4_23BAD7 ,,,1353,0
03/01/2026,2026,3b 5km,Beecraigs Country Park Parkrun,Scott Jenkins,M,GBR,0:20:43.00,0,https://www.parkrun.org.uk/beecraigscountrypark/results/2/,,,1243,107
01/01/2026,2026,3b 5km,"Riverside Park, Glenrothes Parkrun",Scott Jenkins,M,GBR,0:21:31.00,0,https://www.parkrun.org.uk/riversideparkglenrothes/results/28/,,,1291,61
28/12/2025,2025,3b 12km,Candy Cane Course - Fort Myers,Samuel Dean,M,USA,0:43:55.00,2,"https://runsignup.com/Race/Results/187400/IndividualResult/YtRk?resultSetId=619235#U50715666
https://www.strava.com/activities/16865563380/overview",,,2635,0
27/12/2025,2025,3b 5km,Auldcathie District Parkrun,Scott Jenkins,M,GBR,0:22:17.00,0,https://www.parkrun.org.uk/auldcathie district/results/150/,,,1337,29
13/12/2025,2025,3b 5km,Dunfermline Parkrun,Scott Jenkins,M,GBR,0:19:46.00,0,https://www.parkrun.org.uk/dunfermline/results/431/,,,1186,179
06/12/2025,2025,3b Marathon,St. Jude Memphis Marathon,Samuel Dean,M,USA,2:49:56.00,14,"https://sportstats.one/event/st-jude-marathon-weekend/leaderboard/145472
https://www.strava.com/activities/16668884158/overview",,,10196,557
06/12/2025,2025,3b 5km,Oriam Parkrun,Scott Jenkins,M,GBR,0:25:21.00,1,https://www.parkrun.org.uk/oriam/results/224/,,,1521,0
29/11/2025,2025,3b 5km,Ashton Court Parkrun,Alison Bolton,F,GBR,0:41:25.00,?,https://www.parkrun.org.uk/ashtoncourt/results/671/ https://www.parkrun.org.uk/ashtoncourt/news/2025/12/05/671/,,,2485,0
16/11/2025,2025,3b Half Marathon,Watchtree Half Marathon,Chris Edwin,M,GBR,1:16:47.34,0,"World Record, and P1! https://watchtree.co.uk/wp-content/uploads/2025/11/provisional-resultshalf-marathon-2025-Google-Sheets.pdf https://www.strava.com/activities/16474995238",,,4607,593
16/11/2025,2025,3b Half Marathon,Watchtree Half Marathon,Dominic Lodge,M,GBR,1:28:35.80,?,P10! https://watchtree.co.uk/wp-content/uploads/2025/11/provisional-resultshalf-marathon-2025-Google-Sheets.pdf,,,5315,296
16/11/2025,2025,3b Half Marathon,Watchtree Half Marathon,Jake Lodge,M,GBR,1:42:20.58,?,P21! https://watchtree.co.uk/wp-content/uploads/2025/11/provisional-resultshalf-marathon-2025-Google-Sheets.pdf https://www.strava.com/activities/16474561117,,,6140,78
16/11/2025,2025,3b Half Marathon,Watchtree Half Marathon,Scott Jenkins,M,GBR,1:23:18.61,0,P4! https://watchtree.co.uk/wp-content/uploads/2025/11/provisional-resultshalf-marathon-2025-Google-Sheets.pdf https://www.strava.com/activities/16474703376,,,4998,417
15/11/2025,2025,3b 5km,Mlynowka Krolewska Parkrun,Kacper Suchora,M,POL,0:20:32.00,0,https://www.parkrun.pl/mlynowkakrolewska/results/110/,,,1232,120
15/11/2025,2025,3b 5km,Edinburgh Parkrun,Scott Jenkins,M,GBR,0:21:37.00,1,https://www.parkrun.org.uk/edinburgh/results/747,,,1297,56
09/11/2025,2025,3b Marathon,Madison Marathon,Samuel Dean,M,USA,2:50:10.00,7,"https://results.raceroster.com/v3/events/4eek2t7xx2swa2nt/race/246734/participant/mq9r3keug9ypfuwp?filter_search=
https://www.strava.com/activities/16407254490/overview",,,10210,554
02/11/2025,2025,3b 5km,"All-Out Kooky Spooky 5k, Colorado",Erick Sells,M,USA,0:26:25.00,?,https://runsignup.com/Race/Results/140919/IndividualResult/cYkN?resultSetId=598926#U43382289,,,1585,0
02/11/2025,2025,3b Half Marathon,Run for Unity Marathon,Ketan Abhonkar,M,IND,2:13:30.00,3,https://alpharacingsolution.com/event/bibres/a3b5c076-bfc2-4a0d-a7b0-01bba6247594/?bibno=889,,,8010,0
02/11/2025,2025,3b 5km,"All-Out Kooky Spooky 5k, Colorado",Patrick Carroll,M,USA,0:26:25.00,?,https://runsignup.com/Race/Results/140919/IndividualResult/cYkN?resultSetId=598926#U50206483,,,1585,0
01/11/2025,2025,3c 5km,Mlynowka Krolewska Parkrun,Kacper Suchora,M,POL,0:31:08.00,?,https://www.parkrun.pl/mlynowkakrolewska/results/108/,,,1868,0
01/11/2025,2025,3b 50km,"11 strandentocht 50km, The Hague",Rik Konings,M,NLD,8:32:41.00,?,"https://strava.app.link/XoQsOPKrjYb
",,,30761,0
26/10/2025,2025,3b Marathon,"Monster Mash Challenge, Barnsley",Tim Butler,M,GBR,5:41:05.00,?,"https://strava.app.link/EjpkW0irjYb
https://www.seeyorkrunyork.co.uk/docs/Monster%20Mash%2025%20Results.pdf",,,20465,0
25/10/2025,2025,3b 5km,Oriam Parkrun,Scott Jenkins,M,GBR,0:27:28.00,0,https://www.parkrun.org.uk/oriam/results/219/,,,1648,0
19/10/2025,2025,3b 10 Miles,Yorkshire 10 Mile,Chris Edwin,M,GBR,0:57:41.00,0,"World Record. https://chiptiming.co.uk/events/altra-yorkshire-10-mile-2025-2025/22284/
https://strava.app.link/29OdSf33DXb",,,3461,0
19/10/2025,2025,3b Marathon,Toronto Waterfront Marathon,Jean-Marc Doiron,M,CAN,3:01:57.00,?,"https://sportstats.one/event/toronto-waterfront-marathon/leaderboard/144989
https://marathonphotos.live/Event/Sports%2FSTCA%2F2025%2FToronto%20Waterfront%20Marathon/2278",,,10917,418
19/10/2025,2025,3b 10 Miles,Yorkshire 10 Mile,Scott Jenkins,M,GBR,1:04:02.00,0,https://www.strava.com/activities/16189152612,,,3842,0
18/10/2025,2025,3b 5km,"SoJo Halloween Run, Utah",David Tate,M,USA,0:27:27.00,?,"https://www.facebook.com/reel/793732039951758/?app=fbl
https://results.raceroster.com/v3/events/v44embpmvd4u476m/race/245640/participant/9fdurky7bbkruf26?filter_search=Tate&fbclid=IwZXh0bgNhZW0CMTEAAR6ennCGfp8K1t58lr4rCOMP4XQu5IjtGM60h7o2EtSRqCD2dHR0i-NA0BgAKw_aem_FhqUk67XPOKKsATd9fjozQ",,,1647,0
18/10/2025,2025,3b 5km,Krakow Parkrun,Kacper Suchora,M,POL,0:20:16.00,1,https://www.parkrun.pl/krakow/results/latestresults/,,,1216,139
18/10/2025,2025,3b Half Marathon,"Haunted Hustle Half Marathon, Middleton WI",Samuel Dean,M,USA,1:18:16.00,0,"https://strava.app.link/wfXgNYi4DXb
https://results.itsracetime.com/myresults.aspx?uid=17095-4485-3-393793",,,4696,550
18/10/2025,2025,3b 5km,York Parkrun,Scott Jenkins,M,GBR,0:28:56.00,0,https://www.parkrun.org.uk/york/results/566,,,1736,0
12/10/2025,2025,3b Marathon,Eindhoven Marathon,Rik Konings,M,NLD,4:51:53.00,?,"https://strava.app.link/Fwm0jJFDMXb
https://www.acn-timing.com/?lng=NL#/events/2157898943840971/ctx/20251011_eindhoven/generic/198039_6/home/LIVE42k6",,,17513,0
11/10/2025,2025,3b 5km,Mlynowka Krolewska Parkrun,Kacper Suchora,M,POL,0:21:10.00,0,Finished First! https://www.parkrun.pl/mlynowkakrolewska/results/105/,,,1270,80
05/10/2025,2025,3b Half Marathon,Quebec City Half Marathon,Carl Turner,M,CAN,2:18:58.00,?,"https://www.facebook.com/groups/372157942956062/permalink/3014338105404686/
https://sportstats.one/fr/event/marathon-ssq-de-quebec/leaderboard/144716",,,8338,0
05/10/2025,2025,3b 5km,"Moving Mountains Medlife 5K, Madison WI",Samuel Dean,M,USA,0:17:26.00,0,"https://strava.app.link/BMJ5th15DXb
",,,1046,431
04/10/2025,2025,3c 5km,Mlynowka Krolewska Parkrun,Kacper Suchora,M,POL,0:33:57.00,?,https://www.parkrun.pl/mlynowkakrolewska/results/104/,,,2037,0
04/10/2025,2025,3b Ultra (60km),Neighbourhood Ultra (8 hours),Scott Jenkins,M,GBR,8:00:00.00,4,https://www.strava.com/activities/16032433635 https://www.strava.com/activities/16032433573,,,28800,0
28/09/2025,2025,3b Marathon,Loch Ness Marathon ,James McDiarmid,M,GBR,3:44:09.00,?,"https://lochnessmarathon.com/results/1/2025/?epage=1&sort=Position&text-search=Mcdiarmid&filter=
https://www.facebook.com/100057529806384/posts/pfbid0E2BiCPBHynW7Pjy9XXfdX9bYmw6q8MuAk38ujHqfapTSWuSLUhpNaMsS1WXwZjt3l/?app=fbl",,,13449,88
28/09/2025,2025,3b 10km,"Run Wild 10K, Madison WI",Samuel Dean,M,USA,0:35:01.83,0,"https://strava.app.link/Bnx8bwJ5DXb
https://runsignup.com/Race/Results/74716/IndividualResult/TkTT?resultSetId=577557#U50715666",,,2101,581
27/09/2025,2025,3b 5km,"3 Sheeps Beer Run 5k, Fitchburg WI",Samuel Dean,M,USA,0:16:48.38,0,"https://strava.app.link/ijb4vMs5DXb
https://runsignup.com/Race/Results/93655/IndividualResult/TDSF?resultSetId=577276#U50715666",,,1008,518
27/09/2025,2025,3b 5km,Merthyr Parkrun,Scott Jenkins,M,GBR,0:18:49.00,1,https://www.parkrun.org.uk/merthyr/results/341,,,1129,268
21/09/2025,2025,3b Half Marathon,"Badger Challenge Half Marathon, Madison WI",Samuel Dean,M,USA,1:17:45.47,0,"https://strava.app.link/7VEl0nT4DXb
https://www.givesignup.org/Race/Results/28060/IndividualResult/TMTN?resultSetId=576059#U50715666",,,4665,565
20/09/2025,2025,3b 5km,Cosmeston Lakes Parkrun,Alison Bolton,F,GBR,0:34:40.00,?,"https://jogglingjourney.blogspot.com/2025/09/week-13-20th-september-2025.html?m=1
https://www.parkrun.org.uk/cosmestonlakes/results/215/",,,2080,0
20/09/2025,2025,3b 34km,"Defi Everest Challenge, Dieppe",Jean-Marc Doiron,M,CAN,2:45:00.00,?,"https://results.raceroster.com/v3/events/ntvz2khbu7uesze4/race/241323?filter_search=Doir
https://www.instagram.com/p/DOzGOsLDrMf/?igsh=Z2o2N3NnMTJmMzBz
https://strava.app.link/gSLCYMXkEXb",,,9900,0
20/09/2025,2025,3b 5km,Riverfront Parkrun,Scott Jenkins,M,GBR,0:18:13.00,0,https://www.parkrun.org.uk/riverfront/results/363,,,1093,334
20/09/2025,2025,5b Mile,Time trial ,Stefan Nygard,M,SWE,0:06:59.00,4,"https://strava.app.link/AVrjakhhOWb

https://youtu.be/s3sHh8pzFbk?si=R8XiY5wvvW5qcWr2

",,,419,0
14/09/2025,2025,3b Half Marathon,Burnham on Sea Half Marathon,Scott Jenkins,M,GBR,1:26:39.00,0,https://www.strava.com/activities/15806757852,,,5199,338
13/09/2025,2025,3b Half Marathon,Swedbank Tallinn marathon,Kaupo Pilder,M,EST,2:07:07.00,11,https://www.jooks.ee/et/tallinna-maraton/tulemused-2025?version=20250915_112242_22&lang_id=1&competition_id=&results_competition_id=186&action=&node_client_id=598&name=Kaupo+Pilder&team=&distance_id=784&gender_id=gender_id&class_id=#rows,,,7627,0
11/09/2025,2025,5b 5km,Time Trial ,Stefan Nygard,M,SWE,0:25:15.00,?,"https://strava.app.link/O6m6RYnOFXb
https://youtu.be/i-uuH1vPj8I?si=eJN8ce5ISDN9zGNq",,,1515,0
06/09/2025,2025,3b 10km,Time Trial,Chris Edwin,M,GBR,0:35:49.00,0,https://strava.app.link/bkLuYnB4rWb,,,2149,529
06/09/2025,2025,3b 10km,Time Trial,Dominic Lodge,M,GBR,0:39:03.00,1,,,,2343,344
06/09/2025,2025,3b 5km,Mlynowka Krolewska Parkrun,Kacper Suchora,M,POL,0:21:06.00,?,https://www.parkrun.pl/mlynowkakrolewska/results/,,,1266,84
06/09/2025,2025,3b 5km,Canterbury Parkrun,Scott Jenkins,M,GBR,0:19:44.00,0,https://www.parkrun.org.uk/canterbury/results/523,,,1184,182
31/08/2025,2025,3b 5km,"Westfest Kolache 5k, Texas",Dillon Hutyra,M,USA,0:35:34.00,1,"https://strava.app.link/eE3CWhq6rWb
https://runsignup.com/Race/Results/33545/IndividualResult/pdCJ?resultSetId=578714#U42910459",,,2134,0
31/08/2025,2025,3b Mile,Time Trial - Corstorphine Club Champs,Scott Jenkins,M,GBR,0:05:03.50,0,https://www.strava.com/activities/15647865208,,,303,440
31/08/2025,2025,3b 200m,Time Trial - Corstorphine Club Champs,Scott Jenkins,M,GBR,0:00:29.90,0,https://www.strava.com/activities/15648838273,,,29,214
30/08/2025,2025,3b 5km,Huddersfield parkrun,Dominic Lodge,M,GBR,0:18:45.00,?,https://www.parkrun.org.uk/huddersfield/results/646/,,,1125,275
30/08/2025,2025,3b 5km,Dinton Pastures parkrun,Stuart Humphries,M,GBR,0:25:25.00,?,https://www.facebook.com/groups/280873742742227/permalink/2040055890157328/      https://www.parkrun.org.uk/dintonpastures/results/308/,,,1525,0
29/08/2025,2025,3b 5km,Good Time Running Club 5km Open,Scott Jenkins,M,GBR,0:18:41.00,0,https://www.strava.com/activities/15630356423,,,1121,282
26/08/2025,2025,3b Mile,Time Trial,Scott Jenkins,M,GBR,0:05:10.00,0,https://www.strava.com/activities/15596912064,,,310,386
23/08/2025,2025,3b 5km,"Time Trial, South Leeds Stadium",Chris Edwin,M,GBR,0:17:19.00,0,https://strava.app.link/OU8nQpYEaWb,,,1039,446
23/08/2025,2025,5b 5km,Time Trial,Dominic Lodge,M,GBR,0:31:44.00,25,Chris Edwin timed,,,1904,0
23/08/2025,2025,3b 5km,"Middleton Good Neighbor Fest 5k, Wisconsin",Samuel Dean,M,USA,0:17:09.00,0,"https://strava.app.link/8nrJUKS6rWb
https://runsignup.com/Race/Results/45009#resultSetId-569984;perpage:100",,,1029,469
23/08/2025,2025,3b 10 Miles,"Summer's Done 3/8 Marathon, Cary NC",Sterling Franklin,M,USA,1:23:32.00,?,"https://www.summersdone131.com/Race/Results/145696/IndividualResult/cqDQ?resultSetId=576593#U22306434
https://www.facebook.com/119400016/posts/pfbid0GyHtwrU6N29SaSrJQ5DYgB4rDHwbediAt2txHdvirhYVmEMimvaviJRCaor81kG6l/?app=fbl
1st overall!",,,5012,0
17/08/2025,2025,4b 5km,Time Trial,Dominic Lodge,M,GBR,0:22:40.00,?,,,,1360,17
16/08/2025,2025,3b 5km,Oriam Parkrun,Dominic Lodge,M,GBR,0:32:03.00,?,https://www.parkrun.org.uk/oriam/results/209/,,,1923,0
16/08/2025,2025,3b 5km,Oriam Parkrun,Karly Swaim,F,USA,0:32:03.00,?,https://www.parkrun.org.uk/oriam/results/209/,,,1923,25
16/08/2025,2025,3b 5km,Oriam Parkrun,Scott Jenkins,M,GBR,0:32:03.00,0,https://www.parkrun.org.uk/oriam/results/209/,,,1923,0
15/08/2025,2025,3b 10km,Atenx Independence Run,Ketan Abhonkar,M,IND,1:04:16.00,3,https://alpharacingsolution.com/event/bibres/7171a2af-910a-4ff4-b00f-04b00613b2b3/?bibno=1457,,,3856,0
10/08/2025,2025,3b 14km,"City2Surf 14k, Sydney",Joe Kara,M,AUS,1:23:57.00,?,"https://www.facebook.com/groups/372157942956062/permalink/2967184530120044/?mibextid=rS40aB7S9Ucbxw6v
https://www.multisportaustralia.com.au/races/city2surf-2025/events/1/results/individuals/106524/
Dressed as where's wally!!",,,5037,0
09/08/2025,2025,3b 100m,"European Joggling Championships 2025, EJC Arnhem",Alistair Richards,M,GBR,0:00:17.73,?,EJC results in Joggler's United Group,,,17,0
09/08/2025,2025,5b 100m,"European Joggling Championships 2025, EJC Arnhem",Alistair Richards,M,GBR,0:00:59.29,?,EJC results in Joggler's United Group,,,59,0
09/08/2025,2025,3b 400m,"European Joggling Championships 2025, EJC Arnhem",Alistair Richards,M,GBR,0:01:20.54,?,EJC results in Joggler's United Group,,,80,0
09/08/2025,2025,3b 100m,"European Joggling Championships 2025, EJC Arnhem",Anezka Houhova,F,CZE,0:00:21.67,?,EJC results in Joggler's United Group,,,21,9
09/08/2025,2025,3b 400m,"European Joggling Championships 2025, EJC Arnhem",Anezka Houhova,F,CZE,0:01:33.54,?,EJC results in Joggler's United Group,,,93,96
09/08/2025,2025,3b 100m,"European Joggling Championships 2025, EJC Arnhem",Benjamin Go,M,NLD,0:00:34.35,?,EJC results in Joggler's United Group,,,34,0
09/08/2025,2025,3b 400m,"European Joggling Championships 2025, EJC Arnhem",Benjamin Go,M,NLD,0:01:49.67,?,EJC results in Joggler's United Group,,,109,0
09/08/2025,2025,3b 100m,"European Joggling Championships 2025, EJC Arnhem",Cajus Fahrenkamp,M,DEU,0:00:16.17,?,EJC results in Joggler's United Group,,,16,24
09/08/2025,2025,5b 100m,"European Joggling Championships 2025, EJC Arnhem",Cajus Fahrenkamp,M,DEU,0:01:09.35,?,EJC results in Joggler's United Group,,,69,0
09/08/2025,2025,3c 100m,"European Joggling Championships 2025, EJC Arnhem",Cajus Fahrenkamp,M,DEU,0:00:24.48,?,EJC results in Joggler's United Group,,,24,0
09/08/2025,2025,3b 400m,"European Joggling Championships 2025, EJC Arnhem",Cajus Fahrenkamp,M,DEU,0:01:16.85,?,EJC results in Joggler's United Group,,,76,9
09/08/2025,2025,3b 100m,"European Joggling Championships 2025, EJC Arnhem",Christina-Anna Senser,F,DEU,0:00:20.98,?,EJC results in Joggler's United Group,,,20,39
09/08/2025,2025,5b 100m,"European Joggling Championships 2025, EJC Arnhem",Christina-Anna Senser,F,DEU,0:02:41.04,?,EJC results in Joggler's United Group,,,161,0
09/08/2025,2025,3b 100m,"European Joggling Championships 2025, EJC Arnhem",Corbinian Neubauer,M,DEU,0:00:19.17,?,EJC results in Joggler's United Group,,,19,0
09/08/2025,2025,3b 100m,"European Joggling Championships 2025, EJC Arnhem",Danny Decreus,M,BEL,0:00:34.28,?,EJC results in Joggler's United Group,,,34,0
09/08/2025,2025,3b 100m,"European Joggling Championships 2025, EJC Arnhem",Dominic Lodge,M,GBR,0:00:13.92,?,EJC results in Joggler's United Group,,,13,394
09/08/2025,2025,5b 100m,"European Joggling Championships 2025, EJC Arnhem",Dominic Lodge,M,GBR,0:00:22.35,?,EJC results in Joggler's United Group,,,22,0
09/08/2025,2025,3b 400m,"European Joggling Championships 2025, EJC Arnhem",Dominic Lodge,M,GBR,0:01:04.85,0,EJC results in Joggler's United Group,,,64,229
09/08/2025,2025,3b 4x100m,"European Joggling Championships 2025, EJC Arnhem","Dominic Lodge, Felix Surbe, Alistair Richards, Scott Jenkins",M,GBR,0:01:03.23,0,EJC results in Joggler's United Group,,,63,52
09/08/2025,2025,3b 100m,"European Joggling Championships 2025, EJC Arnhem",Erik Toll,M,SWE,0:00:17.67,?,EJC results in Joggler's United Group,,,17,0
09/08/2025,2025,5b 100m,"European Joggling Championships 2025, EJC Arnhem",Erik Toll,M,SWE,0:00:26.59,?,EJC results in Joggler's United Group,,,26,0
09/08/2025,2025,7b 100m,"European Joggling Championships 2025, EJC Arnhem",Erik Toll,M,SWE,0:01:03.78,?,EJC results in Joggler's United Group,,,63,0
09/08/2025,2025,3c 100m,"European Joggling Championships 2025, EJC Arnhem",Erik Toll,M,SWE,0:00:20.32,?,EJC results in Joggler's United Group,,,20,0
09/08/2025,2025,3b 400m,"European Joggling Championships 2025, EJC Arnhem",Erik Toll,M,SWE,0:01:11.67,?,EJC results in Joggler's United Group,,,71,65
09/08/2025,2025,3b 100m,"European Joggling Championships 2025, EJC Arnhem",Eyal Bor,M,MEX,0:00:16.35,?,EJC results in Joggler's United Group,,,16,24
09/08/2025,2025,5b 100m,"European Joggling Championships 2025, EJC Arnhem",Eyal Bor,M,MEX,0:00:27.96,?,EJC results in Joggler's United Group,,,27,0
09/08/2025,2025,7b 100m,"European Joggling Championships 2025, EJC Arnhem",Eyal Bor,M,MEX,0:01:22.17,?,EJC results in Joggler's United Group,,,82,0
09/08/2025,2025,3c 100m,"European Joggling Championships 2025, EJC Arnhem",Eyal Bor,M,MEX,0:00:17.64,?,EJC results in Joggler's United Group,,,17,0
09/08/2025,2025,3b 100m,"European Joggling Championships 2025, EJC Arnhem",Fabian Knieps,M,DEU,0:00:19.10,?,EJC results in Joggler's United Group,,,19,0
09/08/2025,2025,3c 100m,"European Joggling Championships 2025, EJC Arnhem",Fabian Knieps,M,DEU,0:00:38.27,?,EJC results in Joggler's United Group,,,38,0
09/08/2025,2025,3b 400m,"European Joggling Championships 2025, EJC Arnhem",Fabian Knieps,M,DEU,0:01:53.23,?,EJC results in Joggler's United Group,,,113,0
09/08/2025,2025,3b 100m,"European Joggling Championships 2025, EJC Arnhem",Fedor Jablonka,M,DEU,0:00:25.85,?,EJC results in Joggler's United Group,,,25,0
09/08/2025,2025,3b 100m,"European Joggling Championships 2025, EJC Arnhem",Finn Mertens,M,BEL,0:00:15.90,?,EJC results in Joggler's United Group,,,15,98
09/08/2025,2025,3c 100m,"European Joggling Championships 2025, EJC Arnhem",Finn Mertens,M,BEL,0:00:19.04,?,EJC results in Joggler's United Group,,,19,0
09/08/2025,2025,3b 400m,"European Joggling Championships 2025, EJC Arnhem",Finn Mertens,M,BEL,0:01:14.17,?,EJC results in Joggler's United Group,,,74,25
09/08/2025,2025,3b 100m,"European Joggling Championships 2025, EJC Arnhem",Garry Rossiter,M,IRL,0:00:28.98,?,EJC results in Joggler's United Group,,,28,0
09/08/2025,2025,3b 100m,"European Joggling Championships 2025, EJC Arnhem",Harry Hirsch,M,DEU,0:00:24.93,?,EJC results in Joggler's United Group,,,24,0
09/08/2025,2025,3c 100m,"European Joggling Championships 2025, EJC Arnhem",Harry Hirsch,M,DEU,0:00:40.05,?,EJC results in Joggler's United Group,,,40,0
09/08/2025,2025,3b 4x100m,"European Joggling Championships 2025, EJC Arnhem","Harry Hirsch, Jean Guy Beaudry, Pavel Matula, Kaupo Pilder",M,Mixed,0:01:23.20,0,EJC results in Joggler's United Group,,,83,0
09/08/2025,2025,3b 100m,"European Joggling Championships 2025, EJC Arnhem",Jamal Da Silva Ermisch,M,DEU,0:00:18.07,?,EJC results in Joggler's United Group,,,18,0
09/08/2025,2025,3b 400m,"European Joggling Championships 2025, EJC Arnhem",Jamal Da Silva Ermisch,M,DEU,0:01:18.48,?,EJC results in Joggler's United Group,,,78,1
09/08/2025,2025,3b 100m,"European Joggling Championships 2025, EJC Arnhem",Jan Marc Daumin,M,DEU,0:00:18.98,?,EJC results in Joggler's United Group,,,18,0
09/08/2025,2025,5b 100m,"European Joggling Championships 2025, EJC Arnhem",Jan Marc Daumin,M,DEU,0:00:46.60,?,EJC results in Joggler's United Group,,,46,0
09/08/2025,2025,7b 100m,"European Joggling Championships 2025, EJC Arnhem",Jan Marc Daumin,M,DEU,0:02:24.48,?,EJC results in Joggler's United Group,,,144,0
09/08/2025,2025,3c 100m,"European Joggling Championships 2025, EJC Arnhem",Jan Marc Daumin,M,DEU,0:00:30.07,?,EJC results in Joggler's United Group,,,30,0
09/08/2025,2025,3b 400m,"European Joggling Championships 2025, EJC Arnhem",Jan Marc Daumin,M,DEU,0:01:20.05,?,EJC results in Joggler's United Group,,,80,0
09/08/2025,2025,3b 100m,"European Joggling Championships 2025, EJC Arnhem",Jean-Guy Beaudry,M,CAN,0:00:18.29,?,EJC results in Joggler's United Group,,,18,0
09/08/2025,2025,5b 100m,"European Joggling Championships 2025, EJC Arnhem",Jean-Guy Beaudry,M,CAN,0:01:08.02,?,EJC results in Joggler's United Group,,,68,0
09/08/2025,2025,3c 100m,"European Joggling Championships 2025, EJC Arnhem",Jean-Guy Beaudry,M,CAN,0:00:24.92,?,EJC results in Joggler's United Group,,,24,0
09/08/2025,2025,3b 400m,"European Joggling Championships 2025, EJC Arnhem",Jean-Guy Beaudry,M,CAN,0:01:26.79,?,EJC results in Joggler's United Group,,,86,0
09/08/2025,2025,3b 100m,"European Joggling Championships 2025, EJC Arnhem",Jowita Nowogrodzka-Ligeza,F,POL,0:00:24.34,?,EJC results in Joggler's United Group,,,24,0
09/08/2025,2025,3b 400m,"European Joggling Championships 2025, EJC Arnhem",Jowita Nowogrodzka-Ligeza,F,POL,0:01:45.35,?,EJC results in Joggler's United Group,,,105,8
09/08/2025,2025,3b 4x100m,"European Joggling Championships 2025, EJC Arnhem","Jowita Nowogrodzka-Ligeza, Junya Inoue, Krzysztof Riewold,?",Mixed,Mixed,0:01:21.23,0,EJC results in Joggler's United Group,,,81,0
09/08/2025,2025,3b 100m,"European Joggling Championships 2025, EJC Arnhem",Junya Inoue,M,JPN,0:00:18.21,?,EJC results in Joggler's United Group,,,18,0
09/08/2025,2025,5b 100m,"European Joggling Championships 2025, EJC Arnhem",Kanoa Lindiwe,M,USA,0:00:38.73,?,EJC results in Joggler's United Group,,,38,0
09/08/2025,2025,3c 100m,"European Joggling Championships 2025, EJC Arnhem",Kanoa Lindiwe,M,USA,0:00:24.47,?,EJC results in Joggler's United Group,,,24,0
09/08/2025,2025,3b 4x100m,"European Joggling Championships 2025, EJC Arnhem","Kanoa Lindiwe, Mark Fiore, Lucas Hester, Leon Vergoossen",M,Mixed,0:01:12.79,0,EJC results in Joggler's United Group,,,72,0
09/08/2025,2025,3b 100m,"European Joggling Championships 2025, EJC Arnhem",Karel Schuller,M,NLD,0:00:23.50,?,EJC results in Joggler's United Group,,,23,0
09/08/2025,2025,5b 100m,"European Joggling Championships 2025, EJC Arnhem",Karel Schuller,M,NLD,0:00:28.33,?,EJC results in Joggler's United Group,,,28,0
09/08/2025,2025,7b 100m,"European Joggling Championships 2025, EJC Arnhem",Karel Schuller,M,NLD,0:02:04.10,?,EJC results in Joggler's United Group,,,124,0
09/08/2025,2025,3c 100m,"European Joggling Championships 2025, EJC Arnhem",Karel Schuller,M,NLD,0:00:16.98,?,EJC results in Joggler's United Group,,,16,24
09/08/2025,2025,3b 400m,"European Joggling Championships 2025, EJC Arnhem",Karel Schuller,M,NLD,0:01:19.98,?,EJC results in Joggler's United Group,,,79,0
09/08/2025,2025,3b 100m,"European Joggling Championships 2025, EJC Arnhem",Katerina Matulova,F,CZE,0:00:29.28,?,EJC results in Joggler's United Group,,,29,0
09/08/2025,2025,3b 400m,"European Joggling Championships 2025, EJC Arnhem",Katerina Matulova,F,CZE,0:01:42.73,?,EJC results in Joggler's United Group,,,102,21
09/08/2025,2025,3b 100m,"European Joggling Championships 2025, EJC Arnhem",Kaupo Pilder,M,EST,0:00:16.47,?,EJC results in Joggler's United Group,,,16,24
09/08/2025,2025,3b 400m,"European Joggling Championships 2025, EJC Arnhem",Kaupo Pilder,M,EST,0:01:17.45,?,EJC results in Joggler's United Group,,,77,4
09/08/2025,2025,3b 100m,"European Joggling Championships 2025, EJC Arnhem",Kevin Niittyviita,M,FIN,0:00:17.03,?,EJC results in Joggler's United Group,,,17,0
09/08/2025,2025,5b 100m,"European Joggling Championships 2025, EJC Arnhem",Kevin Niittyviita,M,FIN,0:00:26.10,?,EJC results in Joggler's United Group,,,26,0
09/08/2025,2025,7b 100m,"European Joggling Championships 2025, EJC Arnhem",Kevin Niittyviita,M,FIN,0:01:01.72,?,EJC results in Joggler's United Group,,,61,0
09/08/2025,2025,3c 100m,"European Joggling Championships 2025, EJC Arnhem",Kevin Niittyviita,M,FIN,0:00:20.54,?,EJC results in Joggler's United Group,,,20,0
09/08/2025,2025,3b 400m,"European Joggling Championships 2025, EJC Arnhem",Kevin Niittyviita,M,FIN,0:01:14.48,?,EJC results in Joggler's United Group,,,74,25
09/08/2025,2025,3b 4x100m,"European Joggling Championships 2025, EJC Arnhem","Kevin Niittyviita, Karel Schuller, Erik Toll, Luca Pferdmenges",M,Mixed,0:01:05.03,0,EJC results in Joggler's United Group,,,65,25
09/08/2025,2025,3b 100m,"European Joggling Championships 2025, EJC Arnhem",Krzysztof Riewold,M,POL,0:00:16.29,?,EJC results in Joggler's United Group,,,16,24
09/08/2025,2025,5b 100m,"European Joggling Championships 2025, EJC Arnhem",Krzysztof Riewold,M,POL,0:01:10.17,?,EJC results in Joggler's United Group,,,70,0
09/08/2025,2025,3b 400m,"European Joggling Championships 2025, EJC Arnhem",Krzysztof Riewold,M,POL,0:01:23.42,?,EJC results in Joggler's United Group,,,83,0
09/08/2025,2025,3b 100m,"European Joggling Championships 2025, EJC Arnhem",Lea Schmuck,F,DEU,0:00:32.29,?,EJC results in Joggler's United Group,,,32,0
09/08/2025,2025,5b 100m,"European Joggling Championships 2025, EJC Arnhem",Lea Schmuck,F,DEU,0:02:31.99,?,EJC results in Joggler's United Group,,,151,0
09/08/2025,2025,3c 100m,"European Joggling Championships 2025, EJC Arnhem",Lea Schmuck,F,DEU,0:00:34.40,?,EJC results in Joggler's United Group,,,34,0
09/08/2025,2025,3b 400m,"European Joggling Championships 2025, EJC Arnhem",Leon Vergoossen,M,DEU,0:01:23.15,?,EJC results in Joggler's United Group,,,83,0
09/08/2025,2025,3b 100m,"European Joggling Championships 2025, EJC Arnhem",Louisa Frankhauser,F,DEU,0:00:28.19,?,EJC results in Joggler's United Group,,,28,0
09/08/2025,2025,3b 100m,"European Joggling Championships 2025, EJC Arnhem",Luca Malzahn,M,DEU,0:00:18.42,?,EJC results in Joggler's United Group,,,18,0
09/08/2025,2025,3b 100m,"European Joggling Championships 2025, EJC Arnhem",Luca Pferdmenges,M,DEU,0:00:15.98,?,EJC results in Joggler's United Group,,,15,98
09/08/2025,2025,5b 100m,"European Joggling Championships 2025, EJC Arnhem",Luca Pferdmenges,M,DEU,0:00:21.81,?,EJC results in Joggler's United Group,,,21,0
09/08/2025,2025,5b 100m,"European Joggling Championships 2025, EJC Arnhem",Luca Pferdmenges,M,DEU,0:00:20.27,0,EJC results in Joggler's United Group,,,20,0
09/08/2025,2025,7b 100m,"European Joggling Championships 2025, EJC Arnhem",Luca Pferdmenges,M,DEU,0:01:07.23,?,EJC results in Joggler's United Group,,,67,0
09/08/2025,2025,3c 100m,"European Joggling Championships 2025, EJC Arnhem",Luca Pferdmenges,M,DEU,0:00:20.67,?,EJC results in Joggler's United Group,,,20,0
09/08/2025,2025,3b 400m,"European Joggling Championships 2025, EJC Arnhem",Luca Pferdmenges,M,DEU,0:01:23.65,?,EJC results in Joggler's United Group,,,83,0
09/08/2025,2025,3b 100m,"European Joggling Championships 2025, EJC Arnhem",Lucas Hester,M,USA,0:00:15.92,?,EJC results in Joggler's United Group,,,15,98
09/08/2025,2025,3b 400m,"European Joggling Championships 2025, EJC Arnhem",Lucas Hester,M,USA,0:01:17.54,?,EJC results in Joggler's United Group,,,77,4
09/08/2025,2025,3b 100m,"European Joggling Championships 2025, EJC Arnhem",Marius Tritschler,M,DEU,0:00:21.85,?,EJC results in Joggler's United Group,,,21,0
09/08/2025,2025,5b 100m,"European Joggling Championships 2025, EJC Arnhem",Marius Tritschler,M,DEU,0:00:43.67,?,EJC results in Joggler's United Group,,,43,0
09/08/2025,2025,3c 100m,"European Joggling Championships 2025, EJC Arnhem",Marius Tritschler,M,DEU,0:00:20.76,?,EJC results in Joggler's United Group,,,20,0
09/08/2025,2025,3b 400m,"European Joggling Championships 2025, EJC Arnhem",Marius Tritschler,M,DEU,0:01:21.17,?,EJC results in Joggler's United Group,,,81,0
09/08/2025,2025,3b 100m,"European Joggling Championships 2025, EJC Arnhem",Mark Fiore,M,USA,0:00:13.53,?,EJC results in Joggler's United Group,,,13,394
09/08/2025,2025,5b 100m,"European Joggling Championships 2025, EJC Arnhem",Mark Fiore,M,USA,0:00:14.98,0,EJC results in Joggler's United Group,,,14,221
09/08/2025,2025,3b 400m,"European Joggling Championships 2025, EJC Arnhem",Mark Fiore,M,USA,0:01:07.00,?,EJC results in Joggler's United Group,,,67,147
09/08/2025,2025,3b 100m,"European Joggling Championships 2025, EJC Arnhem",Marvin Kuster,M,DEU,0:00:16.81,?,EJC results in Joggler's United Group,,,16,24
09/08/2025,2025,5b 100m,"European Joggling Championships 2025, EJC Arnhem",Marvin Kuster,M,DEU,0:00:53.42,?,EJC results in Joggler's United Group,,,53,0
09/08/2025,2025,3b 400m,"European Joggling Championships 2025, EJC Arnhem",Marvin Kuster,M,DEU,0:01:29.53,?,EJC results in Joggler's United Group,,,89,0
09/08/2025,2025,3b 100m,"European Joggling Championships 2025, EJC Arnhem",Nevio Krawowski,M,DEU,0:00:25.73,?,EJC results in Joggler's United Group,,,25,0
09/08/2025,2025,3c 100m,"European Joggling Championships 2025, EJC Arnhem",Nevio Krawowski,M,DEU,0:00:24.35,?,EJC results in Joggler's United Group,,,24,0
09/08/2025,2025,3b 400m,"European Joggling Championships 2025, EJC Arnhem",Nevio Krawowski,M,DEU,0:01:59.03,?,EJC results in Joggler's United Group,,,119,0
09/08/2025,2025,3c 100m,"European Joggling Championships 2025, EJC Arnhem",Oskaras Venckus,M,LTU,0:00:20.37,?,EJC results in Joggler's United Group,,,20,0
09/08/2025,2025,3b 100m,"European Joggling Championships 2025, EJC Arnhem",Pavel Matula,M,CZE,0:00:26.42,?,EJC results in Joggler's United Group,,,26,0
09/08/2025,2025,3c 100m,"European Joggling Championships 2025, EJC Arnhem",Pavel Matula,M,CZE,0:00:38.73,?,EJC results in Joggler's United Group,,,38,0
09/08/2025,2025,3b 400m,"European Joggling Championships 2025, EJC Arnhem",Pavel Matula,M,CZE,0:01:31.03,?,EJC results in Joggler's United Group,,,91,0
09/08/2025,2025,3b 100m,"European Joggling Championships 2025, EJC Arnhem",Peter Rottenbach,M,DEU,0:00:21.54,?,EJC results in Joggler's United Group,,,21,0
09/08/2025,2025,3b 4x100m,"European Joggling Championships 2025, EJC Arnhem","Peter Rottenbach, Marius Trirschler, Cajus Fahrenkamp, Tobias Ludwig",M,DEU,0:01:14.80,0,EJC results in Joggler's United Group,,,74,0
09/08/2025,2025,3b 100m,"European Joggling Championships 2025, EJC Arnhem",Rik Konings,M,NLD,0:00:18.73,?,EJC results in Joggler's United Group,,,18,0
09/08/2025,2025,3c 100m,"European Joggling Championships 2025, EJC Arnhem",Rik Konings,M,NLD,0:00:31.26,?,EJC results in Joggler's United Group,,,31,0
09/08/2025,2025,3b 400m,"European Joggling Championships 2025, EJC Arnhem",Rik Konings,M,NLD,0:01:29.51,?,EJC results in Joggler's United Group,,,89,0
09/08/2025,2025,3b 100m,"European Joggling Championships 2025, EJC Arnhem",Robbe Mertens,M,BEL,0:00:39.54,?,EJC results in Joggler's United Group,,,39,0
09/08/2025,2025,3c 100m,"European Joggling Championships 2025, EJC Arnhem",Robbe Mertens,M,BEL,0:00:17.35,?,EJC results in Joggler's United Group,,,17,0
09/08/2025,2025,3b 400m,"European Joggling Championships 2025, EJC Arnhem",Robbe Mertens,M,BEL,0:01:14.67,?,EJC results in Joggler's United Group,,,74,25
09/08/2025,2025,3b 100m,"European Joggling Championships 2025, EJC Arnhem",Sake Roelofs,M,NLD,0:00:24.23,?,EJC results in Joggler's United Group,,,24,0
09/08/2025,2025,3b 400m,"European Joggling Championships 2025, EJC Arnhem",Sake Roelofs,M,NLD,0:01:34.42,?,EJC results in Joggler's United Group,,,94,0
09/08/2025,2025,3b Half Marathon,MFG Madison Mini Marathon,Samuel Dean,M,USA,1:23:23.00,0,"https://strava.app.link/Tgzoq0r7rWb
https://runsignup.com/Race/Results/131236/IndividualResult/cLYC?resultSetId=570293#U50715666",,,5003,414
09/08/2025,2025,3b 100m,"European Joggling Championships 2025, EJC Arnhem",Sanne Carper,F,NLD,0:00:28.73,?,EJC results in Joggler's United Group,,,28,0
09/08/2025,2025,3b 100m,"European Joggling Championships 2025, EJC Arnhem",Sanne Carper,F,NLD,0:00:28.89,?,EJC results in Joggler's United Group,,,28,0
09/08/2025,2025,3b 400m,"European Joggling Championships 2025, EJC Arnhem",Sanne Carper,F,NLD,0:02:22.04,?,EJC results in Joggler's United Group,,,142,0
09/08/2025,2025,3b 100m,"European Joggling Championships 2025, EJC Arnhem",Scott Jenkins,M,GBR,0:00:14.43,?,EJC results in Joggler's United Group,,,14,221
09/08/2025,2025,5b 100m,"European Joggling Championships 2025, EJC Arnhem",Scott Jenkins,M,GBR,0:00:23.42,?,EJC results in Joggler's United Group,,,23,0
09/08/2025,2025,3b 400m,"European Joggling Championships 2025, EJC Arnhem",Scott Jenkins,M,GBR,0:01:00.29,0,EJC results in Joggler's United Group,,,60,368
09/08/2025,2025,3b 5km,Sonsbeek Parkrun,Scott Jenkins,M,GBR,0:18:55.00,0,https://www.parkrun.co.nl/sonsbeek/results/199/,,,1135,258
09/08/2025,2025,3b 100m,"European Joggling Championships 2025, EJC Arnhem",Sean Carney,M,USA,0:00:24.98,?,EJC results in Joggler's United Group,,,24,0
09/08/2025,2025,3b 100m,"European Joggling Championships 2025, EJC Arnhem",Shimon Levikov,M,DEU,0:00:14.79,?,EJC results in Joggler's United Group,,,14,221
09/08/2025,2025,3c 100m,"European Joggling Championships 2025, EJC Arnhem",Shimon Levikov,M,DEU,0:00:21.73,?,EJC results in Joggler's United Group,,,21,0
09/08/2025,2025,3b 400m,"European Joggling Championships 2025, EJC Arnhem",Shimon Levikov,M,DEU,0:01:15.10,?,EJC results in Joggler's United Group,,,75,16
09/08/2025,2025,3b 100m,"European Joggling Championships 2025, EJC Arnhem",Silvia Osiek,F,DEU,0:00:21.08,?,EJC results in Joggler's United Group,,,21,9
09/08/2025,2025,5b 100m,"European Joggling Championships 2025, EJC Arnhem",Silvia Osiek,F,DEU,0:02:48.98,?,EJC results in Joggler's United Group,,,168,0
09/08/2025,2025,3b 400m,"European Joggling Championships 2025, EJC Arnhem",Silvia Osiek,F,DEU,0:01:47.78,?,EJC results in Joggler's United Group,,,107,3
09/08/2025,2025,3b 100m,"European Joggling Championships 2025, EJC Arnhem",Stijn Westerbeek,M,NLD,0:00:17.42,?,EJC results in Joggler's United Group,,,17,0
09/08/2025,2025,5b 100m,"European Joggling Championships 2025, EJC Arnhem",Stijn Westerbeek,M,NLD,0:00:39.15,?,EJC results in Joggler's United Group,,,39,0
09/08/2025,2025,3c 100m,"European Joggling Championships 2025, EJC Arnhem",Stijn Westerbeek,M,NLD,0:00:17.90,?,EJC results in Joggler's United Group,,,17,0
09/08/2025,2025,3b 400m,"European Joggling Championships 2025, EJC Arnhem",Stijn Westerbeek,M,NLD,0:01:03.54,0,EJC results in Joggler's United Group,,,63,261
09/08/2025,2025,3b 100m,"European Joggling Championships 2025, EJC Arnhem",Talia Fortune,F,DEU,0:00:53.85,?,EJC results in Joggler's United Group,,,53,0
09/08/2025,2025,3b 100m,"European Joggling Championships 2025, EJC Arnhem",Tamino Larisch,M,DEU,0:00:19.10,?,EJC results in Joggler's United Group,,,19,0
09/08/2025,2025,5b 100m,"European Joggling Championships 2025, EJC Arnhem",Tamino Larisch,M,DEU,0:00:43.79,?,EJC results in Joggler's United Group,,,43,0
09/08/2025,2025,3c 100m,"European Joggling Championships 2025, EJC Arnhem",Tamino Larisch,M,DEU,0:00:17.21,?,EJC results in Joggler's United Group,,,17,0
09/08/2025,2025,3b 400m,"European Joggling Championships 2025, EJC Arnhem",Tamino Larisch,M,DEU,0:01:16.71,?,EJC results in Joggler's United Group,,,76,9
09/08/2025,2025,3b 4x100m,"European Joggling Championships 2025, EJC Arnhem","Tamino Larisch, Shimon Levikow, Nevio Krawowski, Jamal Da Silva Ermisch",M,DEU,0:01:09.04,0,EJC results in Joggler's United Group,,,69,0
09/08/2025,2025,3b 100m,"European Joggling Championships 2025, EJC Arnhem",Tobias Ludwig,M,DEU,0:00:18.70,?,EJC results in Joggler's United Group,,,18,0
09/08/2025,2025,3b 400m,"European Joggling Championships 2025, EJC Arnhem",Tobias Ludwig,M,DEU,0:01:24.90,?,EJC results in Joggler's United Group,,,84,0
09/08/2025,2025,3b 100m,"European Joggling Championships 2025, EJC Arnhem",Tom Aulenkamp,M,DEU,0:00:22.54,?,EJC results in Joggler's United Group,,,22,0
09/08/2025,2025,3c 100m,"European Joggling Championships 2025, EJC Arnhem",Tom Aulenkamp,M,DEU,0:00:29.42,?,EJC results in Joggler's United Group,,,29,0
09/08/2025,2025,3b 4x100m,"European Joggling Championships 2025, EJC Arnhem","Tom Aulenkamp, Fabian Knieps, ?, Luca Malzahn",Mixed,Mixed,0:01:22.46,0,EJC results in Joggler's United Group,,,82,0
09/08/2025,2025,3b 100m,"European Joggling Championships 2025, EJC Arnhem",Vicente Peris Tamarit,M,ESP,0:00:37.35,?,EJC results in Joggler's United Group,,,37,0
09/08/2025,2025,3c 100m,"European Joggling Championships 2025, EJC Arnhem",Vicente Peris Tamarit,M,ESP,0:00:46.60,?,EJC results in Joggler's United Group,,,46,0
09/08/2025,2025,3b 400m,"European Joggling Championships 2025, EJC Arnhem",Vicente Peris Tamarit,M,ESP,0:03:03.65,?,EJC results in Joggler's United Group,,,183,0
09/08/2025,2025,3b 100m,"European Joggling Championships 2025, EJC Arnhem",Xenia Vaas,F,DEU,0:00:26.54,?,EJC results in Joggler's United Group,,,26,0
09/08/2025,2025,3b 100m,"European Joggling Championships 2025, EJC Arnhem",Yvonne Burchartz,F,DEU,0:00:27.42,?,EJC results in Joggler's United Group,,,27,0
09/08/2025,2025,3c 100m,"European Joggling Championships 2025, EJC Arnhem",Yvonne Burchartz,F,DEU,0:00:38.71,?,EJC results in Joggler's United Group,,,38,0
09/08/2025,2025,3b 400m,"European Joggling Championships 2025, EJC Arnhem",Yvonne Burchartz,F,DEU,0:01:47.48,?,EJC results in Joggler's United Group,,,107,3
09/08/2025,2025,3b 4x100m,"European Joggling Championships 2025, EJC Arnhem","Yvonne Burchartz, Louisa Frankhauser, Christina-Anna Senser, Lea Schmuck",F,DEU,0:01:37.79,0,EJC results in Joggler's United Group,,,97,0
04/08/2025,2025,3b 5km,"EJC 2025 5km Road Race, Arnhem",Ada Van Stralen,F,NLD,0:45:12.00,?,EJC results in Joggler's United Group,,,2712,0
04/08/2025,2025,3b 5km,"EJC 2025 5km Road Race, Arnhem",Andreas Kramer,M,DEU,0:21:55.00,?,EJC results in Joggler's United Group,,,1315,43
04/08/2025,2025,3b 5km,"EJC 2025 5km Road Race, Arnhem",Anna Sophia Martin,F,DEU,0:37:08.00,?,EJC results in Joggler's United Group,,,2228,0
04/08/2025,2025,3b 5km,"EJC 2025 5km Road Race, Arnhem",Auke Von Straien,M,NLD,0:24:50.00,?,EJC results in Joggler's United Group,,,1490,0
04/08/2025,2025,3b 5km,"EJC 2025 5km Road Race, Arnhem",Axel Buard,M,FRA,0:28:48.00,?,EJC results in Joggler's United Group,,,1728,0
04/08/2025,2025,3b 5km,"EJC 2025 5km Road Race, Arnhem",Benjamin Go,M,NLD,0:31:43.00,?,EJC results in Joggler's United Group,,,1903,0
04/08/2025,2025,3b 5km,"EJC 2025 5km Road Race, Arnhem",Ben-Janning Hackbarth,M,DEU,0:24:00.00,?,EJC results in Joggler's United Group,,,1440,0
04/08/2025,2025,3b 5km,"EJC 2025 5km Road Race, Arnhem",Boris de Schipper,M,NLD,0:23:12.00,?,EJC results in Joggler's United Group,,,1392,6
04/08/2025,2025,3b 5km,"EJC 2025 5km Road Race, Arnhem",Brook Roberts,M,GBR,0:22:58.00,?,EJC results in Joggler's United Group,,,1378,10
04/08/2025,2025,3b 5km,"EJC 2025 5km Road Race, Arnhem",Cajus Fahrenkamp,M,DEU,0:23:46.00,?,EJC results in Joggler's United Group,,,1426,0
04/08/2025,2025,3b 5km,"EJC 2025 5km Road Race, Arnhem",Carolin Scipio,F,DEU,0:44:27.00,?,EJC results in Joggler's United Group,,,2667,0
04/08/2025,2025,3r 5km,"EJC 2025 5km Road Race, Arnhem",Chiuatsu Doi,F,JPN,0:50:54.00,?,EJC results in Joggler's United Group,,,3054,0
04/08/2025,2025,3b 5km,"EJC 2025 5km Road Race, Arnhem",Christian Kloc,M,USA,0:25:13.00,?,EJC results in Joggler's United Group,,,1513,0
04/08/2025,2025,3b 5km,"EJC 2025 5km Road Race, Arnhem",Corinna Werther,F,DEU,0:38:06.00,?,EJC results in Joggler's United Group,,,2286,0
04/08/2025,2025,3b 5km,"EJC 2025 5km Road Race, Arnhem",Cyril D,M,BEL,0:24:56.00,?,EJC results in Joggler's United Group,,,1496,0
04/08/2025,2025,3b 5km,"EJC 2025 5km Road Race, Arnhem",Danny Decreus,M,BEL,0:44:27.00,?,EJC results in Joggler's United Group,,,2667,0
04/08/2025,2025,3b 5km,"EJC 2025 5km Road Race, Arnhem",David Benz,M,DEU,0:22:28.00,?,EJC results in Joggler's United Group,,,1348,23
04/08/2025,2025,3c 5km,"EJC 2025 5km Road Race, Arnhem",David Lohuis,M,DEU,0:22:56.00,?,EJC results in Joggler's United Group,,,1376,11
04/08/2025,2025,3b 5km,"EJC 2025 5km Road Race, Arnhem",Di-Hong Tay,M,SGP,0:37:44.00,?,EJC results in Joggler's United Group,,,2264,0
04/08/2025,2025,3b 5km,"EJC 2025 5km Road Race, Arnhem",Dominic Lodge,M,GBR,0:18:25.00,?,EJC results in Joggler's United Group,,,1105,311
04/08/2025,2025,3b 5km,"EJC 2025 5km Road Race, Arnhem",Eden Katsir,M,ISR,0:20:53.00,?,EJC results in Joggler's United Group,,,1253,97
04/08/2025,2025,3b 5km,"EJC 2025 5km Road Race, Arnhem",Eivind Dragsjo,M,NOR,0:21:51.00,?,EJC results in Joggler's United Group,,,1311,46
04/08/2025,2025,3b 5km,"EJC 2025 5km Road Race, Arnhem",Elias Lohr,M,DEU,0:24:39.00,?,EJC results in Joggler's United Group,,,1479,0
04/08/2025,2025,3b 5km,"EJC 2025 5km Road Race, Arnhem",Fabian Fehlhaber,M,DEU,0:23:02.00,?,EJC results in Joggler's United Group,,,1382,9
04/08/2025,2025,3b 5km,"EJC 2025 5km Road Race, Arnhem",Finn Mertens,M,BEL,0:24:45.00,?,EJC results in Joggler's United Group,,,1485,0
04/08/2025,2025,3b 5km,"EJC 2025 5km Road Race, Arnhem",Florian Veenendoaluz,M,NLD,0:39:22.00,?,EJC results in Joggler's United Group,,,2362,0
04/08/2025,2025,3b 5km,"EJC 2025 5km Road Race, Arnhem",Franziska Engler,F,DEU,0:28:53.00,?,EJC results in Joggler's United Group,,,1733,108
04/08/2025,2025,3b 5km,"EJC 2025 5km Road Race, Arnhem",Friederike Kraaz,F,DEU,0:29:14.00,?,EJC results in Joggler's United Group,,,1754,96
04/08/2025,2025,3b 5km,"EJC 2025 5km Road Race, Arnhem",Gabriele Renned,F,DEU,1:08:20.00,?,EJC results in Joggler's United Group,,,4100,0
04/08/2025,2025,3b 5km,"EJC 2025 5km Road Race, Arnhem",Garry Ruston,M,IRL,0:26:47.00,?,EJC results in Joggler's United Group,,,1607,0
04/08/2025,2025,3b 5km,"EJC 2025 5km Road Race, Arnhem",Gregor Straub,M,DEU,0:26:55.00,?,EJC results in Joggler's United Group,,,1615,0
04/08/2025,2025,3b 5km,"EJC 2025 5km Road Race, Arnhem",Greta Vollmar,F,DEU,0:30:45.00,?,EJC results in Joggler's United Group,,,1845,52
04/08/2025,2025,3b 5km,"EJC 2025 5km Road Race, Arnhem",Guillaume Moretie,M,BEL,0:34:29.00,?,EJC results in Joggler's United Group,,,2069,0
04/08/2025,2025,3c 5km,"EJC 2025 5km Road Race, Arnhem",Harry Hirsch,M,DEU,0:44:27.00,?,EJC results in Joggler's United Group,,,2667,0
04/08/2025,2025,3b 5km,"EJC 2025 5km Road Race, Arnhem",Hinoki Katsuki,M,JPN,0:28:21.00,?,EJC results in Joggler's United Group,,,1701,0
04/08/2025,2025,3b 5km,"EJC 2025 5km Road Race, Arnhem",Hugo Segoufin-Chollet,M,FRA,0:34:40.00,?,EJC results in Joggler's United Group,,,2080,0
04/08/2025,2025,3b 5km,"EJC 2025 5km Road Race, Arnhem",Ivo Vastre,M,NLD,0:26:25.00,?,EJC results in Joggler's United Group,,,1585,0
04/08/2025,2025,3b 5km,"EJC 2025 5km Road Race, Arnhem",Jade Pallard,F,FRA,0:42:43.00,?,EJC results in Joggler's United Group,,,2563,0
04/08/2025,2025,3b 5km,"EJC 2025 5km Road Race, Arnhem",Jakob Schatz,M,DEU,0:31:45.00,?,EJC results in Joggler's United Group,,,1905,0
04/08/2025,2025,3b 5km,"EJC 2025 5km Road Race, Arnhem",Jan Haupt,M,DEU,0:28:35.00,?,EJC results in Joggler's United Group,,,1715,0
04/08/2025,2025,3b 5km,"EJC 2025 5km Road Race, Arnhem",Jannis Wockenfub,M,DEU,0:36:42.00,?,EJC results in Joggler's United Group,,,2202,0
04/08/2025,2025,3b 5km,"EJC 2025 5km Road Race, Arnhem",Jean-Guy Beaudry,M,CAN,0:28:48.00,?,EJC results in Joggler's United Group,,,1728,0
04/08/2025,2025,3b 5km,"EJC 2025 5km Road Race, Arnhem",Johan Kattem,M,NLD,0:42:17.00,?,EJC results in Joggler's United Group,,,2537,0
04/08/2025,2025,3b 5km,"EJC 2025 5km Road Race, Arnhem",Johanna Knauf,F,DEU,0:43:19.00,?,EJC results in Joggler's United Group,,,2599,0
04/08/2025,2025,3b 5km,"EJC 2025 5km Road Race, Arnhem",Johannes Blank,M,DEU,0:38:15.00,?,EJC results in Joggler's United Group,,,2295,0
04/08/2025,2025,3b 5km,"EJC 2025 5km Road Race, Arnhem",Jon Ong,M,SGP,0:32:01.00,?,EJC results in Joggler's United Group,,,1921,0
04/08/2025,2025,3b 5km,"EJC 2025 5km Road Race, Arnhem",Jonas Tasch,M,DEU,0:35:52.00,?,EJC results in Joggler's United Group,,,2152,0
04/08/2025,2025,3b 5km,"EJC 2025 5km Road Race, Arnhem",Jorn Wildering,M,NLD,0:42:28.00,?,EJC results in Joggler's United Group,,,2548,0
04/08/2025,2025,3b 5km,"EJC 2025 5km Road Race, Arnhem",Juliane de Vries,F,DEU,0:30:23.00,?,EJC results in Joggler's United Group,,,1823,61
04/08/2025,2025,3b 5km,"EJC 2025 5km Road Race, Arnhem",Junya Inoue,M,JPN,0:27:05.00,?,EJC results in Joggler's United Group,,,1625,0
04/08/2025,2025,3b 5km,"EJC 2025 5km Road Race, Arnhem",Karel Schuller,M,NLD,0:26:45.00,?,EJC results in Joggler's United Group,,,1605,0
04/08/2025,2025,3b 5km,"EJC 2025 5km Road Race, Arnhem",Katerina Matulova,F,CZE,0:37:28.00,?,EJC results in Joggler's United Group,,,2248,0
04/08/2025,2025,3b 5km,"EJC 2025 5km Road Race, Arnhem",Klaus Neucaror,M,DEU,0:29:46.00,?,EJC results in Joggler's United Group,,,1786,0
04/08/2025,2025,3b 5km,"EJC 2025 5km Road Race, Arnhem",Koert van Eijk,M,NLD,0:27:31.00,?,EJC results in Joggler's United Group,,,1651,0
04/08/2025,2025,3b 5km,"EJC 2025 5km Road Race, Arnhem",Krzysztof Riewold,M,POL,0:28:44.00,?,EJC results in Joggler's United Group,,,1724,0
04/08/2025,2025,3b 5km,"EJC 2025 5km Road Race, Arnhem",Lars Clauss,M,DEU,0:22:36.00,?,EJC results in Joggler's United Group,,,1356,19
04/08/2025,2025,3c 5km,"EJC 2025 5km Road Race, Arnhem",Launay Lucien,M,FRA,0:30:36.00,?,EJC results in Joggler's United Group,,,1836,0
04/08/2025,2025,3b 5km,"EJC 2025 5km Road Race, Arnhem",Lena Knoblauch,F,DEU,0:44:27.00,?,EJC results in Joggler's United Group,,,2667,0
04/08/2025,2025,3c 5km,"EJC 2025 5km Road Race, Arnhem",Leon Vergoossen,M,DEU,0:27:06.00,?,EJC results in Joggler's United Group,,,1626,0
04/08/2025,2025,3c 5km,"EJC 2025 5km Road Race, Arnhem",Lonne Peters,F,DEU,0:36:10.00,?,EJC results in Joggler's United Group,,,2170,0
04/08/2025,2025,3b 5km,"EJC 2025 5km Road Race, Arnhem",Luca Haase,M,NLD,0:23:31.00,?,EJC results in Joggler's United Group,,,1411,2
04/08/2025,2025,3b 5km,"EJC 2025 5km Road Race, Arnhem",Lucas Hester,M,USA,0:24:14.00,?,EJC results in Joggler's United Group,,,1454,0
04/08/2025,2025,3b 5km,"EJC 2025 5km Road Race, Arnhem",Magnus Brannies,M,DEU,1:24:52.00,?,EJC results in Joggler's United Group,,,5092,0
04/08/2025,2025,3b 5km,"EJC 2025 5km Road Race, Arnhem",Malachy Kelly,M,IRL,0:26:47.00,?,EJC results in Joggler's United Group,,,1607,0
04/08/2025,2025,3b 5km,"EJC 2025 5km Road Race, Arnhem",Mario Jakobs,M,DEU,0:28:47.00,?,EJC results in Joggler's United Group,,,1727,0
04/08/2025,2025,3b 5km,"EJC 2025 5km Road Race, Arnhem",Marius Tritschler,M,DEU,0:24:35.00,?,EJC results in Joggler's United Group,,,1475,0
04/08/2025,2025,3b 5km,"EJC 2025 5km Road Race, Arnhem",Markus Loehr,M,DEU,0:30:07.00,?,EJC results in Joggler's United Group,,,1807,0
04/08/2025,2025,3b 5km,"EJC 2025 5km Road Race, Arnhem",Martin Bartsch,M,DEU,0:36:31.00,?,EJC results in Joggler's United Group,,,2191,0
04/08/2025,2025,3b 5km,"EJC 2025 5km Road Race, Arnhem",Megan McDougall,F,AUS,0:28:25.00,?,EJC results in Joggler's United Group,,,1705,126
04/08/2025,2025,3b 5km,"EJC 2025 5km Road Race, Arnhem",Mickael Le Marquer,M,FRA,0:27:40.00,?,EJC results in Joggler's United Group,,,1660,0
04/08/2025,2025,3b 5km,"EJC 2025 5km Road Race, Arnhem",Nate Ycas,M,USA,0:38:19.00,?,EJC results in Joggler's United Group,,,2299,0
04/08/2025,2025,3b 5km,"EJC 2025 5km Road Race, Arnhem",Nathan V,M,FRA,0:34:20.00,?,EJC results in Joggler's United Group,,,2060,0
04/08/2025,2025,3b 5km,"EJC 2025 5km Road Race, Arnhem",Nicolas Fuchs,M,DEU,0:26:28.00,?,EJC results in Joggler's United Group,,,1588,0
04/08/2025,2025,3b 5km,"EJC 2025 5km Road Race, Arnhem",Noam G.W,M,DEU,0:27:52.00,?,EJC results in Joggler's United Group,,,1672,0
04/08/2025,2025,3b 5km,"EJC 2025 5km Road Race, Arnhem",Onur Erdem,M,TUR,0:38:29.00,?,EJC results in Joggler's United Group,,,2309,0
04/08/2025,2025,3b 5km,"EJC 2025 5km Road Race, Arnhem",Paul Cahen,M,FRA,0:23:29.00,?,EJC results in Joggler's United Group,,,1409,2
04/08/2025,2025,3b 5km,"EJC 2025 5km Road Race, Arnhem",Pawel Matula,M,CZE,0:30:09.00,?,EJC results in Joggler's United Group,,,1809,0
04/08/2025,2025,3b 5km,"EJC 2025 5km Road Race, Arnhem",Peter Rottenbach,M,DEU,0:28:36.00,?,EJC results in Joggler's United Group,,,1716,0
04/08/2025,2025,3b 5km,"EJC 2025 5km Road Race, Arnhem",Robbe Mertens,M,BEL,0:24:37.00,?,EJC results in Joggler's United Group,,,1477,0
04/08/2025,2025,3c 5km,"EJC 2025 5km Road Race, Arnhem",Robert Harkonen,M,FIN,0:30:34.00,?,EJC results in Joggler's United Group,,,1834,0
04/08/2025,2025,3b 5km,"EJC 2025 5km Road Race, Arnhem",Romana Brosch,F,AUT,0:40:51.00,?,EJC results in Joggler's United Group,,,2451,0
04/08/2025,2025,3b 5km,"EJC 2025 5km Road Race, Arnhem",Ruth Groene,F,DEU,0:28:51.00,?,EJC results in Joggler's United Group,,,1731,110
04/08/2025,2025,3b 5km,"EJC 2025 5km Road Race, Arnhem",Ryusuke Thu,M,JPN,0:38:07.00,?,EJC results in Joggler's United Group,,,2287,0
04/08/2025,2025,3b 5km,"EJC 2025 5km Road Race, Arnhem",Samuel Greenwood-Wein,M,DEU,0:28:26.00,?,EJC results in Joggler's United Group,,,1706,0
04/08/2025,2025,3b 5km,"EJC 2025 5km Road Race, Arnhem",Samuel Tittelein,M,FRA,0:27:04.00,?,EJC results in Joggler's United Group,,,1624,0
04/08/2025,2025,3b 5km,"EJC 2025 5km Road Race, Arnhem",Saskia Bershinski,F,DEU,0:40:29.00,?,EJC results in Joggler's United Group,,,2429,0
04/08/2025,2025,3b 5km,"EJC 2025 5km Road Race, Arnhem",Scott Jenkins,M,GBR,0:18:16.00,?,EJC results in Joggler's United Group,,,1096,328
04/08/2025,2025,3b 5km,"EJC 2025 5km Road Race, Arnhem",Sean C,M,IRL,0:29:17.00,?,EJC results in Joggler's United Group,,,1757,0
04/08/2025,2025,3b 5km,"EJC 2025 5km Road Race, Arnhem",Sean Carney,M,USA,0:26:43.00,?,EJC results in Joggler's United Group,,,1603,0
04/08/2025,2025,3b 5km,"EJC 2025 5km Road Race, Arnhem",Seebe Raelafs,M,NLD,0:31:11.00,?,EJC results in Joggler's United Group,,,1871,0
04/08/2025,2025,3b 5km,"EJC 2025 5km Road Race, Arnhem",Shimon Levikov,M,DEU,0:23:37.00,?,EJC results in Joggler's United Group,,,1417,1
04/08/2025,2025,3b 5km,"EJC 2025 5km Road Race, Arnhem",Silvia Osiek,F,DEU,0:44:27.00,?,EJC results in Joggler's United Group,,,2667,0
04/08/2025,2025,3b 5km,"EJC 2025 5km Road Race, Arnhem",Simeon Doetsch,M,DEU,0:25:09.00,?,EJC results in Joggler's United Group,,,1509,0
04/08/2025,2025,3b 5km,"EJC 2025 5km Road Race, Arnhem",Sina Klisch,M,DEU,0:31:14.00,?,EJC results in Joggler's United Group,,,1874,0
04/08/2025,2025,3c 5km,"EJC 2025 5km Road Race, Arnhem",Stephan Neinhardt,M,DEU,0:35:28.00,?,EJC results in Joggler's United Group,,,2128,0
04/08/2025,2025,3b 5km,"EJC 2025 5km Road Race, Arnhem",Stijn Westerbeek,M,NLD,0:19:06.00,?,EJC results in Joggler's United Group,,,1146,240
04/08/2025,2025,3b 5km,"EJC 2025 5km Road Race, Arnhem",Tamino Larisch,M,DEU,0:22:03.00,?,EJC results in Joggler's United Group,,,1323,38
04/08/2025,2025,3c 5km,"EJC 2025 5km Road Race, Arnhem",Tim Pieloth,M,DEU,0:38:43.00,?,EJC results in Joggler's United Group,,,2323,0
04/08/2025,2025,3b 5km,"EJC 2025 5km Road Race, Arnhem",Tim Van,M,NLD,0:28:23.00,?,EJC results in Joggler's United Group,,,1703,0
04/08/2025,2025,3b 5km,"EJC 2025 5km Road Race, Arnhem",Timothy Ross,M,USA,0:25:15.00,?,EJC results in Joggler's United Group,,,1515,0
04/08/2025,2025,3b 5km,"EJC 2025 5km Road Race, Arnhem",Tobias Ludwig,M,DEU,0:27:42.00,?,EJC results in Joggler's United Group,,,1662,0
04/08/2025,2025,3b 5km,"EJC 2025 5km Road Race, Arnhem",Tobias Ludwig,M,DEU,0:40:41.00,?,EJC results in Joggler's United Group,,,2441,0
04/08/2025,2025,3b 5km,"EJC 2025 5km Road Race, Arnhem",Tom Aulenkamp,M,DEU,0:29:55.00,?,EJC results in Joggler's United Group,,,1795,0
04/08/2025,2025,3b 5km,"EJC 2025 5km Road Race, Arnhem",Vasek Peca,M,CZE,0:22:58.00,?,EJC results in Joggler's United Group,,,1378,10
04/08/2025,2025,3b 5km,"EJC 2025 5km Road Race, Arnhem",Vlad Benesu,M,ROU,0:30:56.00,?,EJC results in Joggler's United Group,,,1856,0
04/08/2025,2025,3c 5km,"EJC 2025 5km Road Race, Arnhem",Winnens Kwete,M,FRA,0:42:26.00,?,EJC results in Joggler's United Group,,,2546,0
04/08/2025,2025,3b 5km,"EJC 2025 5km Road Race, Arnhem",Yvonne Burchartz,F,DEU,0:35:54.00,?,EJC results in Joggler's United Group,,,2154,0
02/08/2025,2025,3b 5km,Ogrod Saski Parkrun,Kacper Suchora,M,POL,0:21:42.00,?,https://www.parkrun.pl/ogrodsaski/results/246/,,,1302,52
02/08/2025,2025,3b 5km,Howard Temin Lakeshore Path parkrun,Samuel Dean,M,USA,0:17:09.00,0,https://www.parkrun.us/howardteminlakeshorepath/results/225/ ,,,1029,469
31/07/2025,2025,3b Mile,Time Trial,Samuel Dean,M,USA,0:04:48.00,0,https://www.strava.com/activities/15303133543/overview,,,288,566
29/07/2025,2025,3b Mile,Time Trial,Scott Jenkins,M,GBR,0:05:13.00,0,https://www.strava.com/activities/15279159052,,,313,365
29/07/2025,2025,3b 800m,Time Trial,Scott Jenkins,M,GBR,0:02:21.60,0,https://www.strava.com/activities/15279159052,,,141,332
26/07/2025,2025,3b 10 Miles,WaunaFest 10 Mile Run,Samuel Dean,M,USA,0:59:25.96,0,https://runsignup.com/Race/Results/16197/IndividualResult/hbtZ?resultSetId=566324#U50715666,,,3565,0
24/07/2025,2025,3b Half Marathon,"Deseret News Half Marathon, Utah",David Tate,M,USA,1:49:19.00,0,https://x.com/dren_braves/status/1948468782567227464?t=d3Kr02-bNWZ-La8SVaS9IA&s=19,,,6559,21
22/07/2025,2025,3b 2.5 Miles,Post Hill Relay,Chris Edwin,M,GBR,0:17:14.00,0,"https://www.facebook.com/100092191624839/posts/pfbid0AYkj1ZShseZxvxNGmbLxzqbsvfCWsmDbBiWZ1Gt1LtsSffPK6Dqykgbh5jsNN76Vl/?app=fbl Team of 3 jogglers called ""Catch em if you can""",,,1034,0
22/07/2025,2025,3b 2.5 Miles,Post Hill Relay,Dominic Lodge,M,GBR,0:17:12.00,?,"https://www.facebook.com/100092191624839/posts/pfbid0AYkj1ZShseZxvxNGmbLxzqbsvfCWsmDbBiWZ1Gt1LtsSffPK6Dqykgbh5jsNN76Vl/?app=fbl Team of 3 jogglers called ""Catch em if you can""",,,1032,0
22/07/2025,2025,3b 2.5 Miles,Post Hill Relay,Jake Lodge,M,GBR,0:18:57.00,?,"https://www.facebook.com/100092191624839/posts/pfbid0AYkj1ZShseZxvxNGmbLxzqbsvfCWsmDbBiWZ1Gt1LtsSffPK6Dqykgbh5jsNN76Vl/?app=fbl Team of 3 jogglers called ""Catch em if you can""",,,1137,0
19/07/2025,2025,3b Mile,"IJA, Evansville",Aaron Heilig,M,0,0:07:20.82,?,IJA Database,,,440,0
19/07/2025,2025,5b 100m,"IJA, Evansville",Aaron Heilig,M,0,0:01:33.27,?,IJA Database,,,93,0
19/07/2025,2025,3b 400m,"IJA, Evansville",Aaron Heilig,M,0,0:01:27.92,?,IJA Database,,,87,0
19/07/2025,2025,3b 100m,"IJA, Evansville",Aaron Heilig,M,0,0:00:18.69,?,IJA Database,,,18,0
19/07/2025,2025,4b 100m,"IJA, Evansville",Aaron Heilig,M,0,0:00:21.57,?,IJA Database,,,21,0
19/07/2025,2025,5b 400m,"IJA, Evansville",Aaron Heilig,M,0,0:05:53.37,?,IJA Database,,,353,0
19/07/2025,2025,3b 4x800m,"IJA, Evansville","Aaron Heilig, Arnav Rathi, Jean-Guy Beaudry, Sterling Franklin",M,0,0:14:16.12,?,IJA Database,,,856,0
19/07/2025,2025,3b 4x100m,"IJA, Evansville","Aaron Heilig, Jean-Guy Beaudry, Tim Heilig, Sterling Franklin",M,0,0:01:31.80,?,IJA Database,,,91,0
19/07/2025,2025,3b Mile,"IJA, Evansville",Arnav Rathi,M,0,0:07:06.67,?,IJA Database,,,426,0
19/07/2025,2025,5b 100m,"IJA, Evansville",Arnav Rathi,M,0,0:01:40.99,?,IJA Database,,,100,0
19/07/2025,2025,3b 400m,"IJA, Evansville",Arnav Rathi,M,0,0:01:22.41,?,IJA Database,,,82,0
19/07/2025,2025,3b 100m,"IJA, Evansville",Arnav Rathi,M,0,0:00:20.76,?,IJA Database,,,20,0
19/07/2025,2025,4b 100m,"IJA, Evansville",Arnav Rathi,M,0,0:00:26.87,?,IJA Database,,,26,0
19/07/2025,2025,5b 400m,"IJA, Evansville",Arnav Rathi,M,0,0:05:53.59,?,IJA Database,,,353,0
19/07/2025,2025,3b Mile,"IJA, Evansville",Ingrid Vukusic,F,0,0:08:10.89,?,IJA Database,,,490,94
19/07/2025,2025,3b 400m,"IJA, Evansville",Ingrid Vukusic,F,0,0:01:32.21,?,IJA Database,,,92,108
19/07/2025,2025,3b 100m,"IJA, Evansville",Ingrid Vukusic,F,0,0:00:19.47,?,IJA Database,,,19,89
19/07/2025,2025,4b 100m,"IJA, Evansville",Ingrid Vukusic,F,0,0:01:01.32,?,IJA Database,,,61,0
19/07/2025,2025,3b Mile,"IJA, Evansville",Jacob Cowan,M,0,0:06:45.90,?,IJA Database,,,405,3
19/07/2025,2025,5b 100m,"IJA, Evansville",Jacob Cowan,M,0,0:00:46.88,?,IJA Database,,,46,0
19/07/2025,2025,3b 400m,"IJA, Evansville",Jacob Cowan,M,0,0:01:14.63,?,IJA Database,,,74,25
19/07/2025,2025,3b 100m,"IJA, Evansville",Jacob Cowan,M,0,0:00:24.84,?,IJA Database,,,24,0
19/07/2025,2025,5b 400m,"IJA, Evansville",Jacob Cowan,M,0,0:04:48.66,?,IJA Database,,,288,0
19/07/2025,2025,5b 100m,"IJA, Evansville",James Francis,M,0,0:01:16.82,?,IJA Database,,,76,0
19/07/2025,2025,3b 400m,"IJA, Evansville",James Francis,M,0,0:01:27.11,?,IJA Database,,,87,0
19/07/2025,2025,3b 100m,"IJA, Evansville",James Francis,M,0,0:00:18.11,?,IJA Database,,,18,0
19/07/2025,2025,4b 100m,"IJA, Evansville",James Francis,M,0,0:00:30.46,?,IJA Database,,,30,0
19/07/2025,2025,3b Mile,"IJA, Evansville",Jean-Guy Beaudry,M,CAN,0:08:20.08,?,IJA Database,,,500,0
19/07/2025,2025,5b 100m,"IJA, Evansville",Jean-Guy Beaudry,M,CAN,0:01:37.95,?,IJA Database,,,97,0
19/07/2025,2025,3b 400m,"IJA, Evansville",Jean-Guy Beaudry,M,CAN,0:01:34.88,?,IJA Database,,,94,0
19/07/2025,2025,3b 100m,"IJA, Evansville",Jean-Guy Beaudry,M,CAN,0:00:20.53,?,IJA Database,,,20,0
19/07/2025,2025,4b 100m,"IJA, Evansville",Jean-Guy Beaudry,M,CAN,0:00:52.68,?,IJA Database,,,52,0
19/07/2025,2025,5b 100m,"IJA, Evansville",Jonathan Root,M,0,0:01:47.30,?,IJA Database,,,107,0
19/07/2025,2025,3b 100m,"IJA, Evansville",Jonathan Root,M,0,0:00:29.12,?,IJA Database,,,29,0
19/07/2025,2025,4b 100m,"IJA, Evansville",Jonathan Root,M,0,0:00:41.00,?,IJA Database,,,41,0
19/07/2025,2025,5b 100m,"IJA, Evansville",Justin Sheldon,M,0,0:01:15.42,?,IJA Database,,,75,0
19/07/2025,2025,3b 400m,"IJA, Evansville",Justin Sheldon,M,0,0:02:22.23,?,IJA Database,,,142,0
19/07/2025,2025,3b 100m,"IJA, Evansville",Justin Sheldon,M,0,0:00:24.77,?,IJA Database,,,24,0
19/07/2025,2025,4b 100m,"IJA, Evansville",Justin Sheldon,M,0,0:00:27.13,?,IJA Database,,,27,0
19/07/2025,2025,5b 100m,"IJA, Evansville",Kayla Malmgren,F,USA,0:00:50.36,?,IJA Database,,,50,0
19/07/2025,2025,3b 400m,"IJA, Evansville",Kayla Malmgren,F,USA,0:01:45.04,?,IJA Database,,,105,8
19/07/2025,2025,3b 100m,"IJA, Evansville",Kayla Malmgren,F,USA,0:00:17.98,?,IJA Database,,,17,248
19/07/2025,2025,4b 100m,"IJA, Evansville",Kayla Malmgren,F,USA,0:00:31.92,?,IJA Database,,,31,0
19/07/2025,2025,5b 400m,"IJA, Evansville",Kayla Malmgren,F,USA,0:05:22.36,?,IJA Database,,,322,0
19/07/2025,2025,3b 4x800m,"IJA, Evansville","Kayla Malmgren, Zoe Prawda, Ingrid Vukusic, Kelly Macklin",F,0,0:22:00.25,?,IJA Database,,,1320,0
19/07/2025,2025,3b 4x100m,"IJA, Evansville","Kayla Malmgren, Zoe Prawda, Ingrid Vukusic, Kelly Macklin",F,0,0:01:47.85,?,IJA Database,,,107,0
19/07/2025,2025,3b 100m,"IJA, Evansville",Kelly Macklin,F,0,0:00:41.16,?,IJA Database,,,41,0
19/07/2025,2025,5b 100m,"IJA, Evansville",Mark Fiore,M,USA,0:00:22.70,?,IJA Database,,,22,0
19/07/2025,2025,3b 100m,"IJA, Evansville",Mark Fiore,M,USA,0:00:29.04,?,IJA Database,,,29,0
19/07/2025,2025,4b 100m,"IJA, Evansville",Mark Fiore,M,USA,0:00:14.71,?,IJA Database,,,14,221
19/07/2025,2025,5b 400m,"IJA, Evansville",Mark Fiore,M,USA,0:01:33.11,?,IJA Database,,,93,0
19/07/2025,2025,3b 4x800m,"IJA, Evansville","Mark Fiore, Jacob Cowan, Nathan Nard, Samuel Dean",M,0,0:10:29.75,?,IJA Database,,,629,0
19/07/2025,2025,3b 4x100m,"IJA, Evansville","Mark Fiore, Jacob Cowan, Nathan Nard, Samuel Dean",M,0,0:01:19.62,?,IJA Database,,,79,0
19/07/2025,2025,3b 100m,"IJA, Evansville",Mike Hout,M,USA,0:00:30.29,?,IJA Database,,,30,0
19/07/2025,2025,3b Mile,"IJA, Evansville",Mike Moore,M,USA,0:08:04.54,?,IJA Database,,,484,0
19/07/2025,2025,5b 100m,"IJA, Evansville",Mike Moore,M,USA,0:00:36.79,?,IJA Database,,,36,0
19/07/2025,2025,3b 400m,"IJA, Evansville",Mike Moore,M,USA,0:01:16.13,?,IJA Database,,,76,9
19/07/2025,2025,3b 100m,"IJA, Evansville",Mike Moore,M,USA,0:00:15.64,?,IJA Database,,,15,98
19/07/2025,2025,4b 100m,"IJA, Evansville",Mike Moore,M,USA,0:00:18.89,?,IJA Database,,,18,0
19/07/2025,2025,5b 400m,"IJA, Evansville",Mike Moore,M,USA,0:03:46.76,?,IJA Database,,,226,0
19/07/2025,2025,3b 50m,"IJA, Evansville",Miz Tilly,F,0,0:00:28.00,?,IJA Database,,,28,0
19/07/2025,2025,3b Mile,"IJA, Evansville",Nathan Nard,M,0,0:05:39.04,?,IJA Database,,,339,202
19/07/2025,2025,3b 400m,"IJA, Evansville",Nathan Nard,M,0,0:01:10.83,?,IJA Database,,,70,82
19/07/2025,2025,3b 100m,"IJA, Evansville",Nathan Nard,M,0,0:00:16.42,?,IJA Database,,,16,24
19/07/2025,2025,3b Mile,"IJA, Evansville",Nick Leonardi,M,0,0:09:43.62,?,IJA Database,,,583,0
19/07/2025,2025,3b 400m,"IJA, Evansville",Nick Leonardi,M,0,0:01:46.24,?,IJA Database,,,106,0
19/07/2025,2025,3b 100m,"IJA, Evansville",Nick Leonardi,M,0,0:00:32.33,?,IJA Database,,,32,0
19/07/2025,2025,3b Mile,"IJA, Evansville",Samuel Dean,M,USA,0:04:57.01,?,IJA Database,,,297,488
19/07/2025,2025,3b 400m,"IJA, Evansville",Samuel Dean,M,USA,0:01:03.89,?,IJA Database,,,63,261
19/07/2025,2025,3b 100m,"IJA, Evansville",Samuel Dean,M,USA,0:00:23.50,?,IJA Database,,,23,0
19/07/2025,2025,4b 100m,"IJA, Evansville",Samuel Dean,M,USA,0:00:30.09,?,IJA Database,,,30,0
19/07/2025,2025,3b 5km,Forfar Loch Parkrun,Scott Jenkins,M,GBR,0:26:53.00,0,https://www.parkrun.org.uk/forfarloch/results/167,,,1613,0
19/07/2025,2025,3b Mile,"IJA, Evansville",Sterling Franklin,M,USA,0:06:35.25,?,IJA Database,,,395,14
19/07/2025,2025,5b 100m,"IJA, Evansville",Sterling Franklin,M,USA,0:01:03.07,?,IJA Database,,,63,0
19/07/2025,2025,3b 400m,"IJA, Evansville",Sterling Franklin,M,USA,0:01:10.15,?,IJA Database,,,70,82
19/07/2025,2025,3b 100m,"IJA, Evansville",Sterling Franklin,M,USA,0:00:21.26,?,IJA Database,,,21,0
19/07/2025,2025,4b 100m,"IJA, Evansville",Sterling Franklin,M,USA,0:00:17.50,?,IJA Database,,,17,0
19/07/2025,2025,5b 400m,"IJA, Evansville",Sterling Franklin,M,USA,0:04:25.11,?,IJA Database,,,265,0
19/07/2025,2025,3b 100m,"IJA, Evansville",Tim Heilig,M,0,0:00:41.85,?,IJA Database,,,41,0
19/07/2025,2025,3b 100m,"IJA, Evansville",Tony Gonzalez,M,0,0:00:18.85,?,IJA Database,,,18,0
19/07/2025,2025,4b 100m,"IJA, Evansville",Tony Gonzalez,M,0,0:00:23.43,?,IJA Database,,,23,0
19/07/2025,2025,5b 400m,"IJA, Evansville",Tony Gonzalez,M,0,0:06:03.71,?,IJA Database,,,363,0
19/07/2025,2025,3b Mile,"IJA, Evansville",Torrey Hamilton,M,0,0:07:02.80,?,IJA Database,,,422,0
19/07/2025,2025,3b 400m,"IJA, Evansville",Torrey Hamilton,M,0,0:01:27.60,?,IJA Database,,,87,0
19/07/2025,2025,3b 100m,"IJA, Evansville",Torrey Hamilton,M,0,0:00:18.31,?,IJA Database,,,18,0
19/07/2025,2025,4b 100m,"IJA, Evansville",Torrey Hamilton,M,0,0:01:07.78,?,IJA Database,,,67,0
19/07/2025,2025,3b Mile,"IJA, Evansville",Zoe Prawda,F,USA,0:11:11.52,?,IJA Database,,,671,0
19/07/2025,2025,5b 100m,"IJA, Evansville",Zoe Prawda,F,USA,0:02:26.57,?,IJA Database,,,146,0
19/07/2025,2025,3b 400m,"IJA, Evansville",Zoe Prawda,F,USA,0:02:10.83,?,IJA Database,,,130,0
19/07/2025,2025,3b 100m,"IJA, Evansville",Zoe Prawda,F,USA,0:00:23.80,?,IJA Database,,,23,0
19/07/2025,2025,4b 100m,"IJA, Evansville",Zoe Prawda,F,USA,0:01:07.28,?,IJA Database,,,67,0
16/07/2025,2025,3b 10km,Bungay Black Dog Summer Series 10 km - Race 2,John Jervis,M,GBR,0:44:37.00,2,https://totalracetiming.co.uk/raceresults/590,,,2677,118
15/07/2025,2025,3b 5km,"IJA, Evansville",Aaron Heilig,M,0,0:26:11.00,?,IJA Database,,,1571,0
15/07/2025,2025,3b 5km,"IJA, Evansville",Arnav Rathi,M,0,0:29:15.00,?,IJA Database,,,1755,0
15/07/2025,2025,3b 10km,"IJA, Evansville",Christian Kloc,M,USA,0:58:11.00,?,IJA Database,,,3491,0
15/07/2025,2025,3b 10km,"IJA, Evansville",Easton Smith,M,USA,0:43:41.00,?,IJA Database,,,2621,147
15/07/2025,2025,3b 5km,"IJA, Evansville",Ingrid Vukusic,F,0,0:27:41.00,?,IJA Database,,,1661,155
15/07/2025,2025,3b 5km,"IJA, Evansville",Jean-Guy Beaudry,M,CAN,0:30:28.00,?,IJA Database,,,1828,0
15/07/2025,2025,3b 10km,"IJA, Evansville",Jeff Lutkus,M,USA,1:02:58.00,?,IJA Database,,,3778,0
15/07/2025,2025,3b 15km,"IJA, Evansville",Katie Burgess,F,0,1:28:05.00,?,IJA Database,,,5285,192
15/07/2025,2025,3b 15km,"IJA, Evansville",Meggie Exner,F,0,1:28:06.00,?,IJA Database,,,5286,191
15/07/2025,2025,3b 5km,"IJA, Evansville",Mike Moore,M,USA,0:26:44.00,?,IJA Database,,,1604,0
15/07/2025,2025,3b 5km,"IJA, Evansville",Nathan Nard,M,0,0:19:49.15,?,IJA Database,,,1189,175
15/07/2025,2025,3b 5km,"IJA, Evansville",Nick Leonardi,M,0,0:42:13.78,?,IJA Database,,,2533,0
15/07/2025,2025,3b 5km,"IJA, Evansville",Sterling Franklin,M,USA,0:24:22.00,?,IJA Database,,,1462,0
15/07/2025,2025,3b 15km,"IJA, Evansville",Thomas Whitaker,M,0,1:32:51.00,?,IJA Database,,,5571,0
13/07/2025,2025,5b 400m,"Time Trial, Leeds Trinity Track",Dominic Lodge,M,GBR,0:02:11.45,?,Witnessed and manually timed by Chris Edwin with stop watch,,,131,0
13/07/2025,2025,3b 400m,"Time Trial, Leeds Trinity Track",Dominic Lodge,M,GBR,0:01:10.81,0,Witnessed and manually timed by Chris Edwin with stop watch,,,70,82
12/07/2025,2025,3b 5km,Mlynowka Krolewska Parkrun,Kacper Suchora,M,POL,0:21:29.00,?,https://www.parkrun.pl/mlynowkakrolewska/results/92/,,,1289,63
05/07/2025,2025,3b 5km,Oriam Parkrun,Scott Jenkins,M,GBR,0:29:12.00,0,https://www.parkrun.org.uk/oriam/results/203/,,,1752,0
29/06/2025,2025,3b Half Marathon,"Trierer Stadtlauf Half Marathon, Germany",Abraham Wirtz,M,DEU,1:36:24.00,?,https://www.chiplauf.de/en/events/39-int-trierer-stadtlauf-2025/results?d=4952&sort=&s=Wirtz,,,5784,155
28/06/2025,2025,3b 50km,Wy'east Wonder 50k,Zach Becker,M,USA,5:53:16.00,92,"https://www.strava.com/activities/14946663345, https://www.hubertiming.com/results/2025WyEast50K/110, https://www.instagram.com/p/DLjLp8dRc1j/, https://www.youtube.com/watch?v=UO7NdmOkSng, https://www.reddit.com/r/trailrunning/comments/1lr7ltz/50km_of_trail_run_juggling_timelapse/, ",,,21196,0
28/06/2025,2025,3b 50km,"Wy'East Wonder 50k, Oregon",Zach Becker,M,USA,5:53:16.00,?,"https://ultrasignup.com/m_results_event.aspx?did=119714#id2291517
",,,21196,0
25/06/2025,2025,3b Mile,"Hyde Park Harriers Summer Mile, Leeds",Ralph Kidner,M,GBR,0:08:42.20,?,https://racebest.com/results/6urea,,,522,0
15/06/2025,2025,3b 15 Miles,Seven Hills of Edinburgh Race,Scott Jenkins,M,GBR,2:38:41.00,5,https://www.seven-hills.org.uk/results,,,9521,0
14/06/2025,2025,3b Half Marathon,Hot 2 Trot Half Marathon,Samuel Dean,M,USA,1:20:42.06,0,https://runsignup.com/Race/Results/40689/IndividualResult/hpLh?resultSetId=557311#U50715666,,,4842,483
08/06/2025,2025,3b 2 Miles,"Super Hero Sprint, New Jersey, USA",Ben Horton,M,USA,0:28:50.00,?,https://runsignup.com/Race/Photos/Location/SuperheroSprint2025/NJ/WallTwp/superherosprint,,,1730,0
08/06/2025,2025,3b 2 Miles,"Super Hero Sprint, New Jersey, USA",Christian Gonzales,M,USA,0:25:24.00,?,https://runsignup.com/Race/Photos/Location/SuperheroSprint2025/NJ/WallTwp/superherosprint Dressed as Spiderman,,,1524,0
08/06/2025,2025,3b 2 Miles,"Super Hero Sprint, New Jersey, USA",Donnell Griffith,M,USA,0:36:52.00,?,https://runsignup.com/Race/Photos/Location/SuperheroSprint2025/NJ/WallTwp/superherosprint,,,2212,0
08/06/2025,2025,3b 2 Miles,"Super Hero Sprint, New Jersey, USA",Jack Hirschowitz,M,USA,0:19:46.00,?,https://runsignup.com/Race/Photos/Location/SuperheroSprint2025/NJ/WallTwp/superherosprint,,,1186,0
08/06/2025,2025,3b 2 Miles,"Super Hero Sprint, New Jersey, USA",Jaqueline Banting,F,USA,0:32:48.00,?,https://runsignup.com/Race/Photos/Location/SuperheroSprint2025/NJ/WallTwp/superherosprint,,,1968,0
08/06/2025,2025,3b 2 Miles,"Super Hero Sprint, New Jersey, USA",Jeffery Mitchell,M,USA,0:28:19.00,?,https://runsignup.com/Race/Photos/Location/SuperheroSprint2025/NJ/WallTwp/superherosprint,,,1699,0
08/06/2025,2025,3b 2 Miles,"Super Hero Sprint, New Jersey, USA",Joey Silknitter,M,USA,0:15:51.00,?,https://runsignup.com/Race/Photos/Location/SuperheroSprint2025/NJ/WallTwp/superherosprint,,,951,0
08/06/2025,2025,3b 2 Miles,"Super Hero Sprint, New Jersey, USA",Jonathan Abbott,M,USA,0:12:07.00,0,https://runsignup.com/Race/Photos/Location/SuperheroSprint2025/NJ/WallTwp/superherosprint P1,,,727,222
08/06/2025,2025,3b 2 Miles,"Super Hero Sprint, New Jersey, USA",Karly Swaim,F,USA,0:18:47.00,?,https://runsignup.com/Race/Photos/Location/SuperheroSprint2025/NJ/WallTwp/superherosprint,,,1127,61
08/06/2025,2025,3b 2 Miles,"Super Hero Sprint, New Jersey, USA",Marcus Pullman,M,USA,0:19:16.00,?,https://runsignup.com/Race/Photos/Location/SuperheroSprint2025/NJ/WallTwp/superherosprint,,,1156,0
08/06/2025,2025,3b 2 Miles,"Super Hero Sprint, New Jersey, USA",Michele Rafferty,F,USA,0:36:46.00,?,https://runsignup.com/Race/Photos/Location/SuperheroSprint2025/NJ/WallTwp/superherosprint,,,2206,0
08/06/2025,2025,3b 2 Miles,"Super Hero Sprint, New Jersey, USA",Rebecca Pullman,F,USA,0:33:38.00,?,https://runsignup.com/Race/Photos/Location/SuperheroSprint2025/NJ/WallTwp/superherosprint,,,2018,0
08/06/2025,2025,3b 2 Miles,"Super Hero Sprint, New Jersey, USA",Scott Jenkins,M,GBR,0:12:18.00,0,https://runsignup.com/Race/Photos/Location/SuperheroSprint2025/NJ/WallTwp/superherosprint P2,,,738,195
08/06/2025,2025,3b 2 Miles,"Super Hero Sprint, New Jersey, USA",Sid Cal,M,USA,0:25:01.00,?,https://runsignup.com/Race/Photos/Location/SuperheroSprint2025/NJ/WallTwp/superherosprint,,,1501,0
08/06/2025,2025,3b 2 Miles,"Super Hero Sprint, New Jersey, USA",Trevor Stenson,M,USA,0:16:32.00,?,https://runsignup.com/Race/Photos/Location/SuperheroSprint2025/NJ/WallTwp/superherosprint,,,992,0
08/06/2025,2025,3b 2 Miles,"Super Hero Sprint, New Jersey, USA",Zoe Prawda,F,USA,0:24:58.00,?,https://runsignup.com/Race/Photos/Location/SuperheroSprint2025/NJ/WallTwp/superherosprint,,,1498,0
07/06/2025,2025,3b 5km,Mlynowka Krolewska Parkrun,Kacper Suchora,M,POL,0:22:07.00,?,https://www.parkrun.pl/mlynowkakrolewska/results/87/,,,1327,35
07/06/2025,2025,3b 2 Miles,Walleye Run/Walk 2 Mile,Samuel Dean,M,USA,0:10:59.80,0,https://results.performancetiming.com/myresults.aspx?uid=16541-826-2-365180,,,659,424
31/05/2025,2025,5b 200m,Track Time Trial,Mark Fiore,M,USA,0:00:34.04,0,Manually timed by Scott Jenkins & Samuel Dean. https://www.instagram.com/p/DK000HLs_30/,,,34,11
31/05/2025,2025,3b 5km,Howard Temin Lakeshore Path Parkrun,Mark Fiore,M,USA,0:23:16.00,?,https://www.parkrun.us/howardteminlakeshorepath/results/216/,,,1396,5
31/05/2025,2025,3b 5km,Howard Temin Lakeshore Path Parkrun,Samuel Dean,M,USA,0:18:27.00,0,https://www.parkrun.us/howardteminlakeshorepath/results/216/  https://www.strava.com/activities/14655044998,,,1107,308
31/05/2025,2025,3b 5km,Howard Temin Lakeshore Path Parkrun,Scott Jenkins,M,GBR,0:51:28.00,2,https://www.parkrun.us/howardteminlakeshorepath/results/216/  https://www.strava.com/activities/14652846766,,,3088,0
30/05/2025,2025,3b 800m,Track Time Trial,Samuel Dean,M,USA,0:02:18.74,0,Manually timed by Scott Jenkins. https://www.strava.com/activities/14646922592,,,138,383
30/05/2025,2025,3b 1500m,Track Time Trial,Samuel Dean,M,USA,0:04:46.50,0,Manually timed by Scott Jenkins. https://www.strava.com/activities/14646922597,,,286,398
30/05/2025,2025,3b 1500m,Track Time Trial,Scott Jenkins,M,GBR,0:04:54.08,0,Manually timed by Sam Dean. https://www.strava.com/activities/14645861689,,,294,336
25/05/2025,2025,3b Half Marathon,Ottawa Half Marathon,Michal Kapral,M,CAN,1:39:52.00,?,https://sportstats.one/event/ottawa-race-weekend/leaderboard/143801,,,5992,107
25/05/2025,2025,3b Half Marathon,Ottawa Half Marathon,Scott Jenkins,M,GBR,1:24:28.00,0,https://www.strava.com/activities/14591295757 https://sportstats.one/event/ottawa-race-weekend/leaderboard/143801,,,5068,388
24/05/2025,2025,3b 5km,"Victoria Park Beach, Cobourg, parkrun",Michal Kapral,M,CAN,0:22:35.00,0,https://www.parkrun.ca/victoriaparkbeachcobourg/results/4/,,,1355,20
24/05/2025,2025,3b 5km,"Victoria Park Beach, Cobourg, parkrun",Scott Jenkins,M,GBR,0:20:04.00,0,https://www.parkrun.ca/victoriaparkbeachcobourg/results/4/  https://www.strava.com/activities/14579998402,,,1204,154
19/05/2025,2025,3b 6 Miles,Balerno Rigg Run,Scott Jenkins,M,GBR,0:35:42.00,0,https://www.strava.com/activities/14532737370,,,2142,0
17/05/2025,2025,3b Marathon,"Ultra Roztocze Trail Marathon, Czarny Las, Poland",Kacper Suchora,M,POL,4:47:53.00,?,https://my.raceresult.com/317497/#5_C78B69,,,17273,0
17/05/2025,2025,3b 5km,"Karpendonkse Plas parkrun, Eindhoven",Rik Konings,M,NLD,0:25:26.00,?,https://www.parkrun.co.nl/karpendonkseplas/results/197/,,,1526,0
17/05/2025,2025,3b 5km,Oriam Parkrun,Scott Jenkins,M,GBR,0:19:46.00,0,https://www.parkrun.org.uk/oriam/results/196 https://www.strava.com/activities/14505774094,,,1186,179
14/05/2025,2025,3b 5 Miles,The Great Yarmouth Promenade 5 Mile Series - Race 3,John Jervis,M,GBR,0:36:13.80,1,https://totalracetiming.co.uk/raceresults/604 https://dreampace.photohawk.com/galleries/great-yarmouth-5-mile-race-3-25 - the first one of me was at 18:38:58.,,,2173,0
10/05/2025,2025,3b 10km,Nowa Huta w Czterech Smakach (Nowa Huta in Four Flavors),Kacper Suchora,M,POL,0:41:51.00,1,chrome-extension://efaidnbmnnnibpcajpcglclefindmkaj/https://utm.run/wp-content/uploads/2025/05/2025_nh4s_wiosna_10.pdf,,,2511,215
10/05/2025,2025,3b 5km,"Karpendonkse Plas parkrun, Eindhoven",Rik Konings,M,NLD,0:25:16.00,?,https://www.parkrun.co.nl/karpendonkseplas/results/196/,,,1516,0
10/05/2025,2025,3b 5km,Polkemmet Country Parkrun,Scott Jenkins,M,GBR,0:20:33.00,1,https://www.parkrun.org.uk/polkemmetcountry/results/232/ https://www.strava.com/activities/14432811367,,,1233,119
05/05/2025,2025,3b 11km,"Coiners 2025 Fell Race, Calderdale",Jake Lodge,M,GBR,1:09:35.00,?,https://www.cvfr.co.uk/wp-content/uploads/simple-file-list/Races/Coiners/2025.html,,,4175,0
03/05/2025,2025,3b 5km,"Beckton parkrun, London",Rik Konings,M,NLD,0:27:46.00,?,https://www.parkrun.org.uk/beckton/results/603/,,,1666,0
03/05/2025,2025,3b 20km,"Lake Monona 20k, Wisconsin",Samuel Dean,M,USA,1:18:15.00,?,https://www.lakemonona20k.com/Race/Results/25623/IndividualResult/Bdzb?resultSetId=546098#U50715666,,,4695,0
03/05/2025,2025,3b 5km,Pavilion Gardens Parkrun,Will Rhode,M,GBR,0:25:18.00,?,"https://strava.app.link/xMcXSCN0OWb
https://www.parkrun.org.uk/paviliongardens/results/123/
https://www.facebook.com/100087311512923/posts/pfbid024MHFD2KYbqzVuzBx2f7Lwz2wZpW6dEnprp5yHMVeDv3KxGtAAGgh9cdmW5rLQspRl/?app=fbl",,,1518,0
27/04/2025,2025,3b Marathon,Manchester Marathon,Chris Edwin,M,GBR,3:12:28.00,2,https://mel-active-eventresults-webdynamiccontent.azurewebsites.net/finishcertificate/pdf?eventId=7315035702770155264&raceId=493116&bib=4101&format=pdf,,,11548,313
27/04/2025,2025,3b 10km,TCS World 10K Bengaluru 2025,Ketan Abhonkar,M,IND,1:04:42.00,1,https://sportstimingsolutions.in/results?q=eyJlX25hbWUiOiJUQ1MgV29ybGQgMTBLIEJlbmdhbHVydSAyMDI1IiwiZV9pZCI6ODU5NTEsImJpYk5vIjoiMzMxMjUifQ%3D%3D,,,3882,0
27/04/2025,2025,3b Half Marathon,Blackpool Half Marathon,Scott Jenkins,M,GBR,1:28:03.00,0,https://www.strava.com/activities/14299457163  https://www.fyldecoastrunners.com/uploads/5/2/4/9/52490083/festhalf2025.pdf,,,5283,307
26/04/2025,2025,3b 5km,"Karpendonkse Plas parkrun, Eindhoven",Rik Konings,M,NLD,0:31:19.00,?,https://www.parkrun.co.nl/karpendonkseplas/results/194/,,,1879,0
26/04/2025,2025,3b 8km,"Crazylegs Classic 8k, Wisconsin",Samuel Dean,M,USA,0:29:53.00,1,https://www.crazylegsclassic.com/results?FirstName=&LastName=Dean&BibNumber=&Cities=ANY&States=ANY&Country=ANY&Age=&Sex=ANY&Year=ANY&Division=ANY,,,1793,0
21/04/2025,2025,3b Marathon,Boston Marathon,Jack Hirschowitz,M,USA,4:52:46.00,?,https://www.nbcnewyork.com/on-air/as-seen-on/nyc-doctor-to-joggle-during-mondays-boston-marathon/6230862/  https://boston.r.mikatiming.de/2025/?content=detail&fpid=search&pid=search&idp=9TGHS6FF1AFE54&lang=EN_CAP&event=R&event_main_group=runner&search%5Bname%5D=hirschowitz&search_event=R,,,17566,0
19/04/2025,2025,3b 5km,Edinburgh Parkrun,Chris Edwin,M,GBR,0:18:32.00,0,https://www.parkrun.org.uk/edinburgh/results/717/  https://www.strava.com/activities/14220474253,,,1112,298
19/04/2025,2025,3b 5km,Mlynowka Krolewska Parkrun,Kacper Suchora,M,POL,0:21:18.00,?,https://www.parkrun.pl/mlynowkakrolewska/results/80/,,,1278,72
19/04/2025,2025,3b 10km,"Cottontail Classic 10k, Wisconsin",Samuel Dean,M,USA,0:38:46.00,6,https://runsignup.com/Race/Results/54445/IndividualResult/cZkX?resultSetId=541950#U50715666,,,2326,358
19/04/2025,2025,3b 5km,Edinburgh Parkrun,Scott Jenkins,M,GBR,0:18:06.00,0,https://www.parkrun.org.uk/edinburgh/results/717/  https://www.strava.com/activities/14220044467,,,1086,348
12/04/2025,2025,3b 5km,The Old Showfield Parkrun,Scott Jenkins,M,GBR,0:25:28.00,0,https://www.parkrun.org.uk/theoldshowfield/results/217/  https://www.strava.com/activities/14160343565,,,1528,0
06/04/2025,2025,3b 5km,"Namur Marathon, Belgium",Benjamin Balbeur,M,BEL,0:20:28.00,?,"Split in the Namur marathon, https://www.instagram.com/p/DIJbAZ_Npul/ https://www.chronocompetition.com/wp-content/glive/g-live.html?f=../2025/NAMUR/BNM25.clax https://www.lavenir.net/regions/namur/2025/04/06/namur-benjamin-balbeur-boucler-son-marathon-en-jonglant-et-soffre-un-record-vers-la-fin-cetait-un-combat-3HVIO5AMONDO3M4YSKO2DORYG4/ https://www.sportograf.com/fr/event/13509/search/327",,,1228,124
06/04/2025,2025,3b Half Marathon,"Namur Marathon, Belgium",Benjamin Balbeur,M,BEL,1:22:59.00,?,"Split in the Namur marathon, https://www.instagram.com/p/DIJbAZ_Npul/ https://www.chronocompetition.com/wp-content/glive/g-live.html?f=../2025/NAMUR/BNM25.clax https://www.lavenir.net/regions/namur/2025/04/06/namur-benjamin-balbeur-boucler-son-marathon-en-jonglant-et-soffre-un-record-vers-la-fin-cetait-un-combat-3HVIO5AMONDO3M4YSKO2DORYG4/ https://www.sportograf.com/fr/event/13509/search/327",,,4979,424
06/04/2025,2025,3b Marathon,"Namur Marathon, Belgium",Benjamin Balbeur,M,BEL,2:47:52.00,16,WR. https://www.instagram.com/p/DIJbAZ_Npul/ https://www.chronocompetition.com/wp-content/glive/g-live.html?f=../2025/NAMUR/BNM25.clax https://www.lavenir.net/regions/namur/2025/04/06/namur-benjamin-balbeur-boucler-son-marathon-en-jonglant-et-soffre-un-record-vers-la-fin-cetait-un-combat-3HVIO5AMONDO3M4YSKO2DORYG4/ https://www.sportograf.com/fr/event/13509/search/327,,,10072,583
06/04/2025,2025,3b Marathon,"Delaware Running Festival Marathon, Wilmington",Jonathan Abbott,M,USA,3:23:57.00,?,https://www.facebook.com/groups/372157942956062/permalink/2837234993114999/?app=fbl,,,12237,216
06/04/2025,2025,3c 10km,City of Lincoln 10k,Tim Butler,M,GBR,2:06:23.00,?,https://www.facebook.com/1616132354/posts/pfbid0fvW3FGwCT79Q1thK8QvXJkhKRZ8cYgDANy2p6XYHWpeAWVV1aJLc7yQk6rEhyEUhl/?app=fbl       https://chiptiming.co.uk/events/run-for-all-city-of-lincoln-10k-2025-2025/4721/,,,7583,0
30/03/2025,2025,3b Half Marathon,Gloucester Half Marathon,Scott Jenkins,M,GBR,1:26:04.00,0,https://www.strava.com/activities/14027128990,,,5164,351
29/03/2025,2025,3b 5km,Parkrun Puszcza Niepolomicka,Kacper Suchora,M,POL,0:21:13.00,0,https://www.parkrun.pl/puszczaniepolomicka/results/latestresults/,,,1273,77
29/03/2025,2025,3b 5km,Kingsway Parkrun,Scott Jenkins,M,GBR,0:24:43.00,1,https://www.strava.com/activities/14017582778,,,1483,0
23/03/2025,2025,3b Half Marathon,Reading Half Marathon,Stuart Humphries,M,GBR,2:08:30.00,9,https://www.readinghalfmarathon.com/pages/results?srsltid=AfmBOoo79lc7vLUj-nO6DDFmA47-9JOlaLPF6VFYEfN_7HHZRMzWi-0F,,,7710,0
22/03/2025,2025,3b 5km,Mlynowka Krolewska Parkrun,Kacper Suchora,M,POL,0:22:58.00,1,https://www.parkrun.pl/mlynowkakrolewska/results/76/,,,1378,10
22/03/2025,2025,3b 5km,"Karpendonkse Plas parkrun, Eindhoven",Rik Konings,M,NLD,0:27:02.00,?,https://www.parkrun.co.nl/karpendonkseplas/results/189/,,,1622,0
22/03/2025,2025,3b 5km,Albert Parkrun,Scott Jenkins,M,GBR,0:19:47.00,0,3 lemon joggling! https://www.strava.com/activities/13951591668,,,1187,177
16/03/2025,2025,3b Half Marathon,"Richmond Half Marathon, VA",Henry Roessner,M,USA,2:36:38.00,1,https://www.instagram.com/p/DHR1-OEP6Se/?img_index=4,,,9398,0
16/03/2025,2025,3b Half Marathon,New York Half Marathon,Jack Hirschowitz,M,USA,2:24:16.00,?,https://www.instagram.com/p/DHW65xsSute/?igsh=MW1kdjZoZXo5OWtvMg==       https://results.nyrr.org/event/H2025/result/25086,,,8656,0
15/03/2025,2025,3b 5km,Mlynowka Krolewska Parkrun,Kacper Suchora,M,POL,0:22:31.00,3,https://www.parkrun.pl/mlynowkakrolewska/results/75,,,1351,22
15/03/2025,2025,3b 5km,"Karpendonkse Plas parkrun, Eindhoven",Rik Konings,M,NLD,0:26:03.00,?,https://www.parkrun.co.nl/karpendonkseplas/results/188/,,,1563,0
09/03/2025,2025,3b Half Marathon,Inverness Half Marathon,James McDiarmid,M,GBR,1:32:03.00,?,https://invernesshalfmarathon.co.uk/results/1/2025/?epage=1&sort=Position&text-search=Mcdiarmid&filter=#more,,,5523,228
08/03/2025,2025,3b 5km,Edinburgh Parkrun,Scott Jenkins,M,GBR,0:18:13.00,0,https://www.strava.com/activities/13766449529,,,1093,334
02/03/2025,2025,3b Half Marathon,Middlesbrough Half Marathon,Chris Edwin,M,GBR,1:26:04.00,0,https://www.strava.com/activities/13766449529,,,5164,351
02/03/2025,2025,3b 23km,Cracow Mountain Running Grand Prix (5th and final stage),Kacper Suchora,M,POL,2:05:37.00,?,https://orientharper.pl/timego/?page=result&action=live&cid=155&did=3,,,7537,0
02/03/2025,2025,3b 11km,"La Ruta de la Iglesias 11k, Guatemala",Maxim Roy,M,CAN,1:43:06.00,?,https://strava.app.link/uzHYkWfhJVb,,,6186,0
02/03/2025,2025,3b Half Marathon,Middlesbrough Half Marathon,Scott Jenkins,M,GBR,1:26:04.00,1,https://www.strava.com/activities/13766448454,,,5164,351
01/03/2025,2025,3b 5km,Edinburgh Parkrun,Scott Jenkins,M,GBR,0:25:11.00,0,https://www.strava.com/activities/13756915645,,,1511,0
23/02/2025,2025,3b 10km,Nowa Huta w Czterech Smakach (Nowa Huta in Four Flavors),Kacper Suchora,M,POL,0:46:03.00,5,chrome-extension://efaidnbmnnnibpcajpcglclefindmkaj/https://utm.run/wp-content/uploads/2025/02/2025_nh4s_zima_10.pdf,,,2763,79
22/02/2025,2025,3b 5km,Edinburgh Parkrun,Scott Jenkins,M,GBR,0:26:21.00,0,https://www.strava.com/activities/13693357743,,,1581,0
16/02/2025,2025,3b Marathon,"Austin Marathon, Texas",John Handy Bosma,M,USA,6:48:52.00,?,https://www.mychiptime.com/searchevent.php?id=16292     https://www.finisherpix.com/en/photos/8745/6436,,,24532,0
16/02/2025,2025,3b Marathon,"Austin Marathon, Texas",Kalia Handy Bosma,F,USA,6:48:52.00,?,https://www.mychiptime.com/searchevent.php?id=16292      https://www.finisherpix.com/en/photos/8745/6437,,,24532,0
16/02/2025,2025,3b Half Marathon,Lokmat Pune Maha Marathon,Ketan Abhonkar,M,IND,2:12:12.00,4,https://myraceindia.com/individuals/Lokmat%20Pune%20Maha%20Marathon%202025/2025/Ketan%20Abhonkar%20-%20P25050,,,7932,0
16/02/2025,2025,3b Half Marathon,Alicante Half Marathon,Scott Jenkins,M,GBR,1:28:46.00,0,https://www.strava.com/activities/13640782249,,,5326,292
08/02/2025,2025,3b 5km,Edinburgh Parkrun,Scott Jenkins,M,GBR,0:20:46.00,0,https://www.strava.com/activities/13570924888,,,1246,104
02/02/2025,2025,3b 10km,Time Trial (Track),James McDiarmid,M,GBR,0:41:22.00,?,https://connect.garmin.com/modern/activity/18166907174,,,2482,235
02/02/2025,2025,3b 23km,Cracow Mountain Running Grand Prix (4th stage),Kacper Suchora,M,POL,2:08:12.00,?,https://mktime.pl/live_1/,,,7692,0
02/02/2025,2025,3b 10km,Time Trial (Track),Scott Jenkins,M,GBR,0:38:34.98,0,https://www.strava.com/activities/13517740366,,,2314,369
01/02/2025,2025,3b 5km,Edinburgh Parkrun,Scott Jenkins,M,GBR,0:21:48.00,0,https://www.strava.com/activities/13507568344,,,1308,48
19/01/2025,2025,3b Marathon,Mumbai Marathon,Ketan Abhonkar,M,IND,4:59:43.00,6,https://www.sportstimingsolutions.in/share.php?event_id=84296&bib=9454,,,17983,0
19/01/2025,2025,3b 10km,"Nigel Barge 10km, Glasgow",Scott Jenkins,M,GBR,0:39:08.00,2,https://www.strava.com/activities/13517740366 https://my.raceresult.com/323949/#0_2F3B1C,,,2348,339
18/01/2025,2025,3b 5km,Mlynowka Krolewska Parkrun,Kacper Suchora,M,POL,0:23:51.00,1,https://www.parkrun.pl/mlynowkakrolewska/results/67/,,,1431,0
18/01/2025,2025,3b 5km,Springburn Parkrun,Scott Jenkins,M,GBR,0:24:42.00,0,https://www.parkrun.org.uk/springburn/results/468/,,,1482,0
11/01/2025,2025,3b 5km,Mlynowka Krolewska Parkrun,Kacper Suchora,M,POL,0:23:15.00,?,https://www.parkrun.pl/mlynowkakrolewska/results/66/,,,1395,5
11/01/2025,2025,3b 5km,Meadowmill Parkrun,Scott Jenkins,M,GBR,0:20:14.00,1,https://www.parkrun.org.uk/meadowmill/results/211/,,,1214,141
05/01/2025,2025,3b 23km,Cracow Mountain Running Grand Prix (Grand Prix Krakowa w Biegach Gorskich) stage 3,Kacper Suchora,M,POL,2:28:17.00,?,https://orientharper.pl/timego/?page=result&action=live&cid=146&did=3,,,8897,0
05/01/2025,2025,3b Marathon,"Pune Marathon, India",Ketan Abhonkar,M,IND,5:21:45.00,6,https://www.sportstimingsolutions.in/share.php?event_id=84363&bib=129,,,19305,0
04/01/2025,2025,4b 5km,Meadowmill Parkrun,Scott Jenkins,M,GBR,0:34:33.00,34,https://www.parkrun.org.uk/meadowmill/results/210/,,,2073,0
01/01/2025,2025,3b 5km,Ogrod Saski Parkrun,Kacper Suchora,M,POL,0:21:26.00,1,https://www.parkrun.pl/ogrodsaski/results/215/,,,1286,65
01/01/2025,2025,3b 5km,Auldcathie District Parkrun,Scott Jenkins,M,GBR,0:23:22.00,0,https://www.parkrun.org.uk/auldcathiedistrict/results/103/,,,1402,4
28/12/2024,2024,3b 9km,Dziki Bieg (Wild Race),Kacper Suchora,M,POL,0:38:05.00,?,https://www.facebook.com/photo/?fbid=10160813404378061&set=gm.438771715835298&idorvanity=409844085394728,,,2285,0
28/12/2024,2024,3b 5km,Burnham and Highbridge Parkrun,Scott Jenkins,M,GBR,0:26:53.00,0,https://www.parkrun.org.uk/burnhamandhighbridge/results/420/,,,1613,0
26/12/2024,2024,3b 5km,Ogrod Saski Parkrun,Kacper Suchora,M,POL,0:21:20.00,0,https://www.parkrun.pl/ogrodsaski/results/213/,,,1280,71
25/12/2024,2024,3b 5km,Street Parkrun,Scott Jenkins,M,GBR,0:22:57.00,2,https://www.parkrun.org.uk/street/results/268/,,,1377,11
21/12/2024,2024,3b 5km,Seaford Beach Parkrun,Scott Jenkins,M,GBR,0:21:36.00,1,https://www.parkrun.org.uk/seafordbeach/results/217/,,,1296,57
17/12/2024,2024,3b 400m,Time Trial,Scott Jenkins,M,GBR,0:01:06.40,0,https://www.strava.com/activities/13159372547,,,66,172
15/12/2024,2024,3b 7.5km,"XI. Polythlon InfoPark Ultramaraton PIPU '24, Budapest",Attila Suszter,M,HUN,0:40:23.00,0,"https://www.strava.com/activities/13118961959
https://www.instagram.com/p/DDt7bTnsaHs/",,,2423,0
15/12/2024,2024,3b 25km,Tata Steel World 25K Kolkata,Ketan Abhonkar,M,IND,2:21:36.00,6,"https://www.sportstimingsolutions.in/share.php?event_id=84034&bib=4436
https://townpost.in/2024/12/12/pune-athlete-ketan-abhonkar-to-showcase-joggling-at-tata-steel-world-25k-kolkata/

",,,8496,0
15/12/2024,2024,3b 25km,Tata Steel World 25K Kolkata 2024,Ketan Abhonkar,M,IND,2:21:36.00,3,https://sportstimingsolutions.in/results?q=eyJlX25hbWUiOiJUYXRhIFN0ZWVsIFdvcmxkIDI1SyBLb2xrYXRhIDIwMjQiLCJlX2lkIjo4NDAzNCwiYmliTm8iOiI0NDM2In0%3D,,,8496,0
08/12/2024,2024,3b 5km,"Penny Santa Run, Budapest ",Attila Suszter,M,HUN,0:30:43.00,0,"https://www.instagram.com/p/DDgja3fsVKk/
https://www.strava.com/activities/13072721737
https://bsieredmenylista.hu/penny-mikulasfutas-2024/penny-mikulasfutas-5km/",,,1843,0
07/12/2024,2024,3b 5km,Mlynowka Krolewska Parkrun,Kacper Suchora,M,POL,0:21:32.00,?,https://www.parkrun.pl/mlynowkakrolewska/results/61/,,,1292,60
01/12/2024,2024,3b 23km,Cracow Mountain Running Grand Prix (2nd stage),Kacper Suchora,M,POL,2:08:19.00,?,https://orientharper.pl/timego/?page=result&action=live&cid=144&did=3,,,7699,0
01/12/2024,2024,3b 12km,"JSRC Navesink Challenge, New Jersey",Karly Swaim,F,USA,1:16:48.00,0,https://runsignup.com/Race/Results/38943/IndividualResult/HNTf?resultSetId=515182#U21578490,,,4608,0
01/12/2024,2024,3b Half Marathon,Pune International Marathon,Ketan Abhonkar,M,IND,1:55:31.00,4,https://racetecresults.com/myresults.aspx?CId=19898&RId=3266&EId=3&AId=510100,,,6931,0
30/11/2024,2024,3b 5km,Oriam Parkrun,Scott Jenkins,M,GBR,0:23:53.00,0,https://www.parkrun.org.uk/oriam/results/174/,,,1433,0
30/11/2024,2024,3b Ultra (48.84km),"De Warmste Loop, Belgium",Toon Witters,M,BEL,4:33:28.00,?,https://my.raceresult.com/306465/      https://strava.app.link/YiCSLmagJVb,,,16408,0
29/11/2024,2024,3b 5 Miles,"Born to Run 5 Mile Race, New Jersey",Karly Swaim,F,USA,0:46:03.00,1,https://runsignup.com/Race/Results/35783/IndividualResult/ztqx?resultSetId=514703#U21578490,,,2763,0
23/11/2024,2024,3b Half Marathon,BU Turkey Trot,Brady Xue,M,USA,1:56:33.00,6,https://www.strava.com/activities/12966514397,,,6993,0
23/11/2024,2024,3b 10km,Nowa Huta w Czterech Smakach (Nowa Huta in Four Flavors),Kacper Suchora,M,POL,0:45:39.00,?,chrome-extension://efaidnbmnnnibpcajpcglclefindmkaj/https://utm.run/wp-content/uploads/2024/11/2024_nh4s_jesien_10.pdf,,,2739,89
17/11/2024,2024,3b Half Marathon,"St. Pete Half Marathon, Florida",Barak Hirschowitz,M,USA,1:56:52.00,?,"https://photos.raceroster.com/en-US/galleries/cm3jk5yg501s912oeg9ox4njh/search/Barak/photos/cm3mhuwud017d0fk7bjuoc5f9?tags=Barak      
https://my.raceresult.com/308470/results#3_021567",,,7012,0
17/11/2024,2024,3b Half Marathon,Watchtree Half Marathon,Chris Edwin,M,GBR,2:07:58.00,3,https://www.strava.com/activities/12921474706/overview  https://docs.google.com/spreadsheets/d/1xG136D94wNXM98BcByv_nZc7rszIR8WUljIfApThARk/edit?fbclid=IwY2xjawGpmTJleHRuA2FlbQIxMQABHWp8OfxOUxsaM-ty_Qqemjc3TGKVDC3alC-gNi33uGxyg1BPMsIXyaKgSw_aem_G64t2d7Le1K2E2_3y2MXPA,,,7678,0
17/11/2024,2024,3b Half Marathon,Watchtree Half Marathon,Dominic Lodge,M,GBR,1:32:01.00,11,https://www.strava.com/activities/12920882173  https://docs.google.com/spreadsheets/d/1xG136D94wNXM98BcByv_nZc7rszIR8WUljIfApThARk/edit?fbclid=IwY2xjawGpmTJleHRuA2FlbQIxMQABHWp8OfxOUxsaM-ty_Qqemjc3TGKVDC3alC-gNi33uGxyg1BPMsIXyaKgSw_aem_G64t2d7Le1K2E2_3y2MXPA,,,5521,229
17/11/2024,2024,3b Half Marathon,Watchtree Half Marathon,James McDiarmid,M,GBR,1:29:12.00,2,https://docs.google.com/spreadsheets/d/1xG136D94wNXM98BcByv_nZc7rszIR8WUljIfApThARk/edit?fbclid=IwY2xjawGpmTJleHRuA2FlbQIxMQABHWp8OfxOUxsaM-ty_Qqemjc3TGKVDC3alC-gNi33uGxyg1BPMsIXyaKgSw_aem_G64t2d7Le1K2E2_3y2MXPA,,,5352,283
17/11/2024,2024,4b Half Marathon,Watchtree Half Marathon,Scott Jenkins,M,GBR,1:59:26.00,48,https://www.strava.com/activities/12921083882  https://docs.google.com/spreadsheets/d/1xG136D94wNXM98BcByv_nZc7rszIR8WUljIfApThARk/edit?fbclid=IwY2xjawGpmTJleHRuA2FlbQIxMQABHWp8OfxOUxsaM-ty_Qqemjc3TGKVDC3alC-gNi33uGxyg1BPMsIXyaKgSw_aem_G64t2d7Le1K2E2_3y2MXPA,,,7166,0
16/11/2024,2024,3b Marathon,"Richmond Marathon, Virginia",Rick Kwiatkowski,M,USA,4:51:11.00,?,"https://strava.app.link/OxzbW0WQGOb     
https://runsignup.com/Race/Results/53399/IndividualResult/gTsb?resultSetId=511604#U95768129",,,17471,0
15/11/2024,2024,3b 5km,"Bill Bruno Alumni Cross Country Run, New Jersey",Karly Swaim,F,USA,0:31:41.00,2,https://runsignup.com/Race/Results/67106/IndividualResult/BgJT?resultSetId=510695#U21578490,,,1901,31
09/11/2024,2024,3b 5km,Mlynowka Krolewska Parkrun,Kacper Suchora,M,POL,0:21:40.00,2,https://www.parkrun.pl/mlynowkakrolewska/results/57/,,,1300,54
03/11/2024,2024,3b Marathon,New York Marathon,Barak Hirschowitz,M,USA,4:29:32.00,?,https://results.nyrr.org/event/M2024/result/49329Â Â Â  https://www.marathonfoto.com/Proofs,,,16172,0
03/11/2024,2024,3b Marathon,New York City Marathon,Jack Hirschowitz,M,USA,5:00:07.00,?,,,,18007,0
03/11/2024,2024,3b 23km,Cracow Mountain Running Grand Prix (Grand Prix Krakowa w Biegach Gorskich) Stage 1,Kacper Suchora,M,POL,2:11:10.00,?,https://orientharper.pl/timego/?page=result&action=live&cid=142&did=3 (937m elevation!),,,7870,0
27/10/2024,2024,3b 10km,Bieg Twierdzy Krakow (Cracow Fortress Race),Kacper Suchora,M,POL,1:06:14.00,?,https://orientharper.pl/timego/?page=result&action=live&cid=141,,,3974,0
27/10/2024,2024,3b 4 Miles,"JSRC Deal Trick or Trot, New Jersey",Karly Swaim,F,USA,0:38:53.00,1,https://runsignup.com/Race/Results/21841/IndividualResult/BLNd?resultSetId=505595#U21578490,,,2333,0
26/10/2024,2024,3b 5km,"SoJo Halloween Fun Run, Utah",David Tate,M,USA,0:27:07.00,?,https://results.raceroster.com/v2/en-US/results/5v54w99s4avfjdrw/detail/sk49dupfpqrjmpyy       https://x.com/Wrightontimeut/status/1850288298155290649?t=ELjGRlAEA6Yn9CdcID2y5g&s=19,,,1627,0
20/10/2024,2024,3b Marathon,Toronto Waterfront Marathon,Jean-Marc Doiron,M,CAN,3:13:06.00,7,"https://www.instagram.com/p/DBZfbJGxxEf/

https://sportstats.one/results/142384",,,11586,307
20/10/2024,2024,3c 5km,"Union Beach, New Jersey",Karly Swaim,F,USA,0:37:21.00,15,https://runsignup.com/Race/Results/22604/IndividualResult/cQKZ?resultSetId=502852#U21578490,,,2241,0
20/10/2024,2024,3b Half Marathon,Vedanta Delhi Half Marathon 2024,Ketan Abhonkar,M,IND,2:13:11.00,4,https://www.sportstimingsolutions.in/share.php?event_id=83021&bib=10892,,,7991,0
20/10/2024,2024,3b Marathon,Abingdon Marathon,Scott Jenkins,M,GBR,3:34:26.00,0,"https://results.chronotrack.com/event/results/event/event-83087

https://www.strava.com/activities/12700244577",,,12866,142
19/10/2024,2024,3b 5km,Mlynowka Krolewska Parkrun,Kacper Suchora,M,POL,0:22:23.00,?,https://www.parkrun.pl/mlynowkakrolewska/results/54/,,,1343,26
19/10/2024,2024,3b Half Marathon,Haunted Hustle Half Marathon,Samuel Dean,M,USA,1:22:37.00,2,https://www.strava.com/activities/12694368106,,,4957,434
19/10/2024,2024,3b 5km,Abingdon Parkrun,Scott Jenkins,M,GBR,0:30:29.00,0,https://www.parkrun.org.uk/abingdon/results/573/,,,1829,0
17/10/2024,2024,3b 3.5 Miles,Local Race (Night Run),Martin Dalsgard,M,SWE,0:53:36.00,?,https://www.facebook.com/groups/372157942956062/permalink/2684719368366563/,,,3216,0
13/10/2024,2024,3b 5km,"Bad Hersfeld, Germany",Jonas Eberlein,M,DEU,0:36:40.00,3,https://www.davengo.com/event/result/bad-hersfelder-lollslauf-2024/detail/Vj9TrAOlht7LL6RMmcvmAbzzXCIlgPSmoOSyPZS0inc,,,2200,0
13/10/2024,2024,3b Marathon,Eindhoven Marathon,Rik Konings,M,NLD,4:31:35.00,?,"https://results.sporthive.com/events/7249382119669006336/races/491064/bib/5874

",,,16295,0
13/10/2024,2024,3b Half Marathon,Burnham on Sea Half Marathon,Scott Jenkins,M,GBR,1:32:10.00,2,"https://www.strava.com/activities/12643984253

https://www.burnham-on-sea.com/news/two-new-course-records-set-at-2024-burnham-on-sea-half-marathon-photos-full-results/

https://www.burnham-on-sea.com/wp-content/uploads/2024/10/BHM-Results-V1.1.pdf",,,5530,226
12/10/2024,2024,3b 5km,Southwick Country Parkrun,David Harrison,M,GBR,0:46:35.00,?,https://www.parkrun.org.uk/southwickcountrypark/news/category/run-reports/page/4/,,,2795,0
12/10/2024,2024,3b 5km,Burnham and Highbridge Parkrun,Scott Jenkins,M,GBR,0:25:47.00,0,https://www.parkrun.org.uk/burnhamandhighbridge/results/410/,,,1547,0
08/10/2024,2024,5b 5km,Time Trial,Stefan Nygard,M,SWE,0:26:30.00,8,"https://www.youtube.com/watch?v=wrNGUDOXDkE

https://runningmagazine.ca/the-scene/swedish-runner-breaks-5-ball-joggling-world-record",,,1590,0
06/10/2024,2024,3b 10km,"Legs for Literacy 10k, Moncton",Jean-Marc Doiron,M,CAN,0:36:50.00,0,"https://strava.app.link/FFc2zVbFzOb
https://www.instagram.com/reel/DA4AOVQxmNo/?igsh=aTloNnlpa2Q2em1x
https://results.raceroster.com/v2/en-CA/results/ectbajxgxrmkxvdg/detail/g4fvecyjeb73eng9",,,2210,466
06/10/2024,2024,3b 5km,Little Silver 5km,Karly Swaim,F,USA,0:29:22.00,0,https://www.instagram.com/p/DA7KttcMokngLkF8Dr-drbYJ345diiGc6CUuMs0/?img_index=1  https://my.raceresult.com/300074/results#1_07B109,,,1762,92
06/10/2024,2024,3b 5km,Red Tutu Trot,Samuel Dean,M,USA,0:17:44.40,0,https://www.strava.com/activities/12592511722,,,1064,392
06/10/2024,2024,3b Half Marathon,"Great Scottish Run, Glasgow",Scott Jenkins,M,GBR,1:29:44.00,0,"https://www.strava.com/activities/12588594690

https://www.greatrun.org/results/1261/?search=Jenkins",,,5384,273
05/10/2024,2024,3b 5km,Mlynowka Krolewska Parkrun,Kacper Suchora,M,POL,0:22:43.00,?,https://www.parkrun.pl/mlynowkakrolewska/results/52/,,,1363,16
05/10/2024,2024,3b 5km,Oriam Parkrun,Scott Jenkins,M,GBR,0:25:49.00,2,https://www.parkrun.org.uk/oriam/results/167/,,,1549,0
29/09/2024,2024,3b 5km,Brian Honan 5k Road Race,Brady Xue,M,USA,0:20:05.00,0,https://my.racewire.com/finishercertificate/export/9555807,,,1205,153
29/09/2024,2024,3b Marathon,Loch Ness Baxters Marathon,James McDiarmid,M,GBR,3:19:37.00,0,https://lochnessmarathon.com/results/1/2024/,,,11977,250
29/09/2024,2024,3b Marathon,Warsaw Marathon,Jarek Widomski,M,POL,4:49:46.00,?,https://www.youtube.com/watch?v=DArNS32ig44,,,17386,0
29/09/2024,2024,3b 10km,Run Wild 10km,Samuel Dean,M,USA,0:36:22.00,2,"https://www.strava.com/activities/12533116223
",,,2182,495
28/09/2024,2024,3b 5km,Mlynowka Krolewska Parkrun,Kacper Suchora,M,POL,0:23:45.00,?,https://www.parkrun.pl/mlynowkakrolewska/results/51/,,,1425,0
26/09/2024,2024,3b Ultra (115.2km),"Sugarbush Shenanigans Ultra, 24hour race",Michal Kapral,M,CAN,17:22:00.00,?,New distance record. https://dirtysolestrail.wixsite.com/dirty-soles-trail-ru/copy-of-2023-race-results  https://www.instagram.com/p/DAZAPUOvm9e/,,,62520,0
22/09/2024,2024,3b 10km,Edinburgh Men's 10km,James McDiarmid,M,GBR,0:39:45.00,?,https://www.mens10k.com/results?event=998&name=james&running_number=&rs=390&gender=&age_category=  https://www.instagram.com/p/DAOqLnPI5MM/,,,2385,309
22/09/2024,2024,3b 10km,Sinhagad,Ketan Abhonkar,M,IND,1:03:58.00,?,Pace making! https://alpharacingsolution.com/event/bibres/0ac20134-0478-47f2-917f-ac66740fe9d3/?bibno=1126  https://www.instagram.com/p/DAOoq9KzpN0/?img_index=2,,,3838,0
21/09/2024,2024,3c 5km,Cassiobury Parkrun,David Harrison,M,GBR,0:45:32.00,?,https://www.parkrun.org.uk/cassiobury/results/439/  https://www.parkrun.org.uk/cassiobury/news/2024/09/,,,2732,0
21/09/2024,2024,3b 5km,Dempsey Challenge,Karly Swaim,F,USA,0:28:08.00,0,https://www.instagram.com/p/DAMDATKSUyBbC1nM4SKWT7OixbMdg_0SXD7UE40/,,,1688,137
21/09/2024,2024,3b 5km,Babies and Beyond Diaper Dash,Samuel Dean,M,USA,0:17:52.00,0,https://www.strava.com/activities/12468382727,,,1072,376
21/09/2024,2024,3b 5km,Fort William Parkrun,Scott Jenkins,M,GBR,0:31:16.00,0,https://www.parkrun.org.uk/fortwilliam/results/227/,,,1876,0
14/09/2024,2024,3c 5km,Cassiobury Parkrun,David Harrison,M,GBR,0:46:52.00,?,https://www.facebook.com/watch/?v=2212682995778014,,,2812,0
14/09/2024,2024,3b Marathon,Revel Big Cottonwood Marathon,David Tate,M,USA,4:07:09.00,0,"Debut marathon, 0 drops! https://www.runrevel.com/bcm/results?pk=7905983",,,14829,11
14/09/2024,2024,3b 5km,Camperdown Parkrun,Scott Jenkins,M,GBR,0:20:48.00,0,https://www.parkrun.org.uk/camperdown/results/559/,,,1248,102
08/09/2024,2024,4b 100m,British Joggler Meet Up - Leeds,Chris Edwin,M,GBR,0:04:53.74,31,Manually Timed by Scott Jenkins,,,293,0
08/09/2024,2024,5b 400m,British Joggler Meet Up - Leeds,Dominic Lodge,M,GBR,0:03:19.40,6,Manually Timed by Chris Edwin,,,199,0
08/09/2024,2024,3b Half Marathon,Rimouski Half Marathon,Jean-Marc Doiron,M,CAN,1:17:49.00,3,https://sportstats.one/results/142048/1214  https://www.strava.com/activities/12358680496,,,4669,563
08/09/2024,2024,5b 100m,British Joggler Meet Up - Leeds,Scott Jenkins,M,GBR,0:00:24.29,1,Manually Timed by Chris Edwin,,,24,0
08/09/2024,2024,3b 200m,British Joggler Meet Up - Leeds,Scott Jenkins,M,GBR,0:00:31.81,0,Manually Timed by Chris Edwin,,,31,102
08/09/2024,2024,5b 200m,British Joggler Meet Up - Leeds,Scott Jenkins,M,GBR,0:00:54.88,1,Manually Timed by Chris Edwin,,,54,0
08/09/2024,2024,5b 400m,British Joggler Meet Up - Leeds,Scott Jenkins,M,GBR,0:01:59.99,4,Manually Timed by Chris Edwin,,,119,0
08/09/2024,2024,5b 400m,British Joggler Meet Up - Leeds,Scott Jenkins,M,GBR,0:02:01.83,3,Manually Timed by Chris Edwin,,,121,0
08/09/2024,2024,3b 800m,British Joggler Meet Up - Leeds,Scott Jenkins,M,GBR,0:02:29.89,0,Manually Timed by Chris Edwin,,,149,215
07/09/2024,2024,3b 5km,Mlynowka Krolewska Parkrun,Kacper Suchora,M,POL,0:23:07.00,?,https://www.parkrun.pl/mlynowkakrolewska/results/49/,,,1387,7
07/09/2024,2024,3b 5km,Armley Parkrun,Scott Jenkins,M,GBR,0:18:41.00,0,https://www.parkrun.org.uk/armley/results/252/  https://www.strava.com/activities/12346919109,,,1121,282
01/09/2024,2024,3b 5km,"Westfest Kolache 5k, Texas",Dillon Hutyra,M,USA,0:32:29.00,0,https://strava.app.link/0iasDm3DzOb       https://runsignup.com/Race/Results/33545/IndividualResult/BQHt?resultSetId=483825#U42910459,,,1949,0
01/09/2024,2024,3b Half Marathon,Satara Hill Half Marathon,Ketan Abhonkar,M,IND,2:18:06.00,5,https://timekeeper.co.in/web/result/resultview?bibno=44011&event=43,,,8286,0
01/09/2024,2024,3b Marathon,Hornsea Marathon,Tim Butler,M,GBR,4:47:32.00,?,100th Marathon! https://www.itsgrimupnorthrunning.co.uk/e/hip-hip-hooray-its-hornsea-11608/results/33920#anchor  https://www.joggling.co.uk/Marathon-List,,,17252,0
31/08/2024,2024,3b Marathon,Rockin Brews Marathon,Samuel Dean,M,USA,3:11:36.00,7,https://www.strava.com/activities/12292141500,,,11496,321
31/08/2024,2024,3b 5km,Oriam Parkrun,Scott Jenkins,M,GBR,0:33:21.00,2,https://www.parkrun.org.uk/oriam/results/165/  https://www.strava.com/activities/12287339340,,,2001,0
31/08/2024,2024,3b 5km,Woodley Parkrun,Stuart Humphries,M,GBR,0:23:41.00,0,https://www.parkrun.org.uk/woodley/results/542/,,,1421,1
31/08/2024,2024,3b 5km,Woodley parkrun,Stuart Humphries,M,GBR,0:23:41.00,0,https://www.parkrun.org.uk/woodley/results/542/,,,1421,1
29/08/2024,2024,3b Mile,Monmouth Mile,Karly Swaim,F,USA,0:08:10.00,2,https://www.instagram.com/p/C_b5s6tsVDG7L-oEnuw2cG6yM7pBGj_jmwYvQE0/,,,490,94
28/08/2024,2024,3c 7.5km,Blackpool Night Run Promenade Race,JL Coldham,M,GBR,0:50:46.00,?,"https://strava.app.link/bIc3VhYFzOb
https://www.sportstimingsolutions.co.uk/rcd.php?id=530&bib=3756",,,3046,0
25/08/2024,2024,3b 7km,Loch Ness 24 Hour Relay,Chris Edwin,M,GBR,0:36:36.00,?,https://www.sportident.co.uk/results/Zone/2024/LochNess24/,,,2196,0
25/08/2024,2024,3b 7km,Loch Ness 24 Hour Relay,Chris Edwin,M,GBR,0:39:53.00,?,https://www.sportident.co.uk/results/Zone/2024/LochNess24/,,,2393,0
25/08/2024,2024,3b 7km,Loch Ness 24 Hour Relay,Chris Edwin,M,GBR,0:40:59.00,?,https://www.sportident.co.uk/results/Zone/2024/LochNess24/,,,2459,0
25/08/2024,2024,3b 7km,Loch Ness 24 Hour Relay,Chris Edwin,M,GBR,0:41:42.00,?,https://www.sportident.co.uk/results/Zone/2024/LochNess24/,,,2502,0
25/08/2024,2024,3b 7km,Loch Ness 24 Hour Relay,Chris Edwin,M,GBR,0:41:51.00,?,https://www.sportident.co.uk/results/Zone/2024/LochNess24/,,,2511,0
25/08/2024,2024,3b 7km,Loch Ness 24 Hour Relay,Dominic Lodge,M,GBR,0:48:51.00,?,https://www.sportident.co.uk/results/Zone/2024/LochNess24/,,,2931,0
25/08/2024,2024,3b 7km,Loch Ness 24 Hour Relay,Dominic Lodge,M,GBR,1:02:50.00,?,https://www.sportident.co.uk/results/Zone/2024/LochNess24/,,,3770,0
25/08/2024,2024,3b 7km,Loch Ness 24 Hour Relay,Jake Lodge,M,GBR,0:36:03.00,?,https://www.sportident.co.uk/results/Zone/2024/LochNess24/,,,2163,0
25/08/2024,2024,3b 7km,Loch Ness 24 Hour Relay,Jake Lodge,M,GBR,0:38:02.00,?,https://www.sportident.co.uk/results/Zone/2024/LochNess24/,,,2282,0
25/08/2024,2024,3b 7km,Loch Ness 24 Hour Relay,John Jervis,M,GBR,0:38:19.00,?,https://www.sportident.co.uk/results/Zone/2024/LochNess24/,,,2299,0
25/08/2024,2024,3b 7km,Loch Ness 24 Hour Relay,John Jervis,M,GBR,0:39:16.00,?,https://www.sportident.co.uk/results/Zone/2024/LochNess24/,,,2356,0
25/08/2024,2024,3b 7km,Loch Ness 24 Hour Relay,Scott Jenkins,M,GBR,0:35:41.00,0,https://www.sportident.co.uk/results/Zone/2024/LochNess24/,,,2141,0
25/08/2024,2024,3b 7km,Loch Ness 24 Hour Relay,Scott Jenkins,M,GBR,0:48:59.00,4,https://www.sportident.co.uk/results/Zone/2024/LochNess24/,,,2939,0
25/08/2024,2024,3b 7km,Loch Ness 24 Hour Relay,Scott Jenkins,M,GBR,0:56:11.00,2,https://www.sportident.co.uk/results/Zone/2024/LochNess24/,,,3371,0
24/08/2024,2024,3b 7km,Loch Ness 24 Hour Relay,Chris Edwin,M,GBR,0:32:09.00,1,https://www.sportident.co.uk/results/Zone/2024/LochNess24/,,,1929,0
24/08/2024,2024,3b 7km,Loch Ness 24 Hour Relay,Chris Edwin,M,GBR,0:32:56.00,0,https://www.sportident.co.uk/results/Zone/2024/LochNess24/,,,1976,0
24/08/2024,2024,3b 7km,Loch Ness 24 Hour Relay,Chris Edwin,M,GBR,0:33:07.00,0,https://www.sportident.co.uk/results/Zone/2024/LochNess24/,,,1987,0
24/08/2024,2024,3b 7km,Loch Ness 24 Hour Relay,Chris Edwin,M,GBR,0:37:26.00,?,https://www.sportident.co.uk/results/Zone/2024/LochNess24/,,,2246,0
24/08/2024,2024,3b 7km,Loch Ness 24 Hour Relay,Chris Edwin,M,GBR,0:40:35.00,?,https://www.sportident.co.uk/results/Zone/2024/LochNess24/,,,2435,0
24/08/2024,2024,3b 7km,Loch Ness 24 Hour Relay,Dominic Lodge,M,GBR,0:33:57.00,9,https://www.sportident.co.uk/results/Zone/2024/LochNess24/,,,2037,0
24/08/2024,2024,3b 7km,Loch Ness 24 Hour Relay,Dominic Lodge,M,GBR,0:34:10.00,4,https://www.sportident.co.uk/results/Zone/2024/LochNess24/,,,2050,0
24/08/2024,2024,3b 7km,Loch Ness 24 Hour Relay,Dominic Lodge,M,GBR,0:35:05.00,3,https://www.sportident.co.uk/results/Zone/2024/LochNess24/,,,2105,0
24/08/2024,2024,3b 7km,Loch Ness 24 Hour Relay,Dominic Lodge,M,GBR,0:40:20.00,?,https://www.sportident.co.uk/results/Zone/2024/LochNess24/,,,2420,0
24/08/2024,2024,3b 7km,Loch Ness 24 Hour Relay,Jake Lodge,M,GBR,0:32:17.00,3,https://www.sportident.co.uk/results/Zone/2024/LochNess24/,,,1937,0
24/08/2024,2024,3b 7km,Loch Ness 24 Hour Relay,Jake Lodge,M,GBR,0:35:01.00,?,https://www.sportident.co.uk/results/Zone/2024/LochNess24/,,,2101,0
24/08/2024,2024,3b 7km,Loch Ness 24 Hour Relay,Jake Lodge,M,GBR,0:36:16.00,5,https://www.sportident.co.uk/results/Zone/2024/LochNess24/,,,2176,0
24/08/2024,2024,3b 7km,Loch Ness 24 Hour Relay,Jake Lodge,M,GBR,0:39:37.00,?,https://www.sportident.co.uk/results/Zone/2024/LochNess24/,,,2377,0
24/08/2024,2024,3b 7km,Loch Ness 24 Hour Relay,John Jervis,M,GBR,0:32:53.00,8,https://www.sportident.co.uk/results/Zone/2024/LochNess24/,,,1973,0
24/08/2024,2024,3b 7km,Loch Ness 24 Hour Relay,John Jervis,M,GBR,0:33:45.00,6,https://www.sportident.co.uk/results/Zone/2024/LochNess24/,,,2025,0
24/08/2024,2024,3b 7km,Loch Ness 24 Hour Relay,John Jervis,M,GBR,0:34:01.00,9,https://www.sportident.co.uk/results/Zone/2024/LochNess24/,,,2041,0
24/08/2024,2024,3b 7km,Loch Ness 24 Hour Relay,John Jervis,M,GBR,0:35:42.00,6,https://www.sportident.co.uk/results/Zone/2024/LochNess24/,,,2142,0
24/08/2024,2024,3b 7km,Loch Ness 24 Hour Relay,John Jervis,M,GBR,0:37:53.00,8,https://www.sportident.co.uk/results/Zone/2024/LochNess24/,,,2273,0
24/08/2024,2024,3b 7km,Loch Ness 24 Hour Relay,John Jervis,M,GBR,0:41:15.00,?,https://www.sportident.co.uk/results/Zone/2024/LochNess24/,,,2475,0
24/08/2024,2024,3b 5km,Mlynowka Krolewska Parkrun,Kacper Suchora,M,POL,0:23:20.00,?,https://www.parkrun.pl/mlynowkakrolewska/results/47/,,,1400,4
24/08/2024,2024,3b 5km,Good Neighbour 5km,Samuel Dean,M,USA,0:17:41.00,0,https://www.strava.com/activities/12230983636/overview,,,1061,399
24/08/2024,2024,3b 7km,Loch Ness 24 Hour Relay,Scott Jenkins,M,GBR,0:30:20.00,0,https://www.sportident.co.uk/results/Zone/2024/LochNess24/,,,1820,0
24/08/2024,2024,3b 7km,Loch Ness 24 Hour Relay,Scott Jenkins,M,GBR,0:30:24.00,2,https://www.sportident.co.uk/results/Zone/2024/LochNess24/,,,1824,0
24/08/2024,2024,3b 7km,Loch Ness 24 Hour Relay,Scott Jenkins,M,GBR,0:30:43.00,1,https://www.sportident.co.uk/results/Zone/2024/LochNess24/,,,1843,0
24/08/2024,2024,3b 7km,Loch Ness 24 Hour Relay,Scott Jenkins,M,GBR,0:31:24.00,0,https://www.sportident.co.uk/results/Zone/2024/LochNess24/,,,1884,0
24/08/2024,2024,3b 7km,Loch Ness 24 Hour Relay,Scott Jenkins,M,GBR,0:37:23.00,1,https://www.sportident.co.uk/results/Zone/2024/LochNess24/,,,2243,0
18/08/2024,2024,3b Half Marathon,Scottish Half Marathon,James McDiarmid,M,GBR,1:39:00.00,0,"https://www.scottishhalfmarathon.com/results?event=898&name=James&running_number=&rs=389&gender=&age_category=

https://www.instagram.com/p/C-z6j16IqBo/
",,,5940,118
17/08/2024,2024,3b 5km,Morecambe Prom Parkrun,Nick Burns,M,GBR,0:34:42.00,10,https://www.parkrun.org.uk/morecambeprom/results/204/,,,2082,0
10/08/2024,2024,3b 5km,Asbury Park Sheehan Classic 5km,Karly Swaim,F,USA,0:30:40.00,0,https://runsignup.com/Race/Results/9735/IndividualResult/HZMq?resultSetId=478490#U21578490,,,1840,54
04/08/2024,2024,3b Marathon,Bedford Autodrome Marathon,Tim Butler,M,GBR,3:53:37.00,?,Marathon #99: https://www.joggling.co.uk/Marathon-List,,,14017,47
03/08/2024,2024,3b 5km,Mlynowka Krolewska Parkrun,Kacper Suchora,M,POL,0:22:24.00,2,https://www.parkrun.pl/mlynowkakrolewska/results/latestresults/,,,1344,25
03/08/2024,2024,5b 5km,Edinburgh Parkrun,Scott Jenkins,M,GBR,0:41:27.00,50,https://www.parkrun.org.uk/edinburgh/results/682/,,,2487,0
27/07/2024,2024,3b 5km,Ogrod Saski Parkrun,Kacper Suchora,M,POL,0:22:20.00,2,https://www.parkrun.pl/ogrodsaski/results/192/,,,1340,27
27/07/2024,2024,4b 5km,Holyrood Parkrun,Scott Jenkins,M,GBR,0:31:28.00,6,https://www.parkrun.org.uk/holyrood/results/97/,,,1888,0
26/07/2024,2024,3b Mile,Time Trial,Andrew Rose Gregory,M,USA,0:08:23.00,?,https://x.com/arosegregory/status/1816673221904630124?t=0G-4ADm3Fxoa9tI6r-mhPQ&s=19,,,503,0
24/07/2024,2024,3b Half Marathon,"Deseret News Half Marathon, Utah",David Tate,M,USA,1:51:03.00,2,"https://www.brooksee.com/des/results?sort=&race=167301&date=&event=&gender=&division=&search=Tate&loc_169682=&page_169682=1&size_169682=25&loc_169683=&page_169683=1&size_169683=25&loc_169684=&page_169684=1&size_169684=25&loc_169685=&page_169685=1&size_169685=25&page_169688=1&size_169688=25

https://x.com/dren_braves/status/1816118654897111535?t=2yqL4RuYuZs6hg90pxTIKA&s=19",,,6663,12
21/07/2024,2024,3b 5km,"Parade 5000 Road Run, Indiana",Summer Cooper,F,USA,0:22:48.00,0,https://runsignup.com/Race/Results/21507/?resultSetId=473898#resultSetId-473898;perpage:100       https://x.com/TimYoder24/status/1815089986099986624?t=NH7L7hCXvvbrsSzivo68Yw&s=19,,,1368,432
20/07/2024,2024,3b Ultra (64.2 Miles),Manvers Dusk Till Dawn,Chris Edwin,M,GBR,12:00:00.00,?,https://www.strava.com/activities/11940381650,,,43200,0
20/07/2024,2024,3b 5km,Lister Park Parkrun,Jake Lodge,M,GBR,0:21:20.00,0,https://www.parkrun.org.uk/listerpark/results/652/,,,1280,71
20/07/2024,2024,3b 5km,Lister Park Parkrun,Ralph Kidner,M,GBR,0:34:00.00,4,https://www.parkrun.org.uk/listerpark/results/652/,,,2040,0
20/07/2024,2024,3b 10km,Makro 10km,Ricco Visser,M,ZAF,0:48:30.00,7,Results: https://runningcalendar.co.za/events/makro-10km-road-race/2024/results  Photos: https://www.facebook.com/photo/?fbid=1044895760972333&set=a.1044856174309625 ,,,2910,30
20/07/2024,2024,3b 5km,Lister Park Parkrun,Scott Jenkins,M,GBR,0:34:01.00,0,https://www.strava.com/activities/11935255004 https://www.parkrun.org.uk/listerpark/results/652/,,,2041,0
20/07/2024,2024,3b Ultra (32.1 Miles),Manvers Dusk Till Dawn,Scott Jenkins,M,GBR,12:00:00.00,3,https://www.strava.com/activities/11939599387,,,43200,0
20/07/2024,2024,3b Ultra (41.7 Miles),Manvers Dusk Till Dawn,Tim Butler,M,GBR,12:00:00.00,?,Marathon #98: https://www.strava.com/activities/11940408152,,,43200,0
18/07/2024,2024,3b 5km,I Ty Mozesz Biegac Wieczorem,Kacper Suchora,M,POL,0:21:56.00,1,https://itmbw.pl/itmbwieczorem-wyniki?id=604,,,1316,42
15/07/2024,2024,3b 5km,"IJA, Green Bay",Barak Hirschowitz,M,USA,0:24:57.00,?,IJA Database,,,1497,0
15/07/2024,2024,3b 5km,"IJA, Green Bay",Draco Tong,M,0,0:29:23.00,?,IJA Database,,,1763,0
15/07/2024,2024,3b 5km,"IJA, Green Bay",Eric Raivo,M,0,0:26:09.00,?,IJA Database,,,1569,0
15/07/2024,2024,3b 5km,"IJA, Green Bay",Jack Hirschowitz,M,USA,0:29:58.00,?,IJA Database,,,1798,0
15/07/2024,2024,3b 5km,"IJA, Green Bay",Katie Burgess,F,0,0:27:28.00,?,IJA Database,,,1648,165
15/07/2024,2024,3b 5km,"IJA, Green Bay",Meggie Mariah,F,0,0:25:56.00,?,IJA Database,,,1556,239
15/07/2024,2024,3b 5km,"IJA, Green Bay",Sterling Franklin,M,USA,0:20:04.00,?,IJA Database,,,1204,154
15/07/2024,2024,3b 5km,"IJA, Green Bay",Torrey Hamilton,M,0,0:24:54.00,?,IJA Database,,,1494,0
14/07/2024,2024,3b 5km,Time Trial,Jean-Marc Doiron,M,CAN,0:17:41.00,?,https://www.strava.com/activities/11887871076,,,1061,399
13/07/2024,2024,5b 5km,Troon Parkrun,Scott Jenkins,M,GBR,0:44:55.00,100,https://www.parkrun.org.uk/troon/results/278/,,,2695,0
13/07/2024,2024,3b 5km,Woodley Parkrun,Stuart Humphries,M,GBR,0:25:36.00,?,https://www.parkrun.org.uk/woodley/results/535/,,,1536,0
12/07/2024,2024,3b 10km,"SoJo Glow Run, Utah",David Tate,M,USA,0:48:18.00,?,"https://results.raceroster.com/v2/en-US/results/yxugjq5r2whcfb2x/results?subEvent=205190&page=1

https://x.com/dren_braves/status/1812121270382936405?t=Ebi1nkjCJN84V-ylG4HjHA&s=19",,,2898,33
11/07/2024,2024,3b 60m,"IJA, Green Bay",Aaron Heilig,M,0,0:00:15.57,?,IJA Database,,,15,0
11/07/2024,2024,4b 60m,"IJA, Green Bay",Aaron Heilig,M,0,0:00:29.77,?,IJA Database,,,29,0
11/07/2024,2024,3b 200m,"IJA, Green Bay",Aaron Heilig,M,0,0:00:49.87,?,IJA Database,,,49,0
11/07/2024,2024,5b 60m,"IJA, Green Bay",Aaron Heilig,M,0,0:01:03.78,?,IJA Database,,,63,0
11/07/2024,2024,3b 800m,"IJA, Green Bay",Aaron Heilig,M,0,0:04:09.67,?,IJA Database,,,249,0
11/07/2024,2024,5b 200m,"IJA, Green Bay",Aaron Heilig,M,0,0:04:51.27,?,IJA Database,,,291,0
11/07/2024,2024,3b 1500m,"IJA, Green Bay",Aaron Heilig,M,0,0:09:41.04,?,"IJA Database, Giduz 1500m",,,581,0
11/07/2024,2024,3b 100m,"IJA, Green Bay",Aaron Heilig,M,0,2:43:00.00,?,"IJA Database, Mclincha Drubbling 100",,,9780,0
11/07/2024,2024,3b 800m,"IJA, Green Bay",Barak Hirschowitz,M,USA,0:03:16.97,?,IJA Database,,,196,0
11/07/2024,2024,3b 1500m,"IJA, Green Bay",Barak Hirschowitz,M,USA,0:06:39.31,?,"IJA Database, Giduz 1500m",,,399,0
11/07/2024,2024,3b 60m,"IJA, Green Bay",Delaney Bayles,F,USA,0:00:12.45,?,IJA Database,,,12,0
11/07/2024,2024,5b 60m,"IJA, Green Bay",Delaney Bayles,F,USA,0:00:32.89,?,IJA Database,,,32,0
11/07/2024,2024,5b 200m,"IJA, Green Bay",Delaney Bayles,F,USA,0:01:53.49,?,IJA Database,,,113,0
11/07/2024,2024,3b 60m,"IJA, Green Bay",Draco Tong,M,0,0:00:09.97,?,IJA Database,,,9,0
11/07/2024,2024,4b 60m,"IJA, Green Bay",Draco Tong,M,0,0:00:20.06,?,IJA Database,,,20,0
11/07/2024,2024,3b 200m,"IJA, Green Bay",Draco Tong,M,0,0:00:35.02,?,IJA Database,,,35,1
11/07/2024,2024,5b 60m,"IJA, Green Bay",Draco Tong,M,0,0:01:02.50,?,IJA Database,,,62,0
11/07/2024,2024,3b 100m,"IJA, Green Bay",Draco Tong,M,0,0:01:16.17,?,"IJA Database, Mclincha Drubbling 100",,,76,0
11/07/2024,2024,3b 800m,"IJA, Green Bay",Draco Tong,M,0,0:03:24.93,?,IJA Database,,,204,0
11/07/2024,2024,5b 200m,"IJA, Green Bay",Draco Tong,M,0,0:04:03.42,?,IJA Database,,,243,0
11/07/2024,2024,3b 1500m,"IJA, Green Bay",Draco Tong,M,0,0:08:13.35,?,"IJA Database, Giduz 1500m",,,493,0
11/07/2024,2024,3b 60m,"IJA, Green Bay",Eric Raivo,M,0,0:00:11.77,?,IJA Database,,,11,0
11/07/2024,2024,4b 60m,"IJA, Green Bay",Eric Raivo,M,0,0:00:15.70,?,IJA Database,,,15,0
11/07/2024,2024,5b 60m,"IJA, Green Bay",Eric Raivo,M,0,0:00:33.16,?,IJA Database,,,33,0
11/07/2024,2024,3b 200m,"IJA, Green Bay",Eric Raivo,M,0,0:00:39.90,?,IJA Database,,,39,0
11/07/2024,2024,3b 100m,"IJA, Green Bay",Eric Raivo,M,0,0:00:45.87,?,"IJA Database, Mclincha Drubbling 100",,,45,0
11/07/2024,2024,5b 200m,"IJA, Green Bay",Eric Raivo,M,0,0:02:33.30,?,IJA Database,,,153,0
11/07/2024,2024,3b 800m,"IJA, Green Bay",Eric Raivo,M,0,0:03:12.00,?,IJA Database,,,192,0
11/07/2024,2024,3b 1500m,"IJA, Green Bay",Eric Raivo,M,0,0:06:01.20,?,"IJA Database, Giduz 1500m",,,361,23
11/07/2024,2024,3b 60m,"IJA, Green Bay",Heather Marriott,F,USA,0:00:13.21,?,IJA Database,,,13,0
11/07/2024,2024,3b 800m,"IJA, Green Bay",Heather Marriott,F,USA,0:04:03.33,?,IJA Database,,,243,3
11/07/2024,2024,3b 60m,"IJA, Green Bay",Jack Hirschowitz,M,USA,0:00:16.59,?,IJA Database,,,16,0
11/07/2024,2024,3b 200m,"IJA, Green Bay",Jack Hirschowitz,M,USA,0:00:58.33,?,IJA Database,,,58,0
11/07/2024,2024,3b 800m,"IJA, Green Bay",Jack Hirschowitz,M,USA,0:04:31.17,?,IJA Database,,,271,0
11/07/2024,2024,3b 1500m,"IJA, Green Bay",Jack Hirschowitz,M,USA,0:08:54.33,?,"IJA Database, Giduz 1500m",,,534,0
11/07/2024,2024,3b 60m,"IJA, Green Bay",Jacob Heimer,M,0,0:00:10.77,?,IJA Database,,,10,0
11/07/2024,2024,3b 200m,"IJA, Green Bay",Jacob Heimer,M,0,0:00:34.00,?,IJA Database,,,34,11
11/07/2024,2024,4b 60m,"IJA, Green Bay",Jacob Heimer,M,0,0:00:35.76,?,IJA Database,,,35,0
11/07/2024,2024,3b 800m,"IJA, Green Bay",Jacob Heimer,M,0,0:03:08.63,?,IJA Database,,,188,0
11/07/2024,2024,3b 1500m,"IJA, Green Bay",Jacob Heimer,M,0,0:06:39.57,?,"IJA Database, Giduz 1500m",,,399,0
11/07/2024,2024,3b 4x200m,"IJA, Green Bay","Jacob Heimer, Nathan Nard, Samuel Dean, Mark Fiore",M,0,0:02:07.32,?,IJA Database,,,127,86
11/07/2024,2024,3b 800m,"IJA, Green Bay",Jonathan Abbott,M,USA,0:02:24.97,?,IJA Database,,,144,285
11/07/2024,2024,3b 1500m,"IJA, Green Bay",Jonathan Abbott,M,USA,0:04:59.96,?,"IJA Database, Giduz 1500m",,,299,300
11/07/2024,2024,3b 4x200m,"IJA, Green Bay","Jonathan Abbott, Eric Raivo, Aaron Heilig, Zoe Prawda",Mixed,0,0:02:56.41,?,IJA Database,,,176,0
11/07/2024,2024,3b 60m,"IJA, Green Bay",Justin Sheldon,M,0,0:00:11.44,?,IJA Database,,,11,0
11/07/2024,2024,4b 60m,"IJA, Green Bay",Justin Sheldon,M,0,0:00:26.06,?,IJA Database,,,26,0
11/07/2024,2024,5b 60m,"IJA, Green Bay",Justin Sheldon,M,0,0:00:31.80,?,IJA Database,,,31,0
11/07/2024,2024,3b 200m,"IJA, Green Bay",Justin Sheldon,M,0,0:00:58.78,?,IJA Database,,,58,0
11/07/2024,2024,5b 200m,"IJA, Green Bay",Justin Sheldon,M,0,0:02:53.29,?,IJA Database,,,173,0
11/07/2024,2024,3b 800m,"IJA, Green Bay",Justin Sheldon,M,0,0:04:43.00,?,IJA Database,,,283,0
11/07/2024,2024,3b 60m,"IJA, Green Bay",Kanoa Lindiwe,M,USA,0:00:15.98,?,IJA Database,,,15,0
11/07/2024,2024,4b 60m,"IJA, Green Bay",Kanoa Lindiwe,M,USA,0:00:16.65,?,IJA Database,,,16,0
11/07/2024,2024,5b 60m,"IJA, Green Bay",Kanoa Lindiwe,M,USA,0:00:29.15,?,IJA Database,,,29,0
11/07/2024,2024,5b 200m,"IJA, Green Bay",Kanoa Lindiwe,M,USA,0:01:48.15,?,IJA Database,,,108,0
11/07/2024,2024,3b 800m,"IJA, Green Bay",Kanoa Lindiwe,M,USA,0:02:41.60,?,IJA Database,,,161,87
11/07/2024,2024,3b 60m,"IJA, Green Bay",Kaylin Meyers,F,USA,0:00:30.52,?,IJA Database,,,30,0
11/07/2024,2024,3b 60m,"IJA, Green Bay",Laura Shub,F,0,0:00:24.96,?,IJA Database,,,24,0
11/07/2024,2024,3b 60m,"IJA, Green Bay",Mark Fiore,M,USA,0:00:08.41,?,IJA Database,,,8,0
11/07/2024,2024,4b 60m,"IJA, Green Bay",Mark Fiore,M,USA,0:00:08.74,?,IJA Database,,,8,0
11/07/2024,2024,3b 200m,"IJA, Green Bay",Mark Fiore,M,USA,0:00:28.46,?,IJA Database,,,28,285
11/07/2024,2024,5b 60m,"IJA, Green Bay",Mark Fiore,M,USA,0:00:35.87,?,IJA Database,,,35,0
11/07/2024,2024,5b 200m,"IJA, Green Bay",Mark Fiore,M,USA,0:01:24.63,?,IJA Database,,,84,0
11/07/2024,2024,3b 1500m,"IJA, Green Bay",Mark Fiore,M,USA,0:06:01.68,?,"IJA Database, Giduz 1500m",,,361,23
11/07/2024,2024,3b 60m,"IJA, Green Bay",Mike Hout,M,USA,0:00:15.20,?,IJA Database,,,15,0
11/07/2024,2024,3b 1500m,"IJA, Green Bay",Mike Hout,M,USA,0:59:59.99,?,"IJA Database, Giduz 1500m",,,3599,0
11/07/2024,2024,3b 200m,"IJA, Green Bay",Mikey Free,M,0,0:00:53.36,?,IJA Database,,,53,0
11/07/2024,2024,3b 800m,"IJA, Green Bay",Mikey Free,M,0,0:03:39.61,?,IJA Database,,,219,0
11/07/2024,2024,3b 1500m,"IJA, Green Bay",Mikey Free,M,0,0:06:54.04,?,"IJA Database, Giduz 1500m",,,414,0
11/07/2024,2024,3b 4x200m,"IJA, Green Bay","Mikey Free, Barak Hirschowitz, Jack Hirschowitz, Sterling Franklin",M,0,0:03:02.73,?,IJA Database,,,182,0
11/07/2024,2024,3b 800m,"IJA, Green Bay",Nathan Nard,M,0,0:02:35.14,?,IJA Database,,,155,144
11/07/2024,2024,3b 1500m,"IJA, Green Bay",Nathan Nard,M,0,0:05:31.50,?,"IJA Database, Giduz 1500m",,,331,118
11/07/2024,2024,3b 60m,"IJA, Green Bay",Samuel Dean,M,USA,0:00:15.32,?,IJA Database,,,15,0
11/07/2024,2024,3b 200m,"IJA, Green Bay",Samuel Dean,M,USA,0:00:29.39,?,IJA Database,,,29,214
11/07/2024,2024,3b 800m,"IJA, Green Bay",Samuel Dean,M,USA,0:02:19.20,?,IJA Database,,,139,366
11/07/2024,2024,3b 1500m,"IJA, Green Bay",Samuel Dean,M,USA,0:04:40.23,?,"IJA Database, Giduz 1500m",,,280,448
11/07/2024,2024,3b 60m,"IJA, Green Bay",Sterling Franklin,M,USA,0:00:08.78,?,IJA Database,,,8,0
11/07/2024,2024,4b 60m,"IJA, Green Bay",Sterling Franklin,M,USA,0:00:14.49,?,IJA Database,,,14,0
11/07/2024,2024,3b 200m,"IJA, Green Bay",Sterling Franklin,M,USA,0:00:30.38,?,IJA Database,,,30,153
11/07/2024,2024,5b 60m,"IJA, Green Bay",Sterling Franklin,M,USA,0:00:35.71,?,IJA Database,,,35,0
11/07/2024,2024,3b 100m,"IJA, Green Bay",Sterling Franklin,M,USA,0:01:50.90,?,"IJA Database, Mclincha Drubbling 100",,,110,0
11/07/2024,2024,5b 200m,"IJA, Green Bay",Sterling Franklin,M,USA,0:02:03.30,?,IJA Database,,,123,0
11/07/2024,2024,3b 800m,"IJA, Green Bay",Sterling Franklin,M,USA,0:02:37.45,?,IJA Database,,,157,123
11/07/2024,2024,3b 1500m,"IJA, Green Bay",Sterling Franklin,M,USA,0:05:38.95,?,"IJA Database, Giduz 1500m",,,338,89
11/07/2024,2024,3b 800m,"IJA, Green Bay",Torrey Hamilton,M,0,0:03:12.73,?,IJA Database,,,192,0
11/07/2024,2024,3b 60m,"IJA, Green Bay",Zoe Prawda,F,USA,0:00:18.15,?,IJA Database,,,18,0
11/07/2024,2024,4b 60m,"IJA, Green Bay",Zoe Prawda,F,USA,0:00:32.48,?,IJA Database,,,32,0
11/07/2024,2024,3b 200m,"IJA, Green Bay",Zoe Prawda,F,USA,0:00:50.59,?,IJA Database,,,50,0
11/07/2024,2024,3b 100m,"IJA, Green Bay",Zoe Prawda,F,USA,0:02:25.29,?,"IJA Database, Mclincha Drubbling 100",,,145,0
11/07/2024,2024,5b 60m,"IJA, Green Bay",Zoe Prawda,F,USA,0:02:52.83,?,IJA Database,,,172,0
11/07/2024,2024,3b 800m,"IJA, Green Bay",Zoe Prawda,F,USA,0:04:48.03,?,IJA Database,,,288,0
11/07/2024,2024,3b 1500m,"IJA, Green Bay",Zoe Prawda,F,USA,0:11:02.61,?,"IJA Database, Giduz 1500m",,,662,0
06/07/2024,2024,4b 5km,Holyrood Parkrun,Scott Jenkins,M,GBR,0:33:28.00,7,https://www.parkrun.org.uk/holyrood/results/94/,,,2008,0
29/06/2024,2024,3b 5km,"Olympic Day 5k, Micronesia",Dana Lee Ling,M,FSM,0:34:56.00,2,https://strava.app.link/xCOoiGAPLLb,,,2096,0
29/06/2024,2024,5b 5km,Lancing Beach Green Parkrun,Scott Jenkins,M,GBR,0:51:05.00,100,https://www.parkrun.org.uk/lancingbeachgreen/results/209/,,,3065,0
27/06/2024,2024,3b 5km,"St. Peter's Fiesta 5k Road Race, Gloucester MA",Richard Ross,M,USA,0:21:11.00,?,"https://results.raceroster.com/v2/en-US/results/2ndsm4heza7fpp96/detail/ghjtbysgwdzz6k3h
    https://www.instagram.com/p/C820yD9vLIH/?igsh=cXVnajd6ejRlcGE=",,,1271,79
22/06/2024,2024,4b 5km,Holyrood Parkrun,Scott Jenkins,M,GBR,0:35:05.00,15,https://www.parkrun.org.uk/holyrood/results/92/,,,2105,0
15/06/2024,2024,3b 5km,Lanark Moor Parkrun,Scott Jenkins,M,GBR,0:21:36.00,0,https://www.parkrun.org.uk/lanarkmoor/results/214/,,,1296,57
14/06/2024,2024,3b 100m,Time Trial,Jean-Marc Doiron,M,CAN,0:00:15.29,0,https://www.instagram.com/reel/C8NTtX8uWZ2/?igsh=ZGUzMzM3NWJiOQ%3D%3D,,,15,98
13/06/2024,2024,3b 10km,I Ty Mozesz Biegac Wieczorem,Kacper Suchora,M,POL,0:46:02.00,3,https://itmbw.pl/itmbwieczorem-wyniki/,,,2762,79
12/06/2024,2024,3b Mile,"Harrisburg Mile Time Trial, Pennsylvania",Tim Ebersole,M,USA,0:06:07.00,?,https://strava.app.link/gAaPIIDQLLb,,,367,80
12/06/2024,2024,3b Mile,Harrisburg Mile,Tim Ebersole,M,USA,0:06:08.00,?,https://www.strava.com/activities/11638445130,,,368,77
09/06/2024,2024,3b 10km,Ilkley 10km,Chris Edwin,M,GBR,0:38:06.00,0,https://www.strava.com/activities/11610045382,,,2286,394
09/06/2024,2024,3b 10km,Vrukshathon 2024,Ketan Abhonkar,M,IND,1:04:46.00,5,https://alpharacingsolution.com/event/bibres/511e002f-fd82-494c-8335-69818d8834f5/?bibno=1542,,,3886,0
08/06/2024,2024,3b 10km,"Chaleur 10km, Beresford, New Brunswick",Jean-Marc Doiron,M,CAN,0:37:45.00,?,https://results.raceroster.com/v2/en-US/results/c2fsjcbar2gm22u4/detail/jq6esmxk6peqs9hm,,,2265,413
08/06/2024,2024,3b 2 Miles,Walleye Weekend 2 Mile Race,Samuel Dean,M,USA,0:11:04.20,0,https://www.strava.com/activities/11604611750,,,664,407
08/06/2024,2024,3b 5 Miles,Walleye Weekend 5 Mile Race,Samuel Dean,M,USA,0:29:45.90,1,https://www.strava.com/activities/11604610913,,,1785,0
08/06/2024,2024,4b 5km,Worcester Pitchcroft Parkrun,Scott Jenkins,M,GBR,0:38:41.00,31,https://www.parkrun.org.uk/worcesterpitchcroft/results/260/,,,2321,0
08/06/2024,2024,3b Marathon,Divorce Day Marathon,Tim Butler,M,GBR,4:56:22.00,?,Marathon #97: https://www.joggling.co.uk/Marathon-List,,,17782,0
02/06/2024,2024,3b 5km,Race for Agrace 5km,Samuel Dean,M,USA,0:17:58.00,0,https://www.strava.com/activities/11556827273,,,1078,364
01/06/2024,2024,3b 5km,"SoJo Summerfest 5k, Utah",David Tate,M,USA,0:23:13.00,?,"https://results.raceroster.com/v2/en-US/results/fav9fzqqraxrtc5n/detail/46q6dqqxcybafs5v
   https://x.com/dren_braves/status/1796917930078449700?t=lcn6W164pnNmSYz2JpRpVQ&s=19",,,1393,6
01/06/2024,2024,3b 5km,Mlynowka Krolewska Parkrun,Kacper Suchora,M,POL,0:23:26.00,1,https://www.parkrun.pl/mlynowkakrolewska/results/36/,,,1406,3
01/06/2024,2024,3b 5km,Vogrie Parkrun,Scott Jenkins,M,GBR,0:25:11.00,0,https://www.parkrun.org.uk/vogrie/results/279/,,,1511,0
26/05/2024,2024,3b Marathon,Edinburgh Marathon,Chris Edwin,M,GBR,3:14:25.00,2,https://www.strava.com/activities/11501501012,,,11665,295
26/05/2024,2024,3b Marathon,Edinburgh Marathon,James McDiarmid,M,GBR,3:27:30.00,5,https://www.instagram.com/p/C7ce9jMIy37/,,,12450,189
26/05/2024,2024,3b Marathon,Ottawa Marathon,Michal Kapral,M,CAN,3:08:26.00,2,https://www.instagram.com/p/C7emxQTxVVN/,,,11306,352
26/05/2024,2024,3b Half Marathon,Run Madtown Half Marathon,Samuel Dean,M,USA,1:31:31.00,3,https://www.strava.com/activities/11503046086  https://results.raceroster.com/v2/en-US/results/pft2hpqqzamghxwy/results?subEvent=199748&page=1,,,5491,238
26/05/2024,2024,3b Marathon,Edinburgh Marathon,Scott Jenkins,M,GBR,3:41:58.00,1,https://www.strava.com/activities/11501787895,,,13318,99
25/05/2024,2024,3b 5km,Twilight 5km,Samuel Dean,M,USA,0:18:31.00,0,https://www.strava.com/activities/11497983220 https://results.itsracetime.com/results.aspx?CId=17095&RId=4417&EId=2,,,1111,300
25/05/2024,2024,3b 10km,Bratfest 10km,Samuel Dean,M,USA,0:38:01.90,1,https://www.strava.com/activities/11494825025  https://results.itsracetime.com/results.aspx?CId=17095&RId=4417&EId=2,,,2281,399
25/05/2024,2024,3b 5km,Meadowmill Parkrun,Scott Jenkins,M,GBR,0:27:57.00,0,https://www.parkrun.org.uk/meadowmill/results/183,,,1677,0
20/05/2024,2024,3b 800m,Time Trial,Tristan Heinicke,M,USA,0:02:15.50,1,https://www.strava.com/activities/11460278327,,,135,437
19/05/2024,2024,3c 2 Miles,"Super Hero Sprint, New Jersey, USA",Brenn Swanson,F,USA,0:32:38.00,?,https://runsignup.com/Race/Photos/Location/SuperheroSprint/NJ/WallTwp/superherosprint,,,1958,0
19/05/2024,2024,3b 2 Miles,"Super Hero Sprint, New Jersey, USA",Christian Gonzales,M,USA,0:25:19.00,?,https://runsignup.com/Race/Photos/Location/SuperheroSprint/NJ/WallTwp/superherosprint,,,1519,0
19/05/2024,2024,3b 2 Miles,"Super Hero Sprint, New Jersey, USA",Daniel Glus,M,USA,0:17:38.00,?,https://runsignup.com/Race/Photos/158434/290940/426,,,1058,0
19/05/2024,2024,3b 2 Miles,"Super Hero Sprint, New Jersey, USA",Donnell Griffith,M,USA,0:35:54.00,?,https://runsignup.com/Race/Photos/158434/290940/321,,,2154,0
19/05/2024,2024,3b 2 Miles,"Super Hero Sprint, New Jersey, USA",Elliot Kaplan,M,USA,0:33:02.00,?,https://runsignup.com/Race/Photos/Location/SuperheroSprint/NJ/WallTwp/superherosprint,,,1982,0
19/05/2024,2024,3b 2 Miles,"Super Hero Sprint, New Jersey, USA",Guy Robinson,M,USA,0:21:28.00,?,https://runsignup.com/Race/Photos/158434/290940/427,,,1288,0
19/05/2024,2024,3b 50km,Time Trial,Jason Bigonia,M,USA,4:33:24.00,?,https://lcnme.com/sports/sbs-teacher-sets-50-km-joggling-world-record-falls-short-on-50-mile/,,,16404,0
19/05/2024,2024,3b 2 Miles,"Super Hero Sprint, New Jersey, USA",Jeffery Mitchell,M,USA,0:25:37.00,?,https://runsignup.com/Race/Photos/158434/290940/325,,,1537,0
19/05/2024,2024,3b 2 Miles,"Super Hero Sprint, New Jersey, USA",Joey Silknitter,M,USA,0:19:17.00,?,https://runsignup.com/Race/Photos/Location/SuperheroSprint/NJ/WallTwp/superherosprint,,,1157,0
19/05/2024,2024,3c 2 Miles,"Super Hero Sprint, New Jersey, USA",Karly Swaim,F,USA,0:26:24.00,?,https://runsignup.com/Race/Photos/158434/290940/331,,,1584,0
19/05/2024,2024,3b 2 Miles,"Super Hero Sprint, New Jersey, USA",Marcus Pullman,M,USA,0:22:53.00,?,https://runsignup.com/Race/Photos/158434/290940/327,,,1373,0
19/05/2024,2024,3b 2 Miles,"Super Hero Sprint, New Jersey, USA",Nanci Newton,F,USA,0:30:01.00,?,https://runsignup.com/Race/Photos/158434/290940/324,,,1801,0
19/05/2024,2024,3b Half Marathon,Cellcom Green Bay Half Marathon,Samuel Dean,M,USA,1:26:07.00,1,"https://runsignup.com/Race/Results/132944/?resultSetId=382322#resultSetId-457438;perpage:100  https://www.strava.com/activities/11448641958
",,,5167,350
19/05/2024,2024,3b 2 Miles,"Super Hero Sprint, New Jersey, USA",Trevor Stenson,M,USA,0:19:20.00,?,https://runsignup.com/Race/Photos/158434/290940/329,,,1160,0
19/05/2024,2024,3b 2 Miles,"Super Hero Sprint, New Jersey, USA",Zoe Prawda,F,USA,0:25:02.00,?,https://runsignup.com/Race/Photos/Location/SuperheroSprint/NJ/WallTwp/superherosprint,,,1502,0
18/05/2024,2024,3b 5km,Palacerigg Country Parkrun,James McDiarmid,M,GBR,0:20:07.00,1,https://www.parkrun.org.uk/palaceriggcountry/results/84/,,,1207,150
18/05/2024,2024,3b 5km,Mlynowka Krolewska Parkrun,Kacper Suchora,M,POL,0:23:21.00,1,https://www.parkrun.pl/mlynowkakrolewska/results/34/,,,1401,4
18/05/2024,2024,3c 5km,"Spring into Summer 5k, New Jersey",Karly Swaim,F,USA,0:34:09.00,9,https://runsignup.com/Race/Results/21231/IndividualResult/gJXz?resultSetId=458231#U21578490,,,2049,2
18/05/2024,2024,3b 5km,Palacerigg Country Parkrun,Scott Jenkins,M,GBR,0:20:22.00,0,https://www.parkrun.org.uk/palaceriggcountry/results/84/,,,1222,132
12/05/2024,2024,3b Marathon,Fredericton Marathon,Jean-Marc Doiron,M,CAN,2:52:39.00,?,https://results.raceroster.com/v2/en-CA/results/mgba2wayykp2qux2/results  https://www.instagram.com/p/C64QdY6uqnH/,,,10359,524
11/05/2024,2024,3c 5km,"Monmouth Beach PTO Run-Walk-Wag, New Jersey",Karly Swaim,F,USA,0:35:16.00,9,https://my4.raceresult.com/289135/certificates/37/Finisher%20Certificate,,,2116,0
11/05/2024,2024,3b 5km,Haga Parkrun,Scott Jenkins,M,GBR,0:25:46.00,0,https://www.parkrun.se/haga/results/305,,,1546,0
09/05/2024,2024,3b 5km,Toyen Parkrun,Scott Jenkins,M,GBR,0:28:13.00,0,https://www.parkrun.no/toyen/results/225,,,1693,0
06/05/2024,2024,3b Marathon,Dandelions at Dawn,Tim Butler,M,GBR,5:32:03.00,?,Marathon #96: https://www.joggling.co.uk/Marathon-List,,,19923,0
05/05/2024,2024,3c Marathon,Loire Marathon,Johan Swartvagher,M,FRA,4:49:33.00,?,https://marathonview.net/result/74618499 https://jogging-international.net/actualites/il-va-courir-un-marathon-en-jonglant/ https://www.instagram.com/johanswartvagher/ First recorded club marathon!,,,17373,0
04/05/2024,2024,3b 10km,"Batesville 10k, Virginia",Rick Kwiatkowski,M,USA,0:54:00.00,?,"https://www.webscorer.com/racedetails?raceid=350871&did=449574&cid=2299517         
    https://strava.app.link/0q0TSq2OLLb     ",,,3240,0
04/05/2024,2024,3b 5km,Holyrood Parkrun,Scott Jenkins,M,GBR,0:28:40.00,0,https://www.parkrun.org.uk/holyrood/results/86,,,1720,0
01/05/2024,2024,3b 1500m," Pilot Butte Middle School Meet #1, Bend, Oregon",Calvin Staley,M,USA,0:05:31.00,3,"https://www.athletic.net/TrackAndField/meet/551146/results/m/3/1500m

https://youtu.be/WCAjO15PdWk?si=OthtgNMSdwFjdIQQ",,,331,118
01/05/2024,2024,3b 5km,"Sandy Hook Lighthouse 5k, New Jersey",Karly Swaim,F,USA,0:27:39.00,0,https://runsignup.com/Race/Results/32546/IndividualResult/HhNT?resultSetId=453827#U87313877,,,1659,157
27/04/2024,2024,3b 5km,Portobello parkrun,James McDiarmid,M,GBR,0:19:18.00,0,https://www.parkrun.org.uk/portobello/results/381/,,,1158,220
27/04/2024,2024,3b 5km,"Lake Como Spring Break 5k, New Jersey",Karly Swaim,F,USA,0:29:03.00,0,https://runsignup.com/Race/Results/29011/IndividualResult/HPKf?resultSetId=451983#U21578490,,,1743,102
27/04/2024,2024,3b 5km,Stratford Park Parkrun,Scott Jenkins,M,GBR,0:21:35.00,0,https://www.parkrun.org.uk/stratfordparkstroud/results/152,,,1295,58
22/04/2024,2024,3b 10km,Ukrops Monument Avenue 10k,Henry Roessner,M,USA,1:08:07.00,0,https://www.instagram.com/p/C6DB9rHg_CA/?img_index=3,,,4087,0
21/04/2024,2024,3b 100m,"British Joggler Meetup, Darlington",Chris Edwin,M,GBR,0:00:17.36,0,Manually recorded,,,17,0
21/04/2024,2024,3b Mile,"British Joggler Meetup, Darlington",Chris Edwin,M,GBR,0:05:45.00,0,Manually recorded,,,345,171
21/04/2024,2024,3b 4x100m,"British Joggler Meetup, Darlington","Chris Edwin, Scott Jenkins, Dominic Lodge, Jake Lodge",M,GBR,0:01:08.15,0,Manually recorded,,,68,2
21/04/2024,2024,3b 4x400m,"British Joggler Meetup, Darlington","Chris Edwin, Scott Jenkins, Dominic Lodge, Jake Lodge",M,GBR,0:05:14.81,1,Manually recorded,,,314,20
21/04/2024,2024,5b 100m,"British Joggler Meetup, Darlington",Dominic Lodge,M,GBR,0:00:26.39,0,Manually recorded,,,26,0
21/04/2024,2024,3b 100m,"British Joggler Meetup, Darlington",Jake Lodge,M,GBR,0:00:16.11,0,Manually recorded,,,16,24
21/04/2024,2024,3b Mile,"British Joggler Meetup, Darlington",Jake Lodge,M,GBR,0:05:59.00,0,Manually recorded,,,359,110
21/04/2024,2024,3b 5km,"YMCA Livestrong 5k Walk/Run, New Jersey",Karly Swaim,F,USA,0:28:31.00,0,https://www.bikesignup.com/Race/Results/77417/IndividualResult/gbFx?resultSetId=451108#U21578490,,,1711,122
21/04/2024,2024,3b Half Marathon,Btc Boga Kosusu Half Marathon,Levent Denizci,M,TUR,2:01:06.00,7,https://my.raceresult.com/286274/   https://www.instagram.com/p/C6F6OYRIUjs,,,7266,0
21/04/2024,2024,5b 100m,"British Joggler Meetup, Darlington",Scott Jenkins,M,GBR,0:00:18.37,0,Manually recorded,,,18,0
21/04/2024,2024,3c 100m,"British Joggler Meetup, Darlington",Scott Jenkins,M,GBR,0:00:23.13,0,Manually recorded,,,23,0
21/04/2024,2024,5b 200m,"British Joggler Meetup, Darlington",Scott Jenkins,M,GBR,0:01:08.00,1,First 200 of the 400 effort,,,68,0
21/04/2024,2024,6b 100m,"British Joggler Meetup, Darlington",Scott Jenkins,M,GBR,0:02:02.15,16,Manually recorded,,,122,0
21/04/2024,2024,5b 400m,"British Joggler Meetup, Darlington",Scott Jenkins,M,GBR,0:02:21.02,3,Manually recorded,,,141,0
21/04/2024,2024,3b Mile,"British Joggler Meetup, Darlington",Scott Jenkins,M,GBR,0:05:37.00,0,Manually recorded,,,337,213
21/04/2024,2024,4b Mile,"British Joggler Meetup, Darlington",Scott Jenkins,M,GBR,0:05:54.13,0,Manually recorded by Chris Edwin,,,354,130
21/04/2024,2024,3b Marathon,Tissington Trail Marathon,Tim Butler,M,GBR,4:28:03.00,?,Marathon #95: https://www.joggling.co.uk/Marathon-List,,,16083,0
20/04/2024,2024,3b 100m,"British Joggler Meetup, Darlington",Chris Edwin,M,GBR,0:00:17.80,0,Manually recorded,,,17,0
20/04/2024,2024,3b 400m,"British Joggler Meetup, Darlington",Chris Edwin,M,GBR,0:01:15.80,0,Manually recorded,,,75,16
20/04/2024,2024,3b 5km,"British Joggler Meetup, Darlington",Chris Edwin,M,GBR,0:18:24.00,0,https://www.strava.com/activities/11223208296,,,1104,313
20/04/2024,2024,3b 5km,Darlington Parkrun,Chris Edwin,M,GBR,0:32:58.00,0,https://www.parkrun.org.uk/darlingtonsouthpark/results/514/,,,1978,0
20/04/2024,2024,3b 10km,Ukro's Monument Avenue 10 k ,Jonathan Austin,M,USA,0:54:08.00,0,,,,3248,0
20/04/2024,2024,3c 2 Miles,"JSRC Asbury Park Tutu, New Jersey",Karly Swaim,F,USA,0:22:03.00,4,https://runsignup.com/Race/Photos/Location/TuTuRun2024Photos/NJ/AsburyPark/Tutu22,,,1323,0
20/04/2024,2024,3b 10km,"Monument Avenue 10k, Richmond VA",Rick Kwiatkowski,M,USA,0:52:50.00,?,https://runsignup.com/Race/Results/53948/IndividualResult/sYCb?resultSetId=463637#U88659713       https://strava.app.link/zn4AiePOLLb,,,3170,0
20/04/2024,2024,3b 100m,"British Joggler Meetup, Darlington",Scott Jenkins,M,GBR,0:00:15.64,0,Manually recorded,,,15,98
20/04/2024,2024,4b 100m,"British Joggler Meetup, Darlington",Scott Jenkins,M,GBR,0:00:16.42,0,Manually recorded by Chris Edwin,,,16,24
20/04/2024,2024,5b 100m,"British Joggler Meetup, Darlington",Scott Jenkins,M,GBR,0:00:18.84,0,Manually recorded by Chris Edwin,,,18,0
20/04/2024,2024,3b 400m,"British Joggler Meetup, Darlington",Scott Jenkins,M,GBR,0:01:08.97,0,Manually recorded,,,68,123
20/04/2024,2024,5b 200m,"British Joggler Meetup, Darlington",Scott Jenkins,M,GBR,0:01:19.49,6,Manually recorded by Chris Edwin,,,79,0
20/04/2024,2024,5b Mile,"British Joggler Meetup, Darlington",Scott Jenkins,M,GBR,0:13:27.00,22,Manually recorded by Chris Edwin,,,807,0
20/04/2024,2024,4b 5km,"British Joggler Meetup, Darlington",Scott Jenkins,M,GBR,0:22:44.00,15,Manually recorded by Chris Edwin,,,1364,16
20/04/2024,2024,3b 5km,Darlington Parkrun,Scott Jenkins,M,GBR,0:32:58.00,0,https://www.parkrun.org.uk/darlingtonsouthpark/results/514/,,,1978,0
15/04/2024,2024,3b Marathon,Boston Marathon,Andrew Miller,M,USA,5:08:17.00,?,https://www.baa.org/races/boston-marathon/results/search-results  https://www.facebook.com/reel/2073930479659957,,,18497,0
14/04/2024,2024,3b Marathon,Manchester Marathon,Chris Edwin,M,GBR,3:34:58.00,2,https://www.strava.com/activities/11179923233,,,12898,139
14/04/2024,2024,3c 5km,"60th Annual Captain Zinn Memorial 5k Races, New Jersey",Karly Swaim,F,USA,0:36:48.00,?,https://www.adventuresignup.com/Race/Results/45684/IndividualResult/HxCq?resultSetId=448866#U21578490,,,2208,0
14/04/2024,2024,3b 5km,Medlife 5km,Samuel Dean,M,USA,0:18:53.00,?,https://www.strava.com/activities/11181858418,,,1133,261
13/04/2024,2024,3b 5km,Mlynowka Krolewska Parkrun,Kacper Suchora,M,POL,0:23:58.00,4,https://www.parkrun.pl/mlynowkakrolewska/results/29/,,,1438,0
13/04/2024,2024,3b 5km,Mlynowka Krolewska Parkrun,Kacper Suchora,M,POL,0:23:58.00,4,https://www.parkrun.pl/mlynowkakrolewska/results/29/,,,1438,0
13/04/2024,2024,3b 2.5km,"Spring into the SAGE/WAGE 5K Run/Walk, New Jersey",Karly Swaim,F,USA,0:16:47.00,0,,,,1007,0
13/04/2024,2024,3b 5km,Mlynowka Krolewska Parkrun,Scott Jenkins,M,GBR,0:25:03.00,0,https://www.strava.com/activities/11169830795  https://www.parkrun.pl/mlynowkakrolewska/results/29/,,,1503,0
13/04/2024,2024,6b 100m,Time Trial,Sterling Franklin,M,USA,0:01:27.88,0,https://www.strava.com/activities/11175394847,,,87,0
10/04/2024,2024,3b Marathon,SYRY March Hare Challenge,Tim Butler,M,GBR,4:29:10.00,?,Marathon #94: https://www.joggling.co.uk/Marathon-List,,,16150,0
06/04/2024,2024,3b 5km,Mlynowka Krolewska Parkrun,Kacper Suchora,M,POL,0:23:28.00,?,https://www.parkrun.pl/mlynowkakrolewska/results/28/,,,1408,2
06/04/2024,2024,3b Half Marathon,JSRC RunAPalooza,Karly Swaim,F,USA,2:24:01.00,4,https://runsignup.com/Race/Results/28364/IndividualResult/gxbL?resultSetId=446846#U21578490,,,8641,55
06/04/2024,2024,3b 5km,Meadowmill Parkrun,Scott Jenkins,M,GBR,0:21:06.00,0,https://www.strava.com/activities/11120625198,,,1266,84
30/03/2024,2024,3b 10km,Bieg Twierdzy Krakow - Bieg Wielkanocny,Kacper Suchora,M,POL,1:00:53.00,?,https://www.facebook.com/photo/?fbid=739235191733773&set=pcb.739235285067097,,,3653,0
30/03/2024,2024,3b 5km,Malling Parkrun,Scott Jenkins,M,GBR,0:24:09.00,1,https://www.strava.com/activities/11069438917,,,1449,0
24/03/2024,2024,3b 5km,NN City Run 2024 / Budapest / Hungary,Attila Suszter,M,HUN,0:31:40.00,1,https://gammatiming.com/result/runner/nncr2024/5790 https://www.instagram.com/p/C5CEXliM7bt/  https://www.threads.net/@casualattila/post/C5Dod0KM9gP https://futofoto.hu/esemeny/nn-city-run-2024/5790/esemeny/48/1,,,1900,0
23/03/2024,2024,3b 5km,Drumpellier Country Parkrun,Scott Jenkins,M,GBR,0:24:19.00,0,https://www.strava.com/activities/11019500708,,,1459,0
17/03/2024,2024,3b Marathon,LA Marathon,Barak Hirschowitz,M,USA,4:12:34.00,?,https://results2.xacte.com/#/e/2537/placings,,,15154,3
17/03/2024,2024,3b Half Marathon,X Bieg Zielonych Sznurowadea,Kacper Suchora,M,POL,1:51:20.00,?,https://sts-timing.pl/event/x-jubileuszowy-bieg-zielonych-sznurowadel-2024-2/#tabs-24367,,,6680,11
17/03/2024,2024,3b Half Marathon,Carlisle Half Marathon,Scott Jenkins,M,GBR,1:43:54.00,0,https://www.strava.com/activities/10978093785,,,6234,63
16/03/2024,2024,3b Mile,Time Trial,Karly Swaim,F,USA,0:08:00.00,0,,,,480,116
16/03/2024,2024,3c 2 Miles,"Bar A Kilt Run/Walk, New Jersey",Karly Swaim,F,USA,0:23:07.00,8,,,,1387,0
16/03/2024,2024,3b 10km,"Shamrock Shuffle, Madison, WI",Samuel Dean,M,USA,0:39:23.00,2,https://www.strava.com/activities/10971982364,,,2363,327
16/03/2024,2024,3b 5km,Carlisle Parkrun,Scott Jenkins,M,GBR,0:29:46.00,0,https://www.strava.com/activities/10971687586,,,1786,0
10/03/2024,2024,3b Half Marathon,Inverness Half Marathon,James McDiarmid,M,GBR,1:28:47.00,?,https://invernesshalfmarathon.co.uk/results/1/2024/,,,5327,292
09/03/2024,2024,3b 5km,parkrun Puszcza Niepoaomicka,Kacper Suchora,M,POL,0:23:03.00,2,https://www.parkrun.pl/puszczaniepolomicka/results/latestresults/,,,1383,9
09/03/2024,2024,3b 5km,Denton Dene Parkrun,Scott Jenkins,M,GBR,0:19:45.00,0,https://www.strava.com/activities/10921014895,,,1185,180
03/03/2024,2024,3b 10 Miles,Lasswade 10 Mile,James McDiarmid,M,GBR,1:09:21.00,4,,,,4161,0
03/03/2024,2024,3b 10km,Pune City Marathon 2024,Ketan Abhonkar,M,IND,1:04:30.00,?,https://www.sportstimingsolutions.in/share.php?event_id=78946&bib=17051,,,3870,0
03/03/2024,2024,3b 10 Miles,Lasswade 10 Mile,Scott Jenkins,M,GBR,1:12:03.00,0,https://www.strava.com/activities/10881862015,,,4323,0
02/03/2024,2024,3b Half Marathon,Tom King Classic Half Marathon,John Dombach,M,USA,1:46:03.00,3,https://www.strava.com/activities/10875180286,,,6363,44
02/03/2024,2024,3b 5km,Meadowmill Parkrun,Scott Jenkins,M,GBR,0:33:15.00,1,https://www.strava.com/activities/10872503561,,,1995,0
01/03/2024,2024,3b Mile,Track Time Trial,Calvin Staley,M,USA,0:06:18.00,4,https://youtu.be/ckLU3dX1R6o?si=Jih0hpTUyRnfc8RD,,,378,48
25/02/2024,2024,3b Marathon,Marabank,Tim Butler,M,GBR,4:46:52.00,?,Marathon #93: https://www.joggling.co.uk/Marathon-List,,,17212,0
24/02/2024,2024,3b 10km,"Rodeo Run 10km, Houston",Dillon Hutyra,M,USA,0:59:26.00,0,https://my.raceresult.com/278914/#2_A6C504,,,3566,0
24/02/2024,2024,3b 5km,Zielony Jar Parkrun,Kacper Suchora,M,POL,0:23:45.00,?,https://www.parkrun.pl/zielonyjar/results/77,,,1425,0
24/02/2024,2024,3b 5km,Wallaceneuk Parkrun,Scott Jenkins,M,GBR,0:24:51.00,0,https://www.strava.com/activities/10825312624,,,1491,0
18/02/2024,2024,3b Marathon,Ascension Seton Austin,John Handy Bosma,M,USA,6:46:21.60,?,https://www.mychiptime.com/searchevent.php?id=15555,,,24381,0
18/02/2024,2024,3b Half Marathon,Ascension Seton Austin,Kalia Handy Bosma,F,USA,3:31:45.00,?,https://www.mychiptime.com/searchevent.php?id=15556,,,12705,0
18/02/2024,2024,3b 10km,Pune Maha Marathon 2024,Ketan Abhonkar,M,IND,1:05:24.00,?,https://myraceindia.com/individuals/Lokmat%20Pune%20Maha%20Marathon%202024/2024/Ketan%20Abhonkar%20-%20P15474,,,3924,0
18/02/2024,2024,3b Half Marathon,Alicante Half Marathon,Scott Jenkins,M,GBR,1:41:16.00,0,https://www.strava.com/activities/10786127494,,,6076,90
17/02/2024,2024,3b 5km,Mlynowka Krolewska Parkrun,Kacper Suchora,M,POL,0:22:51.00,?,https://www.parkrun.pl/mlynowkakrolewska/results/21/,,,1371,13
10/02/2024,2024,3b 5km,Holyrood Parkrun,Scott Jenkins,M,GBR,0:28:32.00,1,https://www.strava.com/activities/10732759015,,,1712,0
04/02/2024,2024,3b 10km,Dewsbury 10k,Jake Lodge,M,GBR,0:44:00.00,5,https://racebest.com/results/cz4xa,,,2640,137
04/02/2024,2024,3b Mile,Time Trial,Karly Swaim,F,USA,0:08:16.00,0, Galloway Magic Mile (time trial for group training program),,,496,82
03/02/2024,2024,3b 5km,Krakow Parkrun,Kacper Suchora,M,POL,0:22:00.00,2,https://www.parkrun.pl/krakow/results/500/,,,1320,40
03/02/2024,2024,3b 5km,Alstervorland Parkrun,Scott Jenkins,M,GBR,0:25:08.00,0,https://www.strava.com/activities/10692062545,,,1508,0
28/01/2024,2024,3b 6.7km,"The Snowy Soles Snowshoe Race, Ontario",Michal Kapral,M,CAN,0:49:24.00,?,https://www.instagram.com/p/C2pmYbarGbq/,,,2964,0
27/01/2024,2024,3b 5km,College of Micronesia-FSM Fun Run,Dana Lee Ling,M,FSM,0:38:11.00,?,https://www.strava.com/athletes/16093155?oq=dan,,,2291,0
27/01/2024,2024,3b 5km,Holyrood Parkrun,James McDiarmid,M,GBR,0:21:30.00,0,https://www.parkrun.org.uk/holyrood/results/73/,,,1290,62
27/01/2024,2024,3b 5km,Mlynowka Krolewska Parkrun,Kacper Suchora,M,POL,0:23:45.00,?,https://www.parkrun.pl/mlynowkakrolewska/results/18/,,,1425,0
27/01/2024,2024,3b 5km,Holyrood Parkrun,Scott Jenkins,M,GBR,0:25:21.00,3,https://www.parkrun.org.uk/holyrood/results/73/,,,1521,0
21/01/2024,2024,3b Half Marathon,Mumbai Marathon,Ketan Abhonkar,M,IND,2:20:35.00,4,"https://www.sportstimingsolutions.in/share.php?event_id=78282&bib=26311

https://indiabookofrecords.in/fastest-to-complete-a-half-marathon-while-juggling-three-balls/
https://www.worldrecordsindia.com/2024/05/16/first-indian-runner-to-complete-a-half-marathon-while-juggling-3-balls/",,,8435,0
20/01/2024,2024,3b 5km,SoJo Break the Freeze 5km,David Tate,M,USA,0:25:37.00,?,,,,1537,0
20/01/2024,2024,3b 5km,Mlynowka Krolewska Parkrun,Kacper Suchora,M,POL,0:25:06.00,?,https://www.parkrun.pl/mlynowkakrolewska/results/17/,,,1506,0
14/01/2024,2024,3b 5km,"Shark Bite 5km, Florida",Heather Thompson,F,USA,0:35:22.00,?,https://runsignup.com/Race/Results/24835/IndividualResult/gtCh?resultSetId=433509#U55948253  https://www.instagram.com/p/C2FbTLSOmTN/,,,2122,0
14/01/2024,2023,3b Ultra (28.7m),Rasselbock Winter Run,Tim Butler,M,GBR,5:24:17.00,?,Marathon #92: https://www.joggling.co.uk/Marathon-List,,,19457,0
13/01/2024,2024,3b 5km,Mlynowka Krolewska Parkrun,Kacper Suchora,M,POL,0:24:09.00,?,https://www.parkrun.pl/mlynowkakrolewska/results/16/,,,1449,0
13/01/2024,2024,3b 5km,Vogrie Parkrun,Scott Jenkins,M,GBR,0:26:00.00,0,https://www.strava.com/activities/10548693739,,,1560,0
06/01/2024,2024,3b 5km,Zillmere Parkrun,Narelle Cabassi,F,AUS,0:30:36.00,?,https://www.parkrun.com.au/zillmere/results/253/  https://www.instagram.com/p/C1vlY4tve-F/,,,1836,56
06/01/2024,2024,3b 5km,Meadowmill Parkrun,Scott Jenkins,M,GBR,0:23:38.00,0,https://www.strava.com/activities/10503497653,,,1418,1
01/01/2024,2024,3b 5km,Clevedon Salthouse Fields Parkrun,Scott Jenkins,M,GBR,0:26:33.00,0,https://www.strava.com/activities/10472352229,,,1593,0
31/12/2023,2023,3c 2 Miles,"JSRC Twilight Fun Run, New Jersey",Christian Gonzales,M,USA,0:26:14.00,?,https://runsignup.com/Race/Photos/Location/FinishLine4/NJ/Manasquan/JSRCTwilightRun  Finish line photos on page 37 with photo of race clock time,,,1574,0
31/12/2023,2023,3c 2 Miles,"JSRC Twilight Fun Run, New Jersey",Karly Swaim,F,USA,0:26:14.00,?,https://runsignup.com/Race/Photos/Location/FinishLine4/NJ/Manasquan/JSRCTwilightRun,,,1574,0
30/12/2023,2023,3b 5km,Park im. Jana Pawla II Parkrun,Kacper Suchora,M,POL,0:22:10.00,3,https://www.parkrun.pl/parkimjanapawlaii/results/149/,,,1330,33
30/12/2023,2023,3b 5km,Sharpham Road Playing Fields Parkrun,Scott Jenkins,M,GBR,0:21:10.00,0,https://www.strava.com/activities/10460699704,,,1270,80
26/12/2023,2023,3b 5km,Ogrod Saski Parkrun,Kacper Suchora,M,POL,0:23:13.00,3,https://www.parkrun.pl/ogrodsaski/results/160/,,,1393,6
23/12/2023,2023,3b 5km,"Watergrove Parkrun, Rochdale",Jake Lodge,M,GBR,0:24:00.00,5,https://www.strava.com/activities/10423529584,,,1440,0
23/12/2023,2023,3b 5km,Park im. Jana Pawla II Parkrun,Kacper Suchora,M,POL,0:22:59.00,?,https://www.parkrun.pl/parkimjanapawlaii/results/148/ Finished 2nd overall,,,1379,10
23/12/2023,2023,3c 5km,Ogrod Saski Parkrun,Piotr Maciejewski,M,POL,0:28:29.00,?,https://www.parkrun.pl/ogrodsaski/results/159/  https://www.instagram.com/p/C1PZlfZNxZU/,,,1709,0
23/12/2023,2023,3b 5km,Abingdon Parkrun,Scott Jenkins,M,GBR,0:26:10.00,0,https://www.strava.com/activities/10426060654,,,1570,0
17/12/2023,2023,3b 5km,Edinburgh Parkrun,James McDiarmid,M,GBR,0:20:01.00,0,https://www.instagram.com/p/C09KG53t49D/,,,1201,158
17/12/2023,2023,3b Marathon,Portsmouth Coastal Marathon,Tim Butler,M,GBR,4:43:28.00,?,Marathon #91: https://www.joggling.co.uk/Marathon-List    https://www.strava.com/activities/10395071435,,,17008,0
16/12/2023,2023,3b 5km,Gunnersbury Parkrun,Jake Lodge,M,GBR,0:20:18.00,0,https://www.parkrun.org.uk/gunnersbury/results/551/   https://www.strava.com/activities/10387513928,,,1218,136
16/12/2023,2023,3b 5km,Saski Garden Parkrun,Piotr Maciejewski,M,POL,0:24:17.00,?,https://www.parkrun.pl/ogrodsaski/results/158/   https://www.instagram.com/p/C085THksMId/,,,1457,0
16/12/2023,2023,3b 5km,"Santa Run 5km, Madison, Wisconsin",Samuel Dean,M,USA,0:19:21.00,1,https://www.strava.com/activities/10391427729,,,1161,216
15/12/2023,2023,3b 5km,Mlynowka Krolewska Parkrun,Kacper Suchora,M,POL,0:24:54.00,?,https://www.parkrun.pl/mlynowkakrolewska/results/12/,,,1494,0
10/12/2023,2023,5b Marathon,Dallas Marathon,Barry Goldmeier,M,USA,6:28:04.00,?,https://mychiptime.com/searchevent.php?id=15519,,,23284,0
10/12/2023,2023,3b 5km,Bajaj Allianz Pune Half Marathon,Ketan Abhonkar,M,IND,0:42:27.00,?,https://sportstimingsolutions.in/share.php?event_id=77750&bib=8591,,,2547,0
10/12/2023,2023,3b Marathon,Christmas Canal Canter,Tim Butler,M,GBR,4:47:04.00,?,Marathon #90: https://www.joggling.co.uk/Marathon-List   https://www.strava.com/activities/10359040637,,,17224,0
09/12/2023,2023,3b 5km,Livingston Parkrun,Scott Jenkins,M,GBR,0:26:46.00,1,https://www.parkrun.org.uk/livingston/results/341/  https://www.strava.com/activities/10351755810,,,1606,0
03/12/2023,2023,3c 3km,Blackpool Santa Dash,JL Coldham,M,GBR,0:22:43.00,?,https://www.strava.com/activities/10321484421,,,1363,0
02/12/2023,2023,3b 10km,Gossau Christmas Run 10k,Daniel Raum,M,AUT,0:49:22.00,?,https://www.datasport.com/live/ranking/?racenr=25167#9_660AEB      https://www.alphafoto.com/images.php?runID=1597&sn=4014,,,2962,18
02/12/2023,2023,3b 5km,Robelle Domain Parkrun,Narelle Cabassi,F,AUS,0:29:15.00,?,https://www.instagram.com/p/C0VFX0GPdy6/?img_index=1 https://www.parkrun.com.au/robelledomain/results/62,,,1755,96
02/12/2023,2023,3b 5km,Meadowmill Parkrun,Scott Jenkins,M,GBR,0:22:45.00,0,https://www.parkrun.org.uk/meadowmill/results/159/  https://www.strava.com/activities/10315030947,,,1365,15
02/12/2023,2023,3b 5km,"Frosty 5km, Middletown, Pittsburgh",Tim Ebersole,M,USA,0:21:00.00,?,https://www.strava.com/activities/10316799917,,,1260,90
30/11/2023,2023,3b 5km,I Ty Mozesz Biegac Wieczorem,Kacper Suchora,M,POL,0:24:17.00,?,https://itmbw.pl/itmbwieczorem-wyniki?id=574,,,1457,0
26/11/2023,2023,3b Half Marathon,Edinburgh Mo Run,James McDiarmid,M,GBR,1:39:56.00,0,,,,5996,106
26/11/2023,2023,3b 10km,Nowa Huta w Czterech Smakach - Jesien,Kacper Suchora,M,POL,0:52:35.00,?,https://utm.run/wp-content/uploads/2023/11/2023_nh4s_jesien_10.pdf,,,3155,0
26/11/2023,2023,3b 12km,"JSRC Navesink Challenge, New Jersey",Karly Swaim,F,USA,1:15:23.00,1,https://runsignup.com/Race/Results/38943/IndividualResult/bdxK#U21578490,,,4523,0
25/11/2023,2023,3b 5km,Meadowmill Parkrun,Scott Jenkins,M,GBR,0:21:00.00,0,https://www.strava.com/activities/10277539916,,,1260,90
24/11/2023,2023,3b 5 Miles,"Born to Run 5 Mile Race, New Jersey",Karly Swaim,F,USA,0:47:42.00,0,https://runsignup.com/Race/Results/35783/IndividualResult/sTXL?resultSetId=426802#U21578490,,,2862,0
23/11/2023,2023,3c 5 Miles,Turkey Trot - Thundercloud,John Handy Bosma,M,USA,1:23:05.00,?,,,,4985,0
23/11/2023,2023,3b 5 Miles,Turkey Trot - Thundercloud,Kalia Handy Bosma,F,USA,1:23:04.00,?,,,,4984,0
23/11/2023,2023,3b 5 Miles,"Turkey Tory - Lifetime, Chicago",Perry Romanowski,M,USA,0:40:51.00,?,,,,2451,0
23/11/2023,2023,3b 5 Miles,Turkey Trot - FDL,Samuel Dean,M,USA,0:31:20.00,0,https://www.strava.com/activities/10268547704,,,1880,0
23/11/2023,2023,3b 10km,"Turkey Trot - Newport, PA",Tim Ebersole,M,USA,0:44:44.00,?,,,,2684,114
19/11/2023,2023,3b 10km,"Fat Ass Trail Race, Ontario",Michal Kapral,M,CAN,0:56:46.00,6,,,,3406,0
19/11/2023,2023,5b 10km,Time Trial,Stefan Nygard,M,SWE,1:05:41.00,?,https://www.strava.com/activities/10246053281,,,3941,0
18/11/2023,2023,3b 5km,Edinburgh Parkrun,James McDiarmid,M,GBR,0:19:20.00,0,https://www.parkrun.org.uk/edinburgh/results/651/,,,1160,217
18/11/2023,2023,3b 5km,Mlynowka Krolewska Parkrun,Kacper Suchora,M,POL,0:25:01.00,?,https://www.parkrun.pl/mlynowkakrolewska/results/8,,,1501,0
18/11/2023,2023,3b 5km,Robelle Domain Parkrun,Narelle Cabassi,F,AUS,0:30:07.00,?,https://www.instagram.com/p/CzxZJMDvJpI/  https://www.parkrun.com.au/robelledomain/results/60,,,1807,69
12/11/2023,2023,3b Marathon,Madison Marathon,Samuel Dean,M,USA,3:42:39.00,14,https://www.strava.com/activities/10207532452,,,13359,95
12/11/2023,2023,3b Marathon,Pierrepoint Plod,Tim Butler,M,GBR,4:38:02.00,?,Marathon #89: https://www.joggling.co.uk/Marathon-List,,,16682,0
11/11/2023,2023,5b Marathon,"Richmon Marathon, VA",Barry Goldmeier,M,USA,6:58:01.00,?,,,,25081,0
11/11/2023,2023,3b 5km,Cliffe Castle Parkrun,Jake Lodge,M,GBR,0:22:39.00,?,https://www.strava.com/activities/10197880347  https://www.parkrun.org.uk/cliffecastle/results/198/,,,1359,18
11/11/2023,2023,3b 5km,Edinburgh Parkrun,James McDiarmid,M,GBR,0:19:30.00,3,https://www.parkrun.org.uk/edinburgh/results/650/,,,1170,202
11/11/2023,2023,3b Half Marathon,"Richmond Half Marathon, VA",Jonathan Austin,M,USA,1:51:26.00,?,https://runsignup.com/Race/Results/53399/IndividualResult/bfNJ?resultSetId=425038#U82282467,,,6686,11
11/11/2023,2023,3b 5km,Mlynowka Krolewska Parkrun,Kacper Suchora,M,POL,0:25:49.00,?,https://www.parkrun.pl/mlynowkakrolewska/results/7,,,1549,0
11/11/2023,2023,3b 5km,"Bill Bruno Alumni Cross Country Run, New Jersey",Karly Swaim,F,USA,0:31:19.00,0,https://runsignup.com/Race/Results/67106/IndividualResult/qHBS?resultSetId=423230#U21578490,,,1879,39
11/11/2023,2023,3b 5km,Whitekirk Hill Parkrun,Scott Jenkins,M,GBR,0:24:10.00,1,https://www.strava.com/activities/10201641671,,,1450,0
06/11/2023,2023,3b 15km,Istanbul Marathon,Levent Denizci,M,TUR,1:23:07.00,1,https://www.instagram.com/reel/CzSprRmIVAO/,,,4987,0
05/11/2023,2023,5b Marathon,New York City Marathon,Barry Goldmeier,M,USA,6:54:28.00,?,,,,24868,0
05/11/2023,2023,3b Marathon,New York City Marathon,Jack Hirschowitz,M,USA,5:10:39.00,?,,,,18639,0
04/11/2023,2023,3b 5km,Tremorfa Parkrun,Derrick Adams,M,GBR,0:27:49.00,?,https://www.parkrun.org.uk/tremorfa/news/2023/11/04/the-one-with-the-juggler/   https://www.facebook.com/reel/1117103175936729   https://www.parkrun.org.uk/tremorfa/results/125/,,,1669,0
04/11/2023,2023,3b 5km,Brighton & Hove Parkrun,Scott Jenkins,M,GBR,0:23:53.00,0,https://www.strava.com/activities/10162658912,,,1433,0
29/10/2023,2023,3b 4 Miles,"JSRC Deal Trick or Trot, New Jersey",Karly Swaim,F,USA,0:38:06.00,?,"https://runsignup.com/Race/Results/21841/IndividualResult/bLts?resultSetId=419743#U21578490, With lemons!",,,2286,0
28/10/2023,2023,3b 5km,Holyrood Parkrun,James McDiarmid,M,GBR,0:20:30.00,2,https://www.parkrun.org.uk/holyrood/results/62/,,,1230,122
28/10/2023,2023,3b 5km,Holyrood Parkrun,Scott Jenkins,M,GBR,0:25:21.00,0,https://www.parkrun.org.uk/holyrood/results/62/,,,1521,0
22/10/2023,2023,3b 10km,Mens 10km Edinburgh,James McDiarmid,M,GBR,0:39:57.00,0,https://www.myrunning.uk/mens-10k-edinburgh/results-stats?entry_id=1433665&race_number=10355&people_id=701492,,,2397,299
22/10/2023,2023,3b Marathon,Abingdon Marathon,Scott Jenkins,M,GBR,4:23:12.00,1,https://www.strava.com/activities/10084587222,,,15792,0
22/10/2023,2023,3b Marathon,Monster Mash Marathon,Tim Butler,M,GBR,4:39:22.00,?,Marathon #88: https://www.strava.com/activities/10084951644,,,16762,0
21/10/2023,2023,3b 5km,Morecambe Prom Parkrun,Nick Burns,M,GBR,0:34:11.00,?,https://www.parkrun.org.uk/morecambeprom/results/163,,,2051,0
16/10/2023,2023,3b 10km,Bospho Run,Levent Denizci,M,TUR,0:52:10.00,?,https://www.instagram.com/reel/Cyc1DdXADLa/,,,3130,0
15/10/2023,2023,3b Marathon,Yorkshire Marathon,Chris Edwin,M,GBR,3:00:06.00,1,https://www.strava.com/activities/10042614562/,,,10806,438
15/10/2023,2023,3b Marathon,Toronto Waterfront Marathon,Michael-Lucien Bergeron,M,CAN,3:00:06.00,?,https://www.strava.com/activities/10044512008,,,10806,438
15/10/2023,2023,5b 5km,Time Trial,Stefan Nygard,M,SWE,0:32:50.00,?,https://www.strava.com/activities/10040574029,,,1970,0
08/10/2023,2023,3b Marathon,Chicago Marathon,Barry Goldmeier,M,USA,6:25:32.00,?,https://uk.news.yahoo.com/joggler-completes-chicago-marathon-while-224404208.html?guccounter=1,,,23132,0
08/10/2023,2023,3b Half Marathon,Burnham on Sea Half Marathon,Scott Jenkins,M,GBR,1:56:36.00,0,https://www.facebook.com/photo?fbid=170412179447395&set=pcb.170412272780719 https://www.strava.com/activities/9999632050 https://www.burnham-on-sea.com/news/burnham-on-sea-half-marathon-2023-photos-full-results-and-video/ https://www.burnham-on-sea.com/news/video-runner-juggles-for-two-hours-while-running-burnham-on-sea-half-marathon/,,,6996,0
07/10/2023,2023,3b 5km,Roberts Park Parkrun,Jake Lodge,M,GBR,0:20:37.00,3,https://www.strava.com/activities/9993036091  https://www.parkrun.org.uk/robertspark/results/100/,,,1237,114
07/10/2023,2023,3b 5km,Burnham and Highbridge Parkrun,Scott Jenkins,M,GBR,0:29:02.00,1,"https://www.strava.com/activities/9991966505
https://www.parkrun.org.uk/burnhamandhighbridge/results/359/",,,1742,0
05/10/2023,2023,3b 5km,I Ty Mo?esz Biega? Wieczorem #563,Kacper Suchora,M,POL,0:31:36.00,?,https://itmbw.pl/itmbwieczorem-wyniki?id=563,,,1896,0
03/10/2023,2023,3b 5km,Volksgarten Parkrun,Scott Jenkins,M,GBR,0:20:48.00,0,"https://www.strava.com/activities/9967168716 https://www.facebook.com/reel/1350475955583730
https://www.parkrun.com.de/volksgarten/results/146/",,,1248,102
01/10/2023,2023,3b Mile,Time Trial,Chris Edwin,M,GBR,0:05:29.00,?,https://www.strava.com/activities/9956880609,,,329,259
01/10/2023,2023,3b 5km,Time Trial,Chris Edwin,M,GBR,0:18:21.00,?,https://www.strava.com/activities/9956880609,,,1101,319
01/10/2023,2023,3b Marathon,Loch Ness Marathon,James McDiarmid,M,GBR,3:35:25.00,15,https://sportmaniacs.com/en/races/loch-ness-marathon-and-festival-of-running-2023/6519b142-5b68-4e22-930c-4560ac1f1ad9/results/athlete/2267/results,,,12925,136
30/09/2023,2023,3b 5km,Torvean Parkrun,James McDiarmid,M,GBR,0:19:57.00,?,https://www.facebook.com/torveanparkrun/videos/695705485378377  https://www.parkrun.org.uk/torvean/results/105/,,,1197,164
30/09/2023,2023,3b 5km,Plean Parkrun,Scott Jenkins,M,GBR,0:24:40.00,1,https://www.parkrun.org.uk/plean/results/223/  https://www.strava.com/activities/9947669351  https://www.parkrun.org.uk/plean/news/2023/09/30/juggling-milestones/,,,1480,0
24/09/2023,2023,3b 10km,Chester Zoo,EJ Coldham,F,GBR,0:58:23.00,?,https://www.strava.com/activities/9909298131,,,3503,173
24/09/2023,2023,3b Half Marathon,Scottish Half Marathon,James McDiarmid,M,GBR,1:33:28.00,0,https://www.scottishhalfmarathon.com/results,,,5608,203
24/09/2023,2023,3c 10km,Chester Zoo,JL Coldham,M,GBR,1:07:07.00,?,https://www.strava.com/activities/9909388387,,,4027,0
24/09/2023,2023,3b Half Marathon,Badger Challenge,Samuel Dean,M,USA,1:28:08.00,4,https://www.strava.com/activities/9912752839,,,5288,305
24/09/2023,2023,3b Marathon,Bedford Aerodrome,Tim Butler,M,GBR,4:07:53.00,?,Marathon #87: https://results.runthrough.co.uk/myresults.aspx?uid=16487-4971-6-3584757,,,14873,10
23/09/2023,2023,3b 5km,"Dempsey Challenge, Maine",Christian Gonzales,M,USA,1:00:00.00,?,Time estimated by taking the difference of the timestamp of finish line video and starting line video,,,3600,0
23/09/2023,2023,3b 5km,"Dempsey Challenge, Maine",Karly Swaim,F,USA,1:00:00.00,?,,,,3600,0
23/09/2023,2023,3b 5km,"Dempsey Challenge, Maine",Nanci Newton,F,USA,1:00:00.00,?,https://www.dempseycenter.org,,,3600,0
23/09/2023,2023,3b 5km,Penallta Parkrun,Scott Jenkins,M,GBR,0:22:38.00,2,https://www.parkrun.org.uk/penallta/results/346/,,,1358,18
17/09/2023,2023,3b 10km,Tübingen Heritage Run,Peter Rottenbach,M,DEU,1:01:15.00,?,https://my.raceresult.com/248587/#0_128718 ,,,3675,0
16/09/2023,2023,3b 5km,Holyrood Parkrun,James McDiarmid,M,GBR,0:19:53.00,?,https://www.parkrun.org.uk/holyrood/results/56/,,,1193,169
16/09/2023,2023,3b 5km,Coed Cefn-pwll-du Parkrun,Scott Jenkins,M,GBR,0:23:59.00,0,https://www.facebook.com/100070150012167/videos/3833914350163308  https://www.parkrun.org.uk/coedcefnpwlldu/results/103/,,,1439,0
10/09/2023,2023,3b Half Marathon,Harrisburg Half Marathon,Tim Ebersole,M,USA,1:42:57.00,?,https://www.strava.com/activities/9821889643  https://runsignup.com/Race/Results/15430,,,6177,72
09/09/2023,2023,3b 5km,Holyrood Parkrun,James McDiarmid,M,GBR,0:20:01.00,0,https://www.parkrun.org.uk/holyrood/results/55/,,,1201,158
09/09/2023,2023,4b 100m,Time Trial,Scott Jenkins,M,GBR,0:00:17.20,0,https://www.strava.com/activities/9813207973,,,17,0
09/09/2023,2023,4b 400m,Time Trial,Scott Jenkins,M,GBR,0:01:21.00,0,https://www.strava.com/activities/9813204359,,,81,0
09/09/2023,2023,4b 5km,Zuiderpark Parkrun,Scott Jenkins,M,GBR,0:37:32.00,50,https://www.facebook.com/reel/326772983079041  https://www.parkrun.co.nl/zuiderpark/results/95/  https://twitter.com/OonaghLewis/status/1700803926184911241?t=9Nu6QfJj-yCyN6Y2r3IbIA&s=19&fbclid=IwAR3C7MyJ8eWmpR_NLBeN_CmoOCdB-3nm4o3TKAWOvw4zOLdlvzax6GFUanU,,,2252,0
04/09/2023,2023,3c 5km,"Eatontown Labor Day 5k, New Jersey",Karly Swaim,F,USA,0:34:17.00,?,https://my.raceresult.com/256977/results#1_13B7ED,,,2057,1
02/09/2023,2023,3b 5km,Holyrood Parkrun,James McDiarmid,M,GBR,0:19:39.00,0,https://www.parkrun.org.uk/holyrood/results/54/,,,1179,189
26/08/2023,2023,3b 5km,Roberts Park Parkrun,Jake Lodge,M,GBR,0:20:11.00,2,https://www.parkrun.org.uk/robertspark/results/95/  https://www.strava.com/activities/9722525613,,,1211,145
26/08/2023,2023,3b 5km,Holyrood Parkrun,James McDiarmid,M,GBR,0:19:43.00,?,https://twitter.com/BobakChampion/status/1695403676653764661?t=V1talFM3LhClas5Hx3vH-w&s=19,,,1183,183
26/08/2023,2023,3c 5km,"JSRC Saturday in the Park Women's 5km, New Jersey",Karly Swaim,F,USA,0:34:29.00,?,https://runsignup.com/Race/Results/21839#resultSetId-400750;perpage:100 https://www.facebook.com/photo/?fbid=10108409452955774&set=g.372157942956062,,,2069,0
26/08/2023,2023,3b 5km,Vogrie Parkrun,Scott Jenkins,M,GBR,0:23:09.00,0,https://www.strava.com/activities/9722797495  https://www.parkrun.org.uk/vogrie/results/245/,,,1389,7
22/08/2023,2023,3b 10km,Time Trial,David Tate,M,USA,0:59:43.00,?,https://twitter.com/dren_braves/status/1693825675399168506/photo/1,,,3583,0
19/08/2023,2023,3b 5km,Huddersfield Parkrun,Jake Lodge,M,GBR,0:21:58.00,2,https://www.strava.com/activities/9677079696 https://www.parkrun.org.uk/huddersfield/results/547/,,,1318,41
19/08/2023,2023,3b 5km,Torvean Parkrun,James McDiarmid,M,GBR,0:20:19.00,0,https://www.parkrun.org.uk/torvean/results/99/?utm_medium=email&utm_source=resultsemail&utm_campaign=systememail,,,1219,135
19/08/2023,2023,3b 5km,Ogrod Saski Parkrun,Kacper Suchora,M,POL,0:33:36.00,?,https://www.parkrun.pl/ogrodsaski/results/143/,,,2016,0
19/08/2023,2023,4b 5km,Perth Parkrun,Scott Jenkins,M,GBR,0:37:39.00,40,"https://www.parkrun.org.uk/perth/results/438/
https://www.strava.com/activities/9677761242
",,,2259,0
19/08/2023,2023,3b 50km,Foxton Hounds Ultra,Tim Butler,M,GBR,6:47:47.00,?,Marathon #86: https://www.joggling.co.uk/Marathon-List https://my.raceresult.com/257436/results  https://www.strava.com/activities/9679189803,,,24467,0
15/08/2023,2023,3b 5km,Time Trial,Samuel Dean,M,USA,0:18:04.00,?,https://www.strava.com/activities/9655725241,,,1084,352
14/08/2023,2023,3b Mile,"IJA, Virtual",Caleb Williams,M,USA,0:04:36.80,?,"IJA Database, https://www.youtube.com/watch?v=ubG4stsEwPw",,,276,678
14/08/2023,2023,3b Mile,Time Trial,Samuel Dean,M,USA,0:04:58.00,?,https://www.strava.com/activities/9648987682,,,298,480
12/08/2023,2023,3b Marathon,Boulder Rez Marathon,Erick Sells,M,USA,3:32:10.00,?,https://my.raceresult.com/256528/#11_EA305B  https://www.strava.com/activities/9635073806/overview,,,12730,157
12/08/2023,2023,3b 5km,Penistone Parkrun,Jake Lodge,M,GBR,0:21:21.00,?,https://www.parkrun.org.uk/penistone/results/132/ https://www.strava.com/activities/9631463241,,,1281,70
12/08/2023,2023,4b 5km,West Links Parkrun,Scott Jenkins,M,GBR,0:32:36.00,30,https://www.strava.com/activities/9631204125  https://www.parkrun.org.uk/westlinks/news/2023/08/18/a-lesson-in-solidarity-west-links-parkrun-no-82/,,,1956,0
10/08/2023,2023,3b Marathon,Eindhoven marathon ,Rik Konings,M,NLD,4:39:24.00,0,,,,16764,0
08/08/2023,2023,3b Mile,Ramsbottom Summer Mile,Jake Lodge,M,GBR,0:05:55.00,0,https://www.strava.com/activities/9609299484,,,355,126
05/08/2023,2023,3b 5km,The Pastures Parkrun,Jake Lodge,M,GBR,0:21:08.00,1,https://www.strava.com/activities/9585611785,,,1268,82
05/08/2023,2023,3b 5km,Holyrood Parkrun,James McDiarmid,M,GBR,0:20:28.00,0,https://www.parkrun.org.uk/parkrunner/8560660/,,,1228,124
05/08/2023,2023,3b 5km,Newbiggin-by-the-Sea Parkrun,Scott Jenkins,M,GBR,0:24:48.00,2,"https://www.parkrun.org.uk/newbigginbythesea/results/234/
https://www.strava.com/activities/9585830232",,,1488,0
05/08/2023,2023,3b 5km,Woodley Parkrun,Stuart Humphries,M,GBR,0:28:03.00,?,https://www.parkrun.org.uk/woodley/results/489/,,,1683,0
30/07/2023,2023,3b 100m,EJC Joggling Open,Alexander Armbruster,M,DEU,0:00:14.74,?,https://www.joggling.pl/joggling-competitionszawody/2023-lublin-open.html,,,14,221
30/07/2023,2023,3b 400m,EJC Joggling Open,Aline Faller,F,DEU,0:02:57.22,?,https://www.joggling.pl/joggling-competitionszawody/2023-lublin-open.html,,,177,0
30/07/2023,2023,3b 100m,EJC Joggling Open,Anna Kruk,F,POL,0:00:20.50,?,https://www.joggling.pl/joggling-competitionszawody/2023-lublin-open.html,,,20,39
30/07/2023,2023,3b 400m,EJC Joggling Open,Anna Kruk,F,POL,0:01:41.32,?,https://www.joggling.pl/joggling-competitionszawody/2023-lublin-open.html,,,101,27
30/07/2023,2023,3b 5km,EJC Joggling Open,Anton Bartsch,M,DEU,0:39:27.00,?,https://www.joggling.pl/joggling-competitionszawody/2023-lublin-open.html,,,2367,0
30/07/2023,2023,3b 400m,EJC Joggling Open,Artur Witek,M,POL,0:01:20.44,?,https://www.joggling.pl/joggling-competitionszawody/2023-lublin-open.html,,,80,0
30/07/2023,2023,3b 100m,EJC Joggling Open,Brook Roberts,M,GBR,0:00:21.60,?,https://www.joggling.pl/joggling-competitionszawody/2023-lublin-open.html,,,21,0
30/07/2023,2023,3b 1600m,EJC Joggling Open,Christina-Anna Senser,F,DEU,0:08:55.69,?,https://www.joggling.pl/joggling-competitionszawody/2023-lublin-open.html,,,535,0
30/07/2023,2023,3b 400m,EJC Joggling Open,Corbinian Neubauer,M,DEU,0:01:19.20,?,https://www.joggling.pl/joggling-competitionszawody/2023-lublin-open.html,,,79,0
30/07/2023,2023,3b 400m,EJC Joggling Open,Cyril Pujol,M,FRA,0:01:17.30,?,https://www.joggling.pl/joggling-competitionszawody/2023-lublin-open.html,,,77,4
30/07/2023,2023,3b 1600m,EJC Joggling Open,Cyril Pujol,M,FRA,0:08:19.66,?,https://www.joggling.pl/joggling-competitionszawody/2023-lublin-open.html,,,499,0
30/07/2023,2023,5b 100m,EJC Joggling Open,Daniela Palickova,F,CZE,0:00:57.76,?,https://www.joggling.pl/joggling-competitionszawody/2023-lublin-open.html,,,57,0
30/07/2023,2023,3b 100m,EJC Joggling Open,David Benz,M,DEU,0:00:34.47,?,https://www.joggling.pl/joggling-competitionszawody/2023-lublin-open.html,,,34,0
30/07/2023,2023,3b 400m,EJC Joggling Open,David Benz,M,DEU,0:01:19.42,?,https://www.joggling.pl/joggling-competitionszawody/2023-lublin-open.html,,,79,0
30/07/2023,2023,3b 1600m,EJC Joggling Open,David Benz,M,DEU,0:08:14.14,?,https://www.joggling.pl/joggling-competitionszawody/2023-lublin-open.html,,,494,0
30/07/2023,2023,5b 100m,EJC Joggling Open,Eden Katsir,M,ISR,0:00:40.72,?,https://www.joggling.pl/joggling-competitionszawody/2023-lublin-open.html,,,40,0
30/07/2023,2023,3b 400m,EJC Joggling Open,Eden Katsir,M,ISR,0:01:28.22,?,https://www.joggling.pl/joggling-competitionszawody/2023-lublin-open.html,,,88,0
30/07/2023,2023,3b 1600m,EJC Joggling Open,Eden Katsir,M,ISR,0:06:15.58,?,https://www.joggling.pl/joggling-competitionszawody/2023-lublin-open.html,,,375,0
30/07/2023,2023,3b 5km,EJC Joggling Open,Eden Katsir,M,ISR,0:21:24.00,?,https://www.joggling.pl/joggling-competitionszawody/2023-lublin-open.html,,,1284,67
30/07/2023,2023,3b 400m,EJC Joggling Open,Elias Lohr,M,DEU,0:01:35.72,?,https://www.joggling.pl/joggling-competitionszawody/2023-lublin-open.html,,,95,0
30/07/2023,2023,3b 1600m,EJC Joggling Open,Elias Lohr,M,DEU,0:08:14.14,?,https://www.joggling.pl/joggling-competitionszawody/2023-lublin-open.html,,,494,0
30/07/2023,2023,3b 5km,EJC Joggling Open,Elias Lohr,M,DEU,0:31:20.00,?,https://www.joggling.pl/joggling-competitionszawody/2023-lublin-open.html,,,1880,0
30/07/2023,2023,3b 5km,EJC Joggling Open,Emanuele Lodigiani,M,ITA,0:26:15.00,?,https://www.joggling.pl/joggling-competitionszawody/2023-lublin-open.html,,,1575,0
30/07/2023,2023,3b 400m,EJC Joggling Open,Eric Carvalho,M,BRA,0:02:57.16,?,https://www.joggling.pl/joggling-competitionszawody/2023-lublin-open.html,,,177,0
30/07/2023,2023,3b 400m,EJC Joggling Open,Eugene Petkevich,M,POL,0:01:34.60,?,https://www.joggling.pl/joggling-competitionszawody/2023-lublin-open.html,,,94,0
30/07/2023,2023,3b 1600m,EJC Joggling Open,Eugene Petkevich,M,POL,0:08:18.64,?,https://www.joggling.pl/joggling-competitionszawody/2023-lublin-open.html,,,498,0
30/07/2023,2023,5b 100m,EJC Joggling Open,Eyal Bor,M,MEX,0:00:24.66,?,https://www.joggling.pl/joggling-competitionszawody/2023-lublin-open.html,,,24,0
30/07/2023,2023,3b 400m,EJC Joggling Open,Eyal Bor,M,MEX,0:01:26.20,?,https://www.joggling.pl/joggling-competitionszawody/2023-lublin-open.html,,,86,0
30/07/2023,2023,3b 1600m,EJC Joggling Open,Eyal Bor,M,MEX,0:07:34.80,?,https://www.joggling.pl/joggling-competitionszawody/2023-lublin-open.html,,,454,0
30/07/2023,2023,3b 5km,EJC Joggling Open,Fabian Fehlhaber,M,DEU,0:22:55.00,?,https://www.joggling.pl/joggling-competitionszawody/2023-lublin-open.html,,,1375,11
30/07/2023,2023,5b 100m,EJC Joggling Open,Florian Huber,M,DEU,0:00:28.76,?,https://www.joggling.pl/joggling-competitionszawody/2023-lublin-open.html,,,28,0
30/07/2023,2023,3b 400m,EJC Joggling Open,Florian Huber,M,DEU,0:01:17.80,?,https://www.joggling.pl/joggling-competitionszawody/2023-lublin-open.html,,,77,4
30/07/2023,2023,3b 400m,EJC Joggling Open,Gregor Straub,M,DEU,0:01:31.38,?,https://www.joggling.pl/joggling-competitionszawody/2023-lublin-open.html,,,91,0
30/07/2023,2023,3b 100m,EJC Joggling Open,Ilia Poliakov,M,ISR,0:00:14.98,?,https://www.joggling.pl/joggling-competitionszawody/2023-lublin-open.html,,,14,221
30/07/2023,2023,5b 100m,EJC Joggling Open,Ilia Poliakov,M,ISR,0:00:29.92,?,https://www.joggling.pl/joggling-competitionszawody/2023-lublin-open.html,,,29,0
30/07/2023,2023,3b 5km,EJC Joggling Open,Iunya Inoue,M,JPN,0:30:16.00,?,https://www.joggling.pl/joggling-competitionszawody/2023-lublin-open.html,,,1816,0
30/07/2023,2023,3b 400m,EJC Joggling Open,Jakob Hochstrat,M,DEU,0:01:30.86,?,https://www.joggling.pl/joggling-competitionszawody/2023-lublin-open.html,,,90,0
30/07/2023,2023,3b 400m,EJC Joggling Open,Jan Nowosad,M,POL,0:01:07.76,?,https://www.joggling.pl/joggling-competitionszawody/2023-lublin-open.html,,,67,147
30/07/2023,2023,3b 1600m,EJC Joggling Open,Jan Nowosad,M,POL,0:06:17.28,?,https://www.joggling.pl/joggling-competitionszawody/2023-lublin-open.html,,,377,0
30/07/2023,2023,3b 400m,EJC Joggling Open,Jarek Widomski,M,POL,0:01:31.36,?,https://www.joggling.pl/joggling-competitionszawody/2023-lublin-open.html,,,91,0
30/07/2023,2023,3b 5km,EJC Joggling Open,Jarek Widomski,M,POL,0:24:22.00,?,https://www.joggling.pl/joggling-competitionszawody/2023-lublin-open.html,,,1462,0
30/07/2023,2023,3b 400m,EJC Joggling Open,Jeremy Vik,M,USA,0:01:35.58,?,https://www.joggling.pl/joggling-competitionszawody/2023-lublin-open.html,,,95,0
30/07/2023,2023,3b 1600m,EJC Joggling Open,Jeremy Vik,M,USA,0:08:17.22,?,https://www.joggling.pl/joggling-competitionszawody/2023-lublin-open.html,,,497,0
30/07/2023,2023,5b 100m,EJC Joggling Open,Jheng-Yu Chiu,M,TWN,0:00:33.12,?,https://www.joggling.pl/joggling-competitionszawody/2023-lublin-open.html,,,33,0
30/07/2023,2023,3b 1600m,EJC Joggling Open,Jheng-Yu Chiu,M,TWN,0:07:30.90,?,https://www.joggling.pl/joggling-competitionszawody/2023-lublin-open.html,,,450,0
30/07/2023,2023,3b 400m,EJC Joggling Open,Jonas Broring,M,DEU,0:01:59.70,?,https://www.joggling.pl/joggling-competitionszawody/2023-lublin-open.html,,,119,0
30/07/2023,2023,3b 1600m,EJC Joggling Open,Jonas Broring,M,DEU,0:07:34.28,?,https://www.joggling.pl/joggling-competitionszawody/2023-lublin-open.html,,,454,0
30/07/2023,2023,3b 400m,EJC Joggling Open,Jos Tipker,M,NLD,0:01:20.28,?,https://www.joggling.pl/joggling-competitionszawody/2023-lublin-open.html,,,80,0
30/07/2023,2023,3b 400m,EJC Joggling Open,Josef Komissar,M,USA,0:01:19.64,?,https://www.joggling.pl/joggling-competitionszawody/2023-lublin-open.html,,,79,0
30/07/2023,2023,3b 100m,EJC Joggling Open,Jowita Nowogrodzka-Ligeza,F,POL,0:00:34.40,?,https://www.joggling.pl/joggling-competitionszawody/2023-lublin-open.html,,,34,0
30/07/2023,2023,3b 400m,EJC Joggling Open,Jowita Nowogrodzka-Ligeza,F,POL,0:02:16.78,?,https://www.joggling.pl/joggling-competitionszawody/2023-lublin-open.html,,,136,0
30/07/2023,2023,3b 400m,EJC Joggling Open,Julia Bonhoff,F,DEU,0:02:41.60,?,https://www.joggling.pl/joggling-competitionszawody/2023-lublin-open.html,,,161,0
30/07/2023,2023,3b 5km,EJC Joggling Open,Juliane de Vries,F,DEU,0:31:25.00,?,https://www.joggling.pl/joggling-competitionszawody/2023-lublin-open.html,,,1885,37
30/07/2023,2023,3b 400m,EJC Joggling Open,Karel Schuller,M,NLD,0:01:32.58,?,https://www.joggling.pl/joggling-competitionszawody/2023-lublin-open.html,,,92,0
30/07/2023,2023,3b 400m,EJC Joggling Open,Kaupo Pilder,M,EST,0:01:15.64,?,https://www.joggling.pl/joggling-competitionszawody/2023-lublin-open.html,,,75,16
30/07/2023,2023,3b 5km,EJC Joggling Open,kaupo Pilder,M,EST,0:24:55.00,?,https://www.joggling.pl/joggling-competitionszawody/2023-lublin-open.html,,,1495,0
30/07/2023,2023,3b 400m,EJC Joggling Open,Liya Bakhrakh,F,ISR,0:01:56.28,?,https://www.joggling.pl/joggling-competitionszawody/2023-lublin-open.html,,,116,0
30/07/2023,2023,3b 1600m,EJC Joggling Open,Liya Bakhrakh,F,ISR,0:09:23.78,?,https://www.joggling.pl/joggling-competitionszawody/2023-lublin-open.html,,,563,0
30/07/2023,2023,3b 5km,EJC Joggling Open,Liya Bakhrakh,F,ISR,0:36:26.00,?,https://www.joggling.pl/joggling-competitionszawody/2023-lublin-open.html,,,2186,0
30/07/2023,2023,3b 100m,EJC Joggling Open,Louison Vatin,F,FRA,0:00:25.24,?,https://www.joggling.pl/joggling-competitionszawody/2023-lublin-open.html,,,25,0
30/07/2023,2023,3b 400m,EJC Joggling Open,Louison Vatin,F,FRA,0:02:13.50,?,https://www.joggling.pl/joggling-competitionszawody/2023-lublin-open.html,,,133,0
30/07/2023,2023,3b 1600m,EJC Joggling Open,Louison Vatin,F,FRA,0:10:31.40,?,https://www.joggling.pl/joggling-competitionszawody/2023-lublin-open.html,,,631,0
30/07/2023,2023,3b 100m,EJC Joggling Open,Malthe Jerup Ostergaard,M,DNK,0:00:17.18,?,https://www.joggling.pl/joggling-competitionszawody/2023-lublin-open.html,,,17,0
30/07/2023,2023,3b 400m,EJC Joggling Open,Malthe Jerup Ostergaard,M,DNK,0:01:47.50,?,https://www.joggling.pl/joggling-competitionszawody/2023-lublin-open.html,,,107,0
30/07/2023,2023,3b 400m,EJC Joggling Open,Marcel Jaworski,M,VEN,0:01:38.82,?,https://www.joggling.pl/joggling-competitionszawody/2023-lublin-open.html,,,98,0
30/07/2023,2023,3b 400m,EJC Joggling Open,Markus Furtner,M,DEU,0:01:40.92,?,https://www.joggling.pl/joggling-competitionszawody/2023-lublin-open.html,,,100,0
30/07/2023,2023,3b 1600m,EJC Joggling Open,Markus Furtner,M,DEU,0:07:54.94,?,https://www.joggling.pl/joggling-competitionszawody/2023-lublin-open.html,,,474,0
30/07/2023,2023,3b 5km,EJC Joggling Open,Martin Bartsch,M,DEU,0:35:44.00,?,https://www.joggling.pl/joggling-competitionszawody/2023-lublin-open.html,,,2144,0
30/07/2023,2023,3b 400m,EJC Joggling Open,Maximillian Gruber,M,AUT,0:01:42.62,?,https://www.joggling.pl/joggling-competitionszawody/2023-lublin-open.html,,,102,0
30/07/2023,2023,3b 1600m,EJC Joggling Open,Maximillian Gruber,M,AUT,0:08:15.72,?,https://www.joggling.pl/joggling-competitionszawody/2023-lublin-open.html,,,495,0
30/07/2023,2023,3b 400m,EJC Joggling Open,Nestor Koktysz,M,POL,0:02:04.58,?,https://www.joggling.pl/joggling-competitionszawody/2023-lublin-open.html,,,124,0
30/07/2023,2023,3b 5km,EJC Joggling Open,Nicolas Fuchs,M,DEU,0:26:20.00,?,https://www.joggling.pl/joggling-competitionszawody/2023-lublin-open.html,,,1580,0
30/07/2023,2023,3b 400m,EJC Joggling Open,Nils Berg,M,DEU,0:01:50.94,?,https://www.joggling.pl/joggling-competitionszawody/2023-lublin-open.html,,,110,0
30/07/2023,2023,3b 5km,EJC Joggling Open,Nils Berg,M,DEU,0:30:46.00,?,https://www.joggling.pl/joggling-competitionszawody/2023-lublin-open.html,,,1846,0
30/07/2023,2023,3b 1600m,EJC Joggling Open,Onur Erdem,M,TUR,0:09:02.26,?,https://www.joggling.pl/joggling-competitionszawody/2023-lublin-open.html,,,542,0
30/07/2023,2023,3b 400m,EJC Joggling Open,Peter Rottenbach,M,DEU,0:01:35.82,?,https://www.joggling.pl/joggling-competitionszawody/2023-lublin-open.html,,,95,0
30/07/2023,2023,3b 1600m,EJC Joggling Open,Peter Rottenbach,M,DEU,0:08:31.40,?,https://www.joggling.pl/joggling-competitionszawody/2023-lublin-open.html,,,511,0
30/07/2023,2023,3b 5km,EJC Joggling Open,Peter Rottenbach,M,DEU,0:29:14.00,?,https://www.joggling.pl/joggling-competitionszawody/2023-lublin-open.html,,,1754,0
30/07/2023,2023,3b 400m,EJC Joggling Open,Piotr Maciejewski,M,POL,0:01:43.20,?,https://www.joggling.pl/joggling-competitionszawody/2023-lublin-open.html,,,103,0
30/07/2023,2023,3b 5km,EJC Joggling Open,Piotr Maciejewski,M,POL,0:22:14.00,?,https://www.joggling.pl/joggling-competitionszawody/2023-lublin-open.html,,,1334,31
30/07/2023,2023,3b 5km,EJC Joggling Open,Rimon Cahany,M,ISR,0:24:33.00,?,https://www.joggling.pl/joggling-competitionszawody/2023-lublin-open.html,,,1473,0
30/07/2023,2023,3b 400m,EJC Joggling Open,Roman Belinkiy,M,ISR,0:01:51.38,?,https://www.joggling.pl/joggling-competitionszawody/2023-lublin-open.html,,,111,0
30/07/2023,2023,3b 400m,EJC Joggling Open,Samuel Greenwood-Wein,M,DEU,0:02:12.70,?,https://www.joggling.pl/joggling-competitionszawody/2023-lublin-open.html,,,132,0
30/07/2023,2023,3b 1600m,EJC Joggling Open,Samuel Greenwood-Wein,M,DEU,0:09:48.28,?,https://www.joggling.pl/joggling-competitionszawody/2023-lublin-open.html,,,588,0
30/07/2023,2023,3b 400m,EJC Joggling Open,Scott Seltzer,M,ISR,0:01:48.36,?,https://www.joggling.pl/joggling-competitionszawody/2023-lublin-open.html,,,108,0
30/07/2023,2023,3b 5km,EJC Joggling Open,Scott Seltzer,M,ISR,0:25:33.00,?,https://www.joggling.pl/joggling-competitionszawody/2023-lublin-open.html,,,1533,0
30/07/2023,2023,3b 100m,EJC Joggling Open,Sebastian Siwiec,M,POL,0:00:14.14,?,https://www.joggling.pl/joggling-competitionszawody/2023-lublin-open.html,,,14,221
30/07/2023,2023,3b 400m,EJC Joggling Open,Sebastian Siwiec,M,POL,0:01:14.22,?,https://www.joggling.pl/joggling-competitionszawody/2023-lublin-open.html,,,74,25
30/07/2023,2023,3b 100m,EJC Joggling Open,Silvia Osiek,F,DEU,0:00:33.80,?,https://www.joggling.pl/joggling-competitionszawody/2023-lublin-open.html,,,33,0
30/07/2023,2023,3b 100m,EJC Joggling Open,Simon Herholz,M,DEU,0:00:25.56,?,https://www.joggling.pl/joggling-competitionszawody/2023-lublin-open.html,,,25,0
30/07/2023,2023,3b 400m,EJC Joggling Open,Sven Mindel,M,DEU,0:01:38.56,?,https://www.joggling.pl/joggling-competitionszawody/2023-lublin-open.html,,,98,0
30/07/2023,2023,3b 100m,EJC Joggling Open,Tanja Schwanke,F,DEU,0:00:27.84,?,https://www.joggling.pl/joggling-competitionszawody/2023-lublin-open.html,,,27,0
30/07/2023,2023,3b 400m,EJC Joggling Open,Tanja Schwanke,F,DEU,0:01:53.84,?,https://www.joggling.pl/joggling-competitionszawody/2023-lublin-open.html,,,113,0
30/07/2023,2023,3b 400m,EJC Joggling Open,Thomas Boiteux,M,FRA,0:01:14.70,?,https://www.joggling.pl/joggling-competitionszawody/2023-lublin-open.html,,,74,25
30/07/2023,2023,3b 5km,EJC Joggling Open,Tilman Kortenhaus,M,DEU,0:29:04.00,?,https://www.joggling.pl/joggling-competitionszawody/2023-lublin-open.html,,,1744,0
30/07/2023,2023,3b 5km,EJC Joggling Open,Ting-En Chang,M,TWN,0:33:59.00,?,https://www.joggling.pl/joggling-competitionszawody/2023-lublin-open.html,,,2039,0
30/07/2023,2023,3b 1600m,EJC Joggling Open,Tsung-Yi Ma,M,TWN,0:09:32.78,?,https://www.joggling.pl/joggling-competitionszawody/2023-lublin-open.html,,,572,0
30/07/2023,2023,3b 100m,EJC Joggling Open,Vasek Peca,M,CZE,0:00:14.84,?,https://www.joggling.pl/joggling-competitionszawody/2023-lublin-open.html,,,14,221
30/07/2023,2023,5b 100m,EJC Joggling Open,Vasek Peca,M,CZE,0:00:28.36,?,https://www.joggling.pl/joggling-competitionszawody/2023-lublin-open.html,,,28,0
30/07/2023,2023,3b 400m,EJC Joggling Open,Vasek Peca,M,CZE,0:01:16.66,?,https://www.joggling.pl/joggling-competitionszawody/2023-lublin-open.html,,,76,9
30/07/2023,2023,3b 5km,EJC Joggling Open,Vasek Peca,M,CZE,0:25:02.00,?,https://www.joggling.pl/joggling-competitionszawody/2023-lublin-open.html,,,1502,0
30/07/2023,2023,3b 100m,EJC Joggling Open,Verena Rau,F,DEU,0:00:19.84,?,https://www.joggling.pl/joggling-competitionszawody/2023-lublin-open.html,,,19,89
30/07/2023,2023,5b 100m,EJC Joggling Open,Verena Rau,F,DEU,0:01:04.50,?,https://www.joggling.pl/joggling-competitionszawody/2023-lublin-open.html,,,64,0
30/07/2023,2023,3b 400m,EJC Joggling Open,Verena Rau,F,DEU,0:01:44.10,?,https://www.joggling.pl/joggling-competitionszawody/2023-lublin-open.html,,,104,12
30/07/2023,2023,3b 100m,EJC Joggling Open,Veronika Rieckh,F,AUT,0:00:25.56,?,https://www.joggling.pl/joggling-competitionszawody/2023-lublin-open.html,,,25,0
30/07/2023,2023,5b 100m,EJC Joggling Open,Viola Radmoser,F,DEU,0:01:05.14,?,https://www.joggling.pl/joggling-competitionszawody/2023-lublin-open.html,,,65,0
30/07/2023,2023,5b 100m,EJC Joggling Open,Yaron Davidovich,M,ISR,0:00:27.52,?,https://www.joggling.pl/joggling-competitionszawody/2023-lublin-open.html,,,27,0
29/07/2023,2023,3b 5km,Huddersfield Parkrun,Jake Lodge,M,GBR,0:21:00.00,3,"https://www.parkrun.org.uk/huddersfield/results/545/
https://www.strava.com/activities/9541633115",,,1260,90
29/07/2023,2023,3b 5km,Krakow Parkrun,Kacper Suchora,M,POL,0:35:19.00,?,https://www.instagram.com/p/CvSjtfIIDmt/  https://www.parkrun.pl/krakow/results/471/,,,2119,0
29/07/2023,2023,3b 5km,Morecambe Prom Parkrun,Nick Burns,M,GBR,0:34:45.00,?,https://www.parkrun.org.uk/morecambeprom/results/152,,,2085,0
29/07/2023,2023,3b 5km,Saski Garden Parkrun,Piotr Maciejewski,M,POL,0:23:29.00,2,https://www.instagram.com/p/CvTzairoUBX/?img_index=1 https://www.parkrun.pl/ogrodsaski/results/140/  ,,,1409,2
29/07/2023,2023,4b 5km,Lochore Meadows Parkrun,Scott Jenkins,M,GBR,0:42:52.00,50,"https://www.strava.com/activities/9541834029
https://www.parkrun.org.uk/lochoremeadows/results/183/
",,,2572,0
27/07/2023,2023,3b Mile,Time Trial,Rick Kwiatkowski,M,USA,0:07:48.00,?,https://www.strava.com/activities/9534592553,,,468,0
26/07/2023,2023,3b Marathon,Great Barrow Challenge Day 5,Tim Butler,M,GBR,4:41:09.00,?,Marathon #85: https://www.joggling.co.uk/Marathon-List,,,16869,0
24/07/2023,2023,3b 5km,"Deseret News Marathon 5k, Utah",David Tate,M,USA,0:26:26.00,0,https://twitter.com/dren_braves/status/1683494655470518278?t=ctWFUgmkvj__L-g09rS9MA&s=19      https://www.brooksee.com/des/results?sort=&race=167024&date=&event=5K&gender=&division=&search=Tate&loc_168380=&page_168380=1&size_168380=25&loc_168381=&page_168381=1&size_168381=25&loc_168382=&page_168382=1&size_168382=25&loc_168383=&page_168383=1&size_168383=25&loc_168384=&page_168384=1&size_168384=25,,,1586,0
22/07/2023,2023,3b 100m,"IJA, Southbend",Aaron Rosenberg,M,0,0:00:18.66,?,IJA Database,,,18,0
22/07/2023,2023,3b 400m,"IJA, Southbend",Aaron Rosenberg,M,0,0:01:31.20,?,IJA Database,,,91,0
22/07/2023,2023,3b 100m,"IJA, Southbend",Barak Hirschowitz,M,USA,0:00:36.17,?,IJA Database,,,36,0
22/07/2023,2023,3b 400m,"IJA, Southbend",Barak Hirschowitz,M,USA,0:01:37.70,?,IJA Database,,,97,0
22/07/2023,2023,3b 800m,"IJA, Southbend",Barak Hirschowitz,M,USA,0:03:22.90,?,IJA Database,,,202,0
22/07/2023,2023,3b 100m,"IJA, Southbend",Becky Kresser,F,0,0:00:28.42,?,IJA Database,,,28,0
22/07/2023,2023,4b 100m,"IJA, Southbend",Becky Kresser,F,0,0:01:07.20,?,IJA Database,,,67,0
22/07/2023,2023,3b 40y,"IJA, Southbend",Caleb Black,M,0,0:00:06.93,?,IJA Database,,,6,0
22/07/2023,2023,3b 100m,"IJA, Southbend",Caleb Black,M,0,0:00:18.14,?,IJA Database,,,18,0
22/07/2023,2023,4b 100m,"IJA, Southbend",Caleb Black,M,0,0:00:19.80,?,IJA Database,,,19,0
22/07/2023,2023,5b 100m,"IJA, Southbend",Caleb Black,M,0,0:01:01.40,?,IJA Database,,,61,0
22/07/2023,2023,3b 400m,"IJA, Southbend",Caleb Black,M,0,0:01:38.90,?,IJA Database,,,98,0
22/07/2023,2023,3b 800m,"IJA, Southbend",Caleb Black,M,0,0:04:51.00,?,IJA Database,,,291,0
22/07/2023,2023,3b 4x100m,"IJA, Southbend","Caleb Black, Rain Pierce, Mark Fiore, Sterling Franklin",M,0,0:01:19.00,?,IJA Database,,,79,0
22/07/2023,2023,3b 5km,Aberystwyth Parkrun,Derrick Adams,M,GBR,0:26:16.00,?,https://www.parkrun.org.uk/aberystwyth/results/497/ Reports of Derrick joggling on Facebook this week,,,1576,0
22/07/2023,2023,3b 100m,"IJA, Southbend",Draco Tong,M,0,0:00:16.37,?,IJA Database,,,16,24
22/07/2023,2023,4b 100m,"IJA, Southbend",Draco Tong,M,0,0:00:37.73,?,IJA Database,,,37,0
22/07/2023,2023,3b 400m,"IJA, Southbend",Draco Tong,M,0,0:01:16.40,?,IJA Database,,,76,9
22/07/2023,2023,5b 100m,"IJA, Southbend",Draco Tong,M,0,0:01:55.40,?,IJA Database,,,115,0
22/07/2023,2023,3b 800m,"IJA, Southbend",Draco Tong,M,0,0:03:21.30,?,IJA Database,,,201,0
22/07/2023,2023,3b 100m,"IJA, Southbend",Harry Rosenberg,M,0,0:00:22.78,?,IJA Database,,,22,0
22/07/2023,2023,3b 400m,"IJA, Southbend",Harry Rosenberg,M,0,0:01:25.90,?,IJA Database,,,85,0
22/07/2023,2023,3b 100m,"IJA, Southbend",Heather Marriott,F,USA,0:00:21.09,?,IJA Database,,,21,9
22/07/2023,2023,4b 100m,"IJA, Southbend",Heather Marriott,F,USA,0:00:31.62,?,IJA Database,,,31,0
22/07/2023,2023,5b 100m,"IJA, Southbend",Heather Marriott,F,USA,0:01:01.40,?,IJA Database,,,61,0
22/07/2023,2023,3b 400m,"IJA, Southbend",Heather Marriott,F,USA,0:01:43.10,?,IJA Database,,,103,16
22/07/2023,2023,3b 800m,"IJA, Southbend",Heather Marriott,F,USA,0:03:49.30,?,IJA Database,,,229,30
22/07/2023,2023,3b 100m,"IJA, Southbend",Jack Hirschowitz,M,USA,0:00:29.08,?,IJA Database,,,29,0
22/07/2023,2023,3b 400m,"IJA, Southbend",Jack Hirschowitz,M,USA,0:02:06.40,?,IJA Database,,,126,0
22/07/2023,2023,3b 800m,"IJA, Southbend",Jack Hirschowitz,M,USA,0:04:31.70,?,IJA Database,,,271,0
22/07/2023,2023,3b 100m,"IJA, Southbend",Jackie Erickson,M,0,0:00:47.10,?,IJA Database,,,47,0
22/07/2023,2023,3b 100m,"IJA, Southbend",Jacob Heimer,M,0,0:00:16.45,?,IJA Database,,,16,24
22/07/2023,2023,3b 400m,"IJA, Southbend",Jacob Heimer,M,0,0:01:16.10,?,IJA Database,,,76,9
22/07/2023,2023,3b 800m,"IJA, Southbend",Jacob Heimer,M,0,0:03:07.50,?,IJA Database,,,187,0
22/07/2023,2023,3b 4x400m,"IJA, Southbend","Jacob Heimer, Torsten Hornemann, Harry Rosenberg, Nathan Nard",M,0,0:05:27.70,?,IJA Database,,,327,2
22/07/2023,2023,3b 100m,"IJA, Southbend",James Auriemma,M,0,0:00:23.01,?,IJA Database,,,23,0
22/07/2023,2023,4b 100m,"IJA, Southbend",James Auriemma,M,0,0:00:28.03,?,IJA Database,,,28,0
22/07/2023,2023,3b 400m,"IJA, Southbend",James Auriemma,M,0,0:01:25.40,?,IJA Database,,,85,0
22/07/2023,2023,3b 800m,"IJA, Southbend",James Auriemma,M,0,0:03:44.90,?,IJA Database,,,224,0
22/07/2023,2023,3b 4x400m,"IJA, Southbend","James Auriemma, Barak Hirschowitz, Jack Hirschowitz, Sterling Franklin",M,0,0:06:19.30,?,IJA Database,,,379,0
22/07/2023,2023,3b 5km,Holyrood Parkrun ,James McDiarmid,M,GBR,0:20:11.00,0,https://www.parkrun.org.uk/holyrood/results/48/?utm_medium=email&utm_source=resultsemail&utm_campaign=systememail,,,1211,145
22/07/2023,2023,3b 100m,"IJA, Southbend",Jared Janssen,M,0,0:00:14.41,?,IJA Database,,,14,221
22/07/2023,2023,4b 100m,"IJA, Southbend",Jared Janssen,M,0,0:00:15.11,?,IJA Database,,,15,98
22/07/2023,2023,5b 100m,"IJA, Southbend",Jared Janssen,M,0,0:00:44.50,?,IJA Database,,,44,0
22/07/2023,2023,3b 400m,"IJA, Southbend",Jared Janssen,M,0,0:01:11.40,?,IJA Database,,,71,65
22/07/2023,2023,3b 100m,"IJA, Southbend",JoAnn Ireland,F,USA,0:00:21.56,?,IJA Database,,,21,9
22/07/2023,2023,4b 100m,"IJA, Southbend",JoAnn Ireland,F,USA,0:00:30.99,?,IJA Database,,,30,0
22/07/2023,2023,5b 100m,"IJA, Southbend",JoAnn Ireland,F,USA,0:01:36.20,?,IJA Database,,,96,0
22/07/2023,2023,3b 400m,"IJA, Southbend",JoAnn Ireland,F,USA,0:02:00.30,?,IJA Database,,,120,0
22/07/2023,2023,3b 800m,"IJA, Southbend",JoAnn Ireland,F,USA,0:04:38.40,?,IJA Database,,,278,0
22/07/2023,2023,3b 40y,"IJA, Southbend",Kaylin Meyers,F,USA,0:00:07.23,?,IJA Database,,,7,0
22/07/2023,2023,3b 100m,"IJA, Southbend",Kaylin Meyers,F,USA,0:00:18.76,?,IJA Database,,,18,158
22/07/2023,2023,4b 100m,"IJA, Southbend",Kaylin Meyers,F,USA,0:01:20.40,?,IJA Database,,,80,0
22/07/2023,2023,3b 400m,"IJA, Southbend",Kaylin Meyers,F,USA,0:01:55.40,?,IJA Database,,,115,0
22/07/2023,2023,3b 100m,"IJA, Southbend",Kaylyn Schull,F,0,0:00:22.11,?,IJA Database,,,22,0
22/07/2023,2023,4b 100m,"IJA, Southbend",Kaylyn Schull,F,0,0:01:23.80,?,IJA Database,,,83,0
22/07/2023,2023,3b 400m,"IJA, Southbend",Kaylyn Schull,F,0,0:01:38.00,?,IJA Database,,,98,48
22/07/2023,2023,3b 800m,"IJA, Southbend",Kaylyn Schull,F,0,0:03:52.60,?,IJA Database,,,232,22
22/07/2023,2023,3b 4x400m,"IJA, Southbend","Kaylyn Schull, Kaylin Meyers, Summer Cooper, JoAnn Ireland",F,0,0:07:08.30,?,IJA Database,,,428,42
22/07/2023,2023,3b 100m,"IJA, Southbend",Kyle Guibord,M,0,0:00:29.63,?,IJA Database,,,29,0
22/07/2023,2023,3b 400m,"IJA, Southbend",Kyle Guibord,M,0,0:02:09.30,?,IJA Database,,,129,0
22/07/2023,2023,3b 100m,"IJA, Southbend",Laura Shub,F,0,0:00:41.68,?,IJA Database,,,41,0
22/07/2023,2023,3b 40y,"IJA, Southbend",Mark Fiore,M,USA,0:00:05.73,?,IJA Database,,,5,0
22/07/2023,2023,4b 100m,"IJA, Southbend",Mark Fiore,M,USA,0:00:13.97,?,IJA Database,,,13,394
22/07/2023,2023,5b 100m,"IJA, Southbend",Mark Fiore,M,USA,0:00:14.63,?,IJA Database,,,14,221
22/07/2023,2023,3b 100m,"IJA, Southbend",Mark Fiore,M,USA,0:00:34.17,?,IJA Database,,,34,0
22/07/2023,2023,3b 800m,"IJA, Southbend",Mark Fiore,M,USA,0:02:42.90,?,IJA Database,,,162,79
22/07/2023,2023,3b 100m,"IJA, Southbend",Nathan Nard,M,0,0:00:36.74,?,IJA Database,,,36,0
22/07/2023,2023,3b 400m,"IJA, Southbend",Nathan Nard,M,0,0:01:11.40,?,IJA Database,,,71,65
22/07/2023,2023,3b 800m,"IJA, Southbend",Nathan Nard,M,0,0:02:38.20,?,IJA Database,,,158,114
22/07/2023,2023,3b 100m,"IJA, Southbend",Rain Pierce,M,0,0:00:20.28,?,IJA Database,,,20,0
22/07/2023,2023,4b 100m,"IJA, Southbend",Rain Pierce,M,0,0:01:05.70,?,IJA Database,,,65,0
22/07/2023,2023,3b 400m,"IJA, Southbend",Rain Pierce,M,0,0:01:45.20,?,IJA Database,,,105,0
22/07/2023,2023,3b 100m,"IJA, Southbend",Riley McLincha,M,USA,0:00:34.56,?,IJA Database,,,34,0
22/07/2023,2023,3b 400m,"IJA, Southbend",Riley McLincha,M,USA,0:02:40.80,?,IJA Database,,,160,0
22/07/2023,2023,3b 800m,"IJA, Southbend",Riley McLincha,M,USA,0:05:05.60,?,IJA Database,,,305,0
22/07/2023,2023,3b 100m,"IJA, Southbend",Sarah Kresser,F,0,0:00:38.75,?,IJA Database,,,38,0
22/07/2023,2023,3b 400m,"IJA, Southbend",Sarah Kresser,F,0,0:02:43.70,?,IJA Database,,,163,0
22/07/2023,2023,3b 5km,Jubilee Parkrun,Scott Jenkins,M,GBR,0:28:06.00,0,https://www.strava.com/activities/9498231178  https://www.parkrun.org.uk/jubilee/results/110/,,,1686,0
22/07/2023,2023,3b 40y,"IJA, Southbend",Sterling Franklin,M,USA,0:00:05.04,?,IJA Database,,,5,0
22/07/2023,2023,3b 100m,"IJA, Southbend",Sterling Franklin,M,USA,0:00:14.37,?,IJA Database,,,14,221
22/07/2023,2023,4b 100m,"IJA, Southbend",Sterling Franklin,M,USA,0:00:18.46,?,IJA Database,,,18,0
22/07/2023,2023,5b 100m,"IJA, Southbend",Sterling Franklin,M,USA,0:00:44.99,?,IJA Database,,,44,0
22/07/2023,2023,3b 400m,"IJA, Southbend",Sterling Franklin,M,USA,0:01:12.70,?,IJA Database,,,72,50
22/07/2023,2023,3b 800m,"IJA, Southbend",Sterling Franklin,M,USA,0:02:35.20,?,IJA Database,,,155,144
22/07/2023,2023,3b 400m,"IJA, Southbend",Summer Cooper,F,USA,0:01:33.90,?,IJA Database,,,93,96
22/07/2023,2023,3b 800m,"IJA, Southbend",Summer Cooper,F,USA,0:03:21.00,?,IJA Database,,,201,165
22/07/2023,2023,3b 4x100m,"IJA, Southbend","Summer Cooper, Kaylyn Schull, Kaylin Meyers, Heather Marriott",F,0,0:01:23.30,?,IJA Database,,,83,87
22/07/2023,2023,3b 100m,"IJA, Southbend",Torsten Hornemann,M,0,0:00:21.16,?,IJA Database,,,21,0
22/07/2023,2023,4b 100m,"IJA, Southbend",Torsten Hornemann,M,0,0:00:30.03,?,IJA Database,,,30,0
22/07/2023,2023,3b 400m,"IJA, Southbend",Torsten Hornemann,M,0,0:01:16.70,?,IJA Database,,,76,9
22/07/2023,2023,3b 800m,"IJA, Southbend",Torsten Hornemann,M,0,0:03:00.20,?,IJA Database,,,180,0
16/07/2023,2023,3b Half Marathon,Ilkley Half Marathon,Chris Edwin,M,GBR,1:22:18.00,0,https://www.sportstimingsolutions.co.uk/rd.php?id=484,,,4938,442
16/07/2023,2023,3b Half Marathon,Ilkley Half Marathon,Scott Jenkins,M,GBR,1:44:28.00,0,https://www.sportstimingsolutions.co.uk/rd.php?id=484,,,6268,57
15/07/2023,2023,3b 5km,Roberts Park Parkrun,Chris Edwin,M,GBR,0:24:40.00,0,https://www.parkrun.org.uk/robertspark/results/89/ https://www.strava.com/activities/9453836097,,,1480,0
15/07/2023,2023,3b 5km,Huddersfield Parkrun,Jake Lodge,M,GBR,0:22:12.00,4,https://www.parkrun.org.uk/huddersfield/results/543/ https://www.strava.com/activities/9454005319,,,1332,32
15/07/2023,2023,3b 5km,Holyrood Parkrun,James McDiarmid,M,GBR,0:21:09.00,2,,,,1269,81
15/07/2023,2023,3b 5km,Roberts Park Parkrun,Scott Jenkins,M,GBR,0:24:39.00,2,https://www.parkrun.org.uk/robertspark/results/89/ https://www.strava.com/activities/9454347891,,,1479,0
10/07/2023,2023,3b Mile,Time Trial,Tim Ebersole,M,USA,0:06:11.00,?,https://www.strava.com/activities/9426849905,,,371,67
08/07/2023,2023,3b 5km,Stamford Park Parkrun,Jake Lodge,M,GBR,0:21:38.00,?,https://www.parkrun.org.uk/stamfordpark/results/341/  https://www.strava.com/activities/9409921616,,,1298,56
08/07/2023,2023,3b 5km,St Andrews Parkrun,Scott Jenkins,M,GBR,0:22:19.00,0,https://www.parkrun.org.uk/standrews/results/489/,,,1339,28
07/07/2023,2023,3b 10km,"SoJo Glow Run, South Jordan, Utah",David Tate,M,USA,0:59:59.00,?,https://twitter.com/dren_braves/status/1677692169803673600,,,3599,0
01/07/2023,2023,3b 5km,FSM China 5k,Dana Lee Ling,M,FSM,0:56:57.00,1,https://www.strava.com/activities/9364589789 https://www.facebook.com/100091873519711/posts/pfbid02xXwXYu6tfDkMg1nxegsv8UwobrTHehg6BjDce9DrsEsebX9qbjhPtWRQ9S2ZL9H4l/?app=fbl ,,,3417,0
01/07/2023,2023,3b 5km,Polkemmet Country Parkrun,Scott Jenkins,M,GBR,0:23:18.00,0,https://www.parkrun.org.uk/polkemmetcountry/results/137/,,,1398,4
24/06/2023,2023,3b 5km,Holyrood Parkrun,James McDiarmid,M,GBR,0:21:38.00,?,https://www.parkrun.org.uk/holyrood/results/44/,,,1298,56
24/06/2023,2023,3c 5km,"Union Beach, New Jersey",Karly Swaim,F,USA,0:32:51.00,1,https://runsignup.com/Race/Results/22604/IndividualResult/sZSf#U21578490,,,1971,13
23/06/2023,2023,3b 100m,"Russian Juggling Convention, Dmitrov, Russia",Altayakov Ilnur,M,RUS,0:00:51.00,?,https://vk.com/wall-64197511_4495,,,51,0
23/06/2023,2023,3b 100m,"Russian Juggling Convention, Dmitrov, Russia",Balabushkina Anastasia,F,RUS,0:00:23.09,?,https://vk.com/wall-64197511_4495,,,23,0
23/06/2023,2023,3c 100m,"Russian Juggling Convention, Dmitrov, Russia",Balabushkina Anastasia,F,RUS,0:00:36.17,?,https://vk.com/wall-64197511_4495,,,36,0
23/06/2023,2023,4b 100m,"Russian Juggling Convention, Dmitrov, Russia",Balabushkina Anastasia,F,RUS,0:00:48.52,?,https://vk.com/wall-64197511_4495,,,48,0
23/06/2023,2023,4b 100m,"Russian Juggling Convention, Dmitrov, Russia",Balabushkina Anastasia,F,RUS,0:02:20.43,?,https://vk.com/wall-64197511_4495,,,140,0
23/06/2023,2023,3c 400m,"Russian Juggling Convention, Dmitrov, Russia",Balabushkina Anastasia,F,RUS,0:02:23.00,?,https://vk.com/wall-64197511_4495,,,143,0
23/06/2023,2023,5b 100m,"Russian Juggling Convention, Dmitrov, Russia",Balabushkina Anastasia,F,RUS,0:04:20.87,?,https://vk.com/wall-64197511_4495,,,260,0
23/06/2023,2023,3b 100m,"Russian Juggling Convention, Dmitrov, Russia",Chuikova Olga,F,RUS,0:00:50.00,?,https://vk.com/wall-64197511_4495,,,50,0
23/06/2023,2023,3c 100m,"Russian Juggling Convention, Dmitrov, Russia",Deulina Kristina,F,RUS,0:00:50.74,?,https://vk.com/wall-64197511_4495,,,50,0
23/06/2023,2023,3b 100m,"Russian Juggling Convention, Dmitrov, Russia",Deulina Kristina,F,RUS,0:00:53.23,?,https://vk.com/wall-64197511_4495,,,53,0
23/06/2023,2023,4b 100m,"Russian Juggling Convention, Dmitrov, Russia",Deulina Kristina,F,RUS,0:00:56.50,?,https://vk.com/wall-64197511_4495,,,56,0
23/06/2023,2023,3b 400m,"Russian Juggling Convention, Dmitrov, Russia",Deulina Kristina,F,RUS,0:02:56.20,?,https://vk.com/wall-64197511_4495,,,176,0
23/06/2023,2023,3b 100m,"Russian Juggling Convention, Dmitrov, Russia",Elizabeth Sychugova,F,RUS,0:00:40.06,?,https://vk.com/wall-64197511_4495,,,40,0
23/06/2023,2023,4b 100m,"Russian Juggling Convention, Dmitrov, Russia",Elizabeth Sychugova,F,RUS,0:00:53.44,?,https://vk.com/wall-64197511_4495,,,53,0
23/06/2023,2023,3b 400m,"Russian Juggling Convention, Dmitrov, Russia",Elizabeth Sychugova,F,RUS,0:02:50.41,?,https://vk.com/wall-64197511_4495,,,170,0
23/06/2023,2023,3b 100m,"Russian Juggling Convention, Dmitrov, Russia",Gramotin Anton,M,RUS,0:00:30.10,?,https://vk.com/wall-64197511_4495,,,30,0
23/06/2023,2023,3c 100m,"Russian Juggling Convention, Dmitrov, Russia",Gramotin Anton,M,RUS,0:00:45.85,?,https://vk.com/wall-64197511_4495,,,45,0
23/06/2023,2023,4b 100m,"Russian Juggling Convention, Dmitrov, Russia",Gramotin Anton,M,RUS,0:00:46.93,?,https://vk.com/wall-64197511_4495,,,46,0
23/06/2023,2023,5b 100m,"Russian Juggling Convention, Dmitrov, Russia",Gramotin Anton,M,RUS,0:01:29.18,?,https://vk.com/wall-64197511_4495,,,89,0
23/06/2023,2023,3b 400m,"Russian Juggling Convention, Dmitrov, Russia",Gramotin Anton,M,RUS,0:02:15.93,?,https://vk.com/wall-64197511_4495,,,135,0
23/06/2023,2023,3b 100m,"Russian Juggling Convention, Dmitrov, Russia",Gramotina Natalia,F,RUS,0:00:51.00,?,https://vk.com/wall-64197511_4495,,,51,0
23/06/2023,2023,3c 100m,"Russian Juggling Convention, Dmitrov, Russia",Gramotina Natalia,F,RUS,0:01:01.00,?,https://vk.com/wall-64197511_4495,,,61,0
23/06/2023,2023,3b 100m,"Russian Juggling Convention, Dmitrov, Russia",Kharchenko Elizaveta,F,RUS,0:00:37.28,?,https://vk.com/wall-64197511_4495,,,37,0
23/06/2023,2023,3c 100m,"Russian Juggling Convention, Dmitrov, Russia",Kharchenko Elizaveta,F,RUS,0:00:39.80,?,https://vk.com/wall-64197511_4495,,,39,0
23/06/2023,2023,4b 100m,"Russian Juggling Convention, Dmitrov, Russia",Kharchenko Elizaveta,F,RUS,0:01:12.00,?,https://vk.com/wall-64197511_4495,,,72,0
23/06/2023,2023,4b 100m,"Russian Juggling Convention, Dmitrov, Russia",Kharchenko Elizaveta,F,RUS,0:02:27.58,?,https://vk.com/wall-64197511_4495,,,147,0
23/06/2023,2023,3c 400m,"Russian Juggling Convention, Dmitrov, Russia",Kharchenko Elizaveta,F,RUS,0:02:56.00,?,https://vk.com/wall-64197511_4495,,,176,0
23/06/2023,2023,3c 400m,"Russian Juggling Convention, Dmitrov, Russia",Korpusov Maxim,M,RUS,0:03:17.64,?,https://vk.com/wall-64197511_4495,,,197,0
23/06/2023,2023,3b 1000m,"Russian Juggling Convention, Dmitrov, Russia",Korpusov Maxim,M,RUS,0:04:54.72,?,https://vk.com/wall-64197511_4495,,,294,0
23/06/2023,2023,3c 100m,"Russian Juggling Convention, Dmitrov, Russia",Kovalenko Alexey,M,RUS,0:00:36.19,?,https://vk.com/wall-64197511_4495,,,36,0
23/06/2023,2023,4b 100m,"Russian Juggling Convention, Dmitrov, Russia",Kovalenko Alexey,M,RUS,0:00:45.42,?,https://vk.com/wall-64197511_4495,,,45,0
23/06/2023,2023,3b 100m,"Russian Juggling Convention, Dmitrov, Russia",Kovalenko Alexey,M,RUS,0:00:51.00,?,https://vk.com/wall-64197511_4495,,,51,0
23/06/2023,2023,5b 100m,"Russian Juggling Convention, Dmitrov, Russia",Kovalenko Alexey,M,RUS,0:01:58.87,?,https://vk.com/wall-64197511_4495,,,118,0
23/06/2023,2023,4b 100m,"Russian Juggling Convention, Dmitrov, Russia",Kovalenko Alexey,M,RUS,0:02:02.42,?,https://vk.com/wall-64197511_4495,,,122,0
23/06/2023,2023,3b 100m,"Russian Juggling Convention, Dmitrov, Russia",Kovalenko Ekaterina,F,RUS,0:00:34.28,?,https://vk.com/wall-64197511_4495,,,34,0
23/06/2023,2023,3c 100m,"Russian Juggling Convention, Dmitrov, Russia",Kovalenko Ekaterina,F,RUS,0:00:52.97,?,https://vk.com/wall-64197511_4495,,,52,0
23/06/2023,2023,4b 100m,"Russian Juggling Convention, Dmitrov, Russia",Kovalenko Ekaterina,F,RUS,0:03:33.82,?,https://vk.com/wall-64197511_4495,,,213,0
23/06/2023,2023,3c 400m,"Russian Juggling Convention, Dmitrov, Russia",Kovalenko Ekaterina,F,RUS,0:03:47.00,?,https://vk.com/wall-64197511_4495,,,227,0
23/06/2023,2023,3b 1000m,"Russian Juggling Convention, Dmitrov, Russia",Loginov Mihail,M,RUS,0:08:18.64,?,https://vk.com/wall-64197511_4495,,,498,0
23/06/2023,2023,3b 100m,"Russian Juggling Convention, Dmitrov, Russia",Mazeina Julia,F,RUS,0:00:44.00,?,https://vk.com/wall-64197511_4495,,,44,0
23/06/2023,2023,3b 100m,"Russian Juggling Convention, Dmitrov, Russia",Nikitin Egor,M,RUS,0:00:49.42,?,https://vk.com/wall-64197511_4495,,,49,0
23/06/2023,2023,3b 100m,"Russian Juggling Convention, Dmitrov, Russia",Orlov Vladimir,M,RUS,0:00:23.90,?,https://vk.com/wall-64197511_4495,,,23,0
23/06/2023,2023,3c 100m,"Russian Juggling Convention, Dmitrov, Russia",Orlov Vladimir,M,RUS,0:00:25.90,?,https://vk.com/wall-64197511_4495,,,25,0
23/06/2023,2023,4b 100m,"Russian Juggling Convention, Dmitrov, Russia",Orlov Vladimir,M,RUS,0:00:34.08,?,https://vk.com/wall-64197511_4495,,,34,0
23/06/2023,2023,4b 100m,"Russian Juggling Convention, Dmitrov, Russia",Orlov Vladimir,M,RUS,0:01:55.24,?,https://vk.com/wall-64197511_4495,,,115,0
23/06/2023,2023,3c 400m,"Russian Juggling Convention, Dmitrov, Russia",Orlov Vladimir,M,RUS,0:02:13.85,?,https://vk.com/wall-64197511_4495,,,133,0
23/06/2023,2023,3c 1000m,"Russian Juggling Convention, Dmitrov, Russia",Orlov Vladimir,M,RUS,0:06:56.76,?,https://vk.com/wall-64197511_4495,,,416,0
23/06/2023,2023,3b 100m,"Russian Juggling Convention, Dmitrov, Russia",Penkova Olga,F,RUS,0:00:31.00,?,https://vk.com/wall-64197511_4495,,,31,0
23/06/2023,2023,3c 100m,"Russian Juggling Convention, Dmitrov, Russia",Penkova Olga,F,RUS,0:00:35.61,?,https://vk.com/wall-64197511_4495,,,35,0
23/06/2023,2023,3b 100m,"Russian Juggling Convention, Dmitrov, Russia",Perevalova Tatyana,F,RUS,0:00:26.29,?,https://vk.com/wall-64197511_4495,,,26,0
23/06/2023,2023,3c 100m,"Russian Juggling Convention, Dmitrov, Russia",Perevalova Tatyana,F,RUS,0:00:50.04,?,https://vk.com/wall-64197511_4495,,,50,0
23/06/2023,2023,4b 100m,"Russian Juggling Convention, Dmitrov, Russia",Perevalova Tatyana,F,RUS,0:03:35.59,?,https://vk.com/wall-64197511_4495,,,215,0
23/06/2023,2023,3c 400m,"Russian Juggling Convention, Dmitrov, Russia",Perevalova Tatyana,F,RUS,0:04:24.00,?,https://vk.com/wall-64197511_4495,,,264,0
23/06/2023,2023,4b 100m,"Russian Juggling Convention, Dmitrov, Russia",Prokhorova Angelina,F,RUS,0:01:45.67,?,https://vk.com/wall-64197511_4495,,,105,0
23/06/2023,2023,3c 400m,"Russian Juggling Convention, Dmitrov, Russia",Prokhorova Angelina,F,RUS,0:02:27.56,?,https://vk.com/wall-64197511_4495,,,147,0
23/06/2023,2023,3c 1000m,"Russian Juggling Convention, Dmitrov, Russia",Prokhorova Angelina,F,RUS,0:10:57.62,?,https://vk.com/wall-64197511_4495,,,657,0
23/06/2023,2023,3b 100m,"Russian Juggling Convention, Dmitrov, Russia",Raskostova Kristina,F,RUS,0:00:42.34,?,https://vk.com/wall-64197511_4495,,,42,0
23/06/2023,2023,4b 100m,"Russian Juggling Convention, Dmitrov, Russia",Raskostova Kristina,F,RUS,0:00:56.50,?,https://vk.com/wall-64197511_4495,,,56,0
23/06/2023,2023,3b 400m,"Russian Juggling Convention, Dmitrov, Russia",Raskostova Kristina,F,RUS,0:03:03.20,?,https://vk.com/wall-64197511_4495,,,183,0
23/06/2023,2023,3c 100m,"Russian Juggling Convention, Dmitrov, Russia",Romanov Nikita,M,RUS,0:00:44.73,?,https://vk.com/wall-64197511_4495,,,44,0
23/06/2023,2023,3b 100m,"Russian Juggling Convention, Dmitrov, Russia",Romanov Nikita,M,RUS,0:00:49.12,?,https://vk.com/wall-64197511_4495,,,49,0
23/06/2023,2023,4b 100m,"Russian Juggling Convention, Dmitrov, Russia",Romanov Nikita,M,RUS,0:01:27.00,?,https://vk.com/wall-64197511_4495,,,87,0
23/06/2023,2023,4b 100m,"Russian Juggling Convention, Dmitrov, Russia",Romanov Nikita,M,RUS,0:02:27.33,?,https://vk.com/wall-64197511_4495,,,147,0
23/06/2023,2023,3b 100m,"Russian Juggling Convention, Dmitrov, Russia",Shpilevskaya Sofia,F,RUS,0:01:26.93,?,https://vk.com/wall-64197511_4495,,,86,0
23/06/2023,2023,3c 100m,"Russian Juggling Convention, Dmitrov, Russia",Shpilevsky Vyacheslav,M,RUS,0:00:43.34,?,https://vk.com/wall-64197511_4495,,,43,0
23/06/2023,2023,3c 100m,"Russian Juggling Convention, Dmitrov, Russia",Tingaev Stanislav,M,RUS,0:00:37.86,?,https://vk.com/wall-64197511_4495,,,37,0
23/06/2023,2023,3b 100m,"Russian Juggling Convention, Dmitrov, Russia",Tingaev Stanislav,M,RUS,0:00:44.90,?,https://vk.com/wall-64197511_4495,,,44,0
23/06/2023,2023,4b 100m,"Russian Juggling Convention, Dmitrov, Russia",Tingaev Stanislav,M,RUS,0:01:47.36,?,https://vk.com/wall-64197511_4495,,,107,0
23/06/2023,2023,3c 400m,"Russian Juggling Convention, Dmitrov, Russia",Tingaev Stanislav,M,RUS,0:02:02.09,?,https://vk.com/wall-64197511_4495,,,122,0
23/06/2023,2023,3b 1000m,"Russian Juggling Convention, Dmitrov, Russia",Tingaev Stanislav,M,RUS,0:05:46.78,?,https://vk.com/wall-64197511_4495,,,346,0
23/06/2023,2023,3c 1000m,"Russian Juggling Convention, Dmitrov, Russia",Tingaev Stanislav,M,RUS,0:11:00.93,?,https://vk.com/wall-64197511_4495,,,660,0
23/06/2023,2023,3b 100m,"Russian Juggling Convention, Dmitrov, Russia",Tsybina Victoria,F,RUS,0:01:23.05,?,https://vk.com/wall-64197511_4495,,,83,0
23/06/2023,2023,3b 100m,"Russian Juggling Convention, Dmitrov, Russia",Zyablitsky Alexander,M,RUS,0:00:24.00,?,https://vk.com/wall-64197511_4495,,,24,0
23/06/2023,2023,3c 100m,"Russian Juggling Convention, Dmitrov, Russia",Zyablitsky Alexander,M,RUS,0:00:30.95,?,https://vk.com/wall-64197511_4495,,,30,0
23/06/2023,2023,4b 100m,"Russian Juggling Convention, Dmitrov, Russia",Zyablitsky Alexander,M,RUS,0:01:24.00,?,https://vk.com/wall-64197511_4495,,,84,0
23/06/2023,2023,4b 100m,"Russian Juggling Convention, Dmitrov, Russia",Zyablitsky Alexander,M,RUS,0:02:16.04,?,https://vk.com/wall-64197511_4495,,,136,0
23/06/2023,2023,3c 400m,"Russian Juggling Convention, Dmitrov, Russia",Zyablitsky Alexander,M,RUS,0:02:37.00,?,https://vk.com/wall-64197511_4495,,,157,0
18/06/2023,2023,3b 50km,Trackathon,Tim Butler,M,GBR,5:58:05.00,?,Marathon #84: https://www.joggling.co.uk/Marathon-List,,,21485,0
17/06/2023,2023,3b 5km,"Red Bank Classic, New Jersey",Karly Swaim,F,USA,0:29:13.00,0,https://my.raceresult.com/247292/results,,,1753,97
17/06/2023,2023,3b 5km,Milano Nord Parkrun,Scott Jenkins,M,GBR,0:28:57.00,0,https://www.strava.com/activities/9280386127  https://www.parkrun.it/milanonord/results/271/,,,1737,0
16/06/2023,2023,3b Half Marathon,"Nacht Van Vlaanderen Half Marathon, Belgium",Toon Witters,M,BEL,1:53:11.00,?,https://www.strava.com/activities/9278465811 https://www.focus-wtv.be/nieuws/toon-loopt-halve-marathon-op-blote-voeten-en-al-jonglerend,,,6791,5
10/06/2023,2023,3b 5km,Holyrood Parkrun,James McDiarmid,M,GBR,0:22:19.00,6,https://www.parkrun.org.uk/holyrood/results/42/,,,1339,28
10/06/2023,2023,3c 5km,"5 Alarm, New Jersey",Karly Swaim,F,USA,0:31:53.00,11,https://my.raceresult.com/246738/results#1_61E9DE,,,1913,28
10/06/2023,2023,3b 5km,Dinton Pastures Parkrun,Stuart Humphries,M,GBR,0:27:22.00,?,https://www.parkrun.org.uk/dintonpastures/results/189/,,,1642,0
04/06/2023,2023,3c 5km,"Dawg Dash, New Jersey",Karly Swaim,F,USA,0:33:13.00,2,https://my.raceresult.com/246703/results#1_61E9DE,,,1993,9
04/06/2023,2023,3b Half Marathon,Cork Half Marathon,Scott Jenkins,M,GBR,1:47:39.00,0,https://www.strava.com/activities/9200562937  https://www.corkathletics.org/latest-results/2023/434-june/2907-cork-city-half-marathon-results-june-2023.html,,,6459,32
04/06/2023,2023,3b Ultra (28.5m),Butterfly Run,Tim Butler,M,GBR,5:39:52.00,?,Marathon #83: https://www.joggling.co.uk/Marathon-List,,,20392,0
28/05/2023,2023,3b Half Marathon,Edinburgh Half Marathon,Scott Jenkins,M,GBR,1:27:48.00,2,https://www.strava.com/activities/9154792920,,,5268,313
27/05/2023,2023,3b 5km,Ottawa,Michael-Lucien Bergeron,M,CAN,0:17:24.00,?,https://www.strava.com/activities/9152812476,,,1044,435
27/05/2023,2023,3b 5km,Dunfermline Parkrun,Scott Jenkins,M,GBR,0:20:44.00,0,https://www.parkrun.org.uk/dunfermline/results/311  https://www.strava.com/activities/9148516853,,,1244,106
26/05/2023,2023,3b 3km,Glasgow Green,Scott Jenkins,M,GBR,0:10:21.00,0,https://www.strava.com/activities/9143369867,,,621,390
20/05/2023,2023,3b 5km,Aberystwyth Parkrun,Derrick Adams,M,GBR,0:26:36.00,0,https://www.parkrun.org.uk/aberystwyth/results/488/  Twitter post (Found by Chris E),,,1596,0
20/05/2023,2023,3c 5km,"Spring into Summer, New Jersey",Karly Swaim,F,USA,0:33:52.00,6,https://runsignup.com/Race/Results/21231/IndividualResult/GHPP#U21578490,,,2032,3
20/05/2023,2023,3b 5km,Meadowmill Parkrun,Scott Jenkins,M,GBR,0:20:56.00,3,https://www.parkrun.org.uk/meadowmill/results/135  https://www.strava.com/activities/9104572768,,,1256,94
18/05/2023,2023,3b Half Marathon,Auffahrtslauf St. Gallen Half Marathon,Daniel Raum,M,AUT,1:38:41.00,?,https://my.raceresult.com/226362/results      https://www.alphafoto.com/images.php?runID=1518&sn=596,,,5921,123
14/05/2023,2023,3b Marathon,Leeds Marathon,Chris Edwin,M,GBR,3:09:13.00,1,https://www.strava.com/activities/9069308254,,,11353,344
14/05/2023,2023,3c 10km,Blackpool,JL Coldham,M,GBR,1:07:14.00,?,Clubs. https://www.strava.com/activities/9069210875  https://www.facebook.com/526246301/videos/1519666768437135/  https://www.sportstimingsolutions.co.uk/rcd.php?id=472&bib=1252,,,4034,0
14/05/2023,2023,3b Marathon,Leeds Marathon,Tim Butler,M,GBR,4:41:11.00,?,Marathon #82: https://www.strava.com/activities/9071024334,,,16871,0
14/05/2023,2023,3b 5km,Time Trial,Toon Witters,M,BEL,0:23:41.00,1,"https://www.strava.com/activities/9068289058, barefoot",,,1421,1
13/05/2023,2023,3b 10km,"Penicuik, Scotland",Scott Jenkins,M,GBR,0:40:28.00,0,https://www.strava.com/activities/9062494677,,,2428,275
07/05/2023,2023,3b 5km,"Ridge Road Run, New Jersey",Karly Swaim,F,USA,0:28:56.00,0,https://runsignup.com/Race/Results/70305/IndividualResult/sXfJ#U21578490,,,1736,107
07/05/2023,2023,3b Marathon,Lincoln Marathon,Trevor McQuay,M,USA,4:30:42.00,?,https://www.mtecresults.com/runner/show?race=14950&rid=554 https://www.strava.com/activities/9029190962,,,16242,0
06/05/2023,2023,3b 5km,Holyrood Parkrun,Scott Jenkins,M,GBR,0:24:18.00,2,https://www.parkrun.org.uk/holyrood/results/38  https://www.strava.com/activities/9020536793,,,1458,0
23/04/2023,2023,3b Half Marathon,Rock n Roll Nashville,John Dombach,M,USA,1:56:47.00,6,https://www.runrocknroll.com/nashville-results   https://www.instagram.com/p/CrUOvmqpPuF/,,,7007,0
23/04/2023,2023,3b Half Marathon,St. Luke's Half Marathon,Scott Boehret,M,USA,1:48:43.00,1,https://runsignup.com/Race/Results/11383/?customResultsPageId=61903&segmentId=406332&row=261,,,6523,25
22/04/2023,2023,3b 10km,"SoJo Earth Day 10k, Utah",David Tate,M,USA,0:55:24.00,0,https://results.raceroster.com/en-US/results/detail/fk5f3msqrvvbd33n    https://twitter.com/dren_braves/status/1649826780231110656?t=gCRH4mIKsuIswg-kz8Wp1A&s=19,,,3324,0
22/04/2023,2023,3b 10km,"Richmond, VA",Jonathan Austin,M,USA,0:51:15.00,0,Email exchange,,,3075,2
22/04/2023,2023,3c 2 Miles,"JSRC Asbury Park Tutu, New Jersey",Karly Swaim,F,USA,0:21:21.00,?,https://runsignup.com/Race/Photos/Location/FinishLine2/NJ/AsburyPark/Tutu22,,,1281,0
22/04/2023,2023,3b 5km,Tollcross Parkrun,Scott Jenkins,M,GBR,0:20:57.00,0,https://www.strava.com/activities/8935351158,,,1257,93
16/04/2023,2023,3b Marathon,Manchester Marathon,Chris Edwin,M,GBR,3:10:30.00,0,,,,11430,332
15/04/2023,2023,3b 5km,Vogrie Parkrun,Scott Jenkins,M,GBR,0:20:33.00,0,https://www.strava.com/activities/8893490771,,,1233,119
08/04/2023,2023,3b 5km,Edinburgh Parkrun,Scott Jenkins,M,GBR,0:20:52.00,1,https://www.strava.com/activities/8852459895,,,1252,98
02/04/2023,2023,3b 5km,Southampton 5km,Kevin Sawers,M,GBR,0:32:04.00,?,https://www.strava.com/activities/8817698457   https://dbmaxresults.co.uk/results.aspx?CId=16421&RId=405&EId=6&dt=0&PageNo=2&adv=0,,,1924,0
01/04/2023,2023,3b 5km,Preston Park Parkrun,Jake Lodge,M,GBR,0:23:21.00,?,https://www.parkrun.org.uk/prestonpark/results/440/  https://www.strava.com/activities/8814301066,,,1401,4
01/04/2023,2023,3b 4.5 Miles,"JSRC RunAPalooza Asbury Park, New Jersey",Karly Swaim,F,USA,4:14:37.00,?,"https://d368g9lw5ileu7.cloudfront.net/races/results_7mrbjvlxqquozuh9760lmzpvza4n.txt  Time given for entire relay team, Relay Team Manolo's Maniacs-A Bib #99",,,15277,0
01/04/2023,2023,3b 5km,Meadowmill Parkrun,Scott Jenkins,M,GBR,0:20:18.00,0,https://www.strava.com/activities/8811969159,,,1218,136
25/03/2023,2023,3b 5km,Livingston Parkrun,Scott Jenkins,M,GBR,0:27:59.00,0,https://www.strava.com/activities/8773238448,,,1679,0
25/03/2023,2023,3b Ultra (27.5m),Great British Seaside Challenge,Tim Butler,M,GBR,5:26:01.00,?,Marathon #81: https://www.joggling.co.uk/Marathon-List,,,19561,0
19/03/2023,2023,3b Half Marathon,Wigan Half Marathon,Chris Edwin,M,GBR,1:22:19.00,0,,,,4939,441
18/03/2023,2023,3b 5km,"SoJo Gold Rush Race 5k, Utah",David Tate,M,USA,0:27:12.00,0,https://results.raceroster.com/en-US/results/detail/q2ujswhv74k37m4v     https://twitter.com/dren_braves/status/1638301785600425985?t=6CoSh0lgpz_2gcWnjjedGQ&s=19,,,1632,0
18/03/2023,2023,3b 5km,Nobles Parkrun,Jake Lodge,M,GBR,0:22:34.00,?,https://www.parkrun.org.uk/nobles/results/224/  https://www.parkrun.org.uk/nobles/news/2023/03/21/nobles-parkrun-event-224/   https://www.instagram.com/p/Cp7aQ-iDjkc/,,,1354,20
18/03/2023,2023,3b 5km,Oriam Parkrun,Scott Jenkins,M,GBR,0:20:10.00,0,https://www.strava.com/activities/8733520825,,,1210,146
11/03/2023,2023,3b 5km,Torvean Parkrun,Scott Jenkins,M,GBR,0:26:21.00,0,https://www.strava.com/activities/8695029181,,,1581,0
07/03/2023,2023,3b Marathon,Big Bear Elephant Run,Tim Butler,M,GBR,4:58:04.00,?,Marathon #80: https://www.joggling.co.uk/Marathon-List,,,17884,0
05/03/2023,2023,3b Marathon,Tokyo Marathon,Barak Hirschowitz,M,USA,4:10:00.00,0,https://www.marathon.tokyo/2023/result/detail.php,,,15000,6
05/03/2023,2023,3b Marathon,Tokyo Marathon,Jack Hirschowitz,M,USA,4:55:10.00,0,https://www.marathon.tokyo/2023/result/detail.php,,,17710,0
04/03/2023,2023,3b 5km,Karpendonkse Plas parkrun,Rik Konings,M,NLD,0:26:47.00,?,https://www.parkrun.co.nl/karpendonkseplas/results/80/,,,1607,0
04/03/2023,2023,3b 5km,"Queen's, Glasgow Parkrun",Scott Jenkins,M,GBR,0:22:41.00,0,https://www.strava.com/activities/8656799309,,,1361,17
22/02/2023,2023,3b Half Marathon,Time Trial,Jake Lodge,M,GBR,1:45:28.00,?,https://www.strava.com/activities/8602663011,,,6328,48
19/02/2023,2023,3b 5km,Roberts Park Parkrun,Chris Edwin,M,GBR,0:19:12.00,1,https://www.parkrun.org.uk/robertspark/results/19/      https://www.facebook.com/108529600921199/posts/pfbid0xiw65sANFevSWGv3avyQoS8v81v9Vyvz83nWbR9Zx7TBRMxYKAk6Xc4CW6C9UAoTl/?app=fbl,,,1152,230
19/02/2023,2023,3b 5km,Roberts Park Parkrun,Ralph Kidner,M,GBR,0:34:13.00,?,https://www.parkrun.org.uk/robertspark/results/19/      https://www.facebook.com/108529600921199/posts/pfbid0xiw65sANFevSWGv3avyQoS8v81v9Vyvz83nWbR9Zx7TBRMxYKAk6Xc4CW6C9UAoTl/?app=fbl,,,2053,0
19/02/2023,2023,3b Marathon,Bingley,Tim Butler,M,GBR,4:46:15.00,?,Marathon #79: https://www.joggling.co.uk/Marathon-List,,,17175,0
12/02/2023,2023,3b Marathon,"Brandon Park, Suffolk",Tim Butler,M,GBR,4:51:10.00,?,Marathon #78: https://www.joggling.co.uk/Marathon-List,,,17470,0
11/02/2023,2023,3b 5km,Vogrie Parkrun,Scott Jenkins,M,GBR,0:24:48.00,1,https://www.strava.com/activities/8541362997,,,1488,0
10/02/2023,2023,3b 5km,Park im. Jana Pawla II Parkrun,Kacper Suchora,M,POL,0:27:06.00,?,,,,1626,0
04/02/2023,2023,3b 5km,Hay Lodge Parkrun,Scott Jenkins,M,GBR,0:20:47.00,0,https://www.strava.com/activities/8502123456,,,1247,103
28/01/2023,2023,3b 5km,Chevin Forest Parkrun,Jake Lodge,M,GBR,0:24:48.00,?,https://www.parkrun.org.uk/chevinforest/results/73/  https://www.strava.com/activities/8464067384,,,1488,0
28/01/2023,2023,3b 5km,Falkirk Parkrun,Scott Jenkins,M,GBR,0:23:29.00,1,https://www.strava.com/activities/8464216907,,,1409,2
27/01/2023,2023,3b Marathon,Knaresmire Edge Rewind,Tim Butler,M,GBR,4:46:55.00,?,Marathon #77: https://www.joggling.co.uk/Marathon-List,,,17215,0
21/01/2023,2023,3b 5km,Lochend Woods Parkrun,Scott Jenkins,M,GBR,0:20:58.00,0,https://www.strava.com/activities/8426310028,,,1258,92
14/01/2023,2023,3b 5km,Brighouse Parkrun,Jake Lodge,M,GBR,0:22:21.00,4,https://www.strava.com/activities/8390331189  https://www.parkrun.org.uk/brighouse/results/231/,,,1341,27
07/01/2023,2023,3b 5km,Pobalscoil Na Trionoide Parkrun,Brian Linehan,M,IRL,0:23:25.00,?,https://www.parkrun.ie/pobalscoilnatrionoide/results/44/   https://www.facebook.com/profile/100067922504955/search/?q=juggling,,,1405,3
31/12/2022,2022,3c 2 Miles,"JSRC Twilight Fun Run, New Jersey",Karly Swaim,F,USA,0:22:00.00,?,https://runsignup.com/Race/Photos/Location/FinishLine3/NJ/Manasquan/JSRCTwilightRun,,,1320,0
30/12/2022,2022,3b Marathon,Bridlington,Tim Butler,M,GBR,4:44:55.00,?,Marathon #76: https://www.joggling.co.uk/Marathon-List,,,17095,0
24/12/2022,2022,3b 5km,Burnham and Highbridge Parkrun,Scott Jenkins,M,GBR,0:23:47.00,0,https://www.strava.com/activities/8284952061,,,1427,0
17/12/2022,2022,3b Marathon,Maramile,Tim Butler,M,GBR,4:18:29.00,?,Marathon #75: https://www.joggling.co.uk/Marathon-List,,,15509,0
12/12/2022,2022,3b 5km,"Bill Bruno Alumni Cross Country Run, New Jersey",Karly Swaim,F,USA,0:40:18.00,?,https://runsignup.com/Race/Results/67106/IndividualResult/SDNp?resultSetId=354920#U67229332,,,2418,0
03/12/2022,2022,3b 4.5km,Gossau Christmas Run 4.5km,Daniel Raum,M,AUT,0:19:15.00,?,https://www.datasport.com/live/ranking/?racenr=24167&kat=19 https://www.alphafoto.com/images.php?runID=1464&sn=9832,,,1155,0
03/12/2022,2022,3b 10km,Forchheimer Nikolauslauf,Peter Meyer,M,DEU,0:59:43.00,4,https://www.hdsports.at/laufen/forchheimer-nikolauslauf  http://home.mnet-online.de/joggling/aboutme_d.htm,,,3583,0
27/11/2022,2022,3b 5km,"JSRC Navesink Challenge, New Jersey",Karly Swaim,F,USA,0:28:40.00,8,https://runsignup.com/Race/Results/38943/IndividualResult/SRLt#U21578490,,,1720,116
26/11/2022,2022,3b 5km,Holyrood Parkrun,Scott Jenkins,M,GBR,0:23:56.00,?,https://www.strava.com/activities/8170151768,,,1436,0
24/11/2022,2022,3c 2.25 Miles,"Fair Haven Turkey Trot, New Jersey",Karly Swaim,F,USA,0:24:40.00,6,"https://www.facebook.com/share/p/f6ZaykhoTYhtPzUY/?
Inbox",,,1480,0
20/11/2022,2022,3b Marathon,Maravan,Tim Butler,M,GBR,4:27:07.00,?,Marathon #74: https://www.joggling.co.uk/Marathon-List,,,16027,0
19/11/2022,2022,3b 100m,Time Trial,Christian Roberto Lopez Rogriguez,M,ESP,0:00:15.28,?,https://www.guinnessworldrecords.com/world-records/112079-fastest-100-m-joggling-with-three-objects-blindfolded,,,15,98
19/11/2022,2022,3b 5km,Kirkcaldy Parkrun,Scott Jenkins,M,GBR,0:21:47.00,0,https://www.strava.com/activities/8138686226,,,1307,49
19/11/2022,2022,3b 5km,Prospet Parkrun,Stuart Humphries,M,GBR,0:25:40.00,?,https://www.facebook.com/watch/?v=1163098037643456   https://www.parkrun.org.uk/prospect/results/154/,,,1540,0
06/11/2022,2022,3b Marathon,New York City Marathon,Barak Hirschowitz,M,USA,4:51:10.00,?,https://results.nyrr.org/event/M2022/finishers#search=Barak%2520Hirschowitz,,,17470,0
06/11/2022,2022,3b Marathon,New York City Marathon,Jack Hirschowitz,M,USA,5:11:39.00,?,https://results.nyrr.org/event/M2022/finishers#page=1&search=Jack%2520Hirschowitz,,,18699,0
05/11/2022,2022,3b 10km,Time Trial,Henry Wellenstein,M,USA,0:33:34.00,?,https://www.strava.com/activities/8074621672,,,2014,681
05/11/2022,2022,3b 5km,University of Stirling Parkrun,Scott Jenkins,M,GBR,0:22:54.00,0,,,,1374,12
30/10/2022,2022,3b 4 Miles,"JSRC Deal Trick or Trot, New Jersey",Karly Swaim,F,USA,0:37:49.00,0,https://runsignup.com/Race/Results/21841/IndividualResult/GGXL?resultSetId=352852#U21578490,,,2269,0
16/10/2022,2022,3b Marathon,Yorkshire Marathon,Tim Butler,M,GBR,4:24:32.00,?,Marathon #73: https://www.joggling.co.uk/Marathon-List,,,15872,0
15/10/2022,2022,3b 5km,Livingston Parkrun,Scott Jenkins,M,GBR,0:24:19.00,?,https://www.strava.com/activities/7965340687,,,1459,0
09/10/2022,2022,3b Marathon,Chicago Marathon,Barak Hirschowitz,M,USA,4:42:47.00,?,https://results.chicagomarathon.com/2022/?pid=search&pidp=start,,,16967,0
09/10/2022,2022,3b Marathon,Chicago Marathon,Jack Hirschowitz,M,USA,5:03:24.00,?,https://results.chicagomarathon.com/2022/?pid=search&pidp=start,,,18204,0
09/10/2022,2022,3b Marathon,Chicago Marathon,Perry Romanowski,M,USA,3:59:49.00,?,https://chicago-history.r.mikatiming.com/2021/?pid=search,,,14389,28
08/10/2022,2022,3b 5km,Pontypool Parkrun,Jake Lodge,M,GBR,0:23:21.00,?,https://www.strava.com/activities/7928899111  https://www.parkrun.org.uk/pontypool/results/372/,,,1401,4
02/10/2022,2022,3b Marathon,London Marathon,Barak Hirschowitz,M,USA,4:15:35.00,?,https://results.tcslondonmarathon.com/2022/?pid=search,,,15335,1
02/10/2022,2022,3b Marathon,London Marathon,Jack Hirschowitz,M,USA,5:03:53.00,?,https://results.tcslondonmarathon.com/2022/?pid=search,,,18233,0
02/10/2022,2022,3b Marathon,Ruddy Rothwell Cakeathon,Tim Butler,M,GBR,4:53:16.00,?,Marathon #72: https://www.joggling.co.uk/Marathon-List,,,17596,0
01/10/2022,2022,3b 5km,Oriam Parkrun,Scott Jenkins,M,GBR,0:22:13.00,0,https://www.strava.com/activities/7893388827,,,1333,31
25/09/2022,2022,3b Marathon,Rutland Water Marathon,Tim Butler,M,GBR,4:33:19.00,?,Marathon #71: https://www.joggling.co.uk/Marathon-List,,,16399,0
25/09/2022,2022,3b Marathon,Heartland Marathon,Trevor McQuay,M,USA,3:57:48.00,?,https://omaharun.org/wp-content/uploads/2022/10/ORCNewsletter_Fall-2022.pdf,,,14268,33
24/09/2022,2022,3b 5km,Marple Parkrun,Jake Lodge,M,GBR,0:27:33.00,?,https://www.parkrun.org.uk/marple/results/475/ https://www.strava.com/activities/7857853981,,,1653,0
24/09/2022,2022,3b 5km,Vogrie Parkrun,Scott Jenkins,M,GBR,0:22:22.00,?,https://www.strava.com/activities/7858042399,,,1342,26
17/09/2022,2022,3b Half Marathon,Oslo Half Marathon,Jake Lodge,M,GBR,1:49:18.00,?,https://www.strava.com/activities/7822440712  https://live.ultimate.dk/desktop/front/index.php?eventid=5388&ignoreuseragent=true,,,6558,21
11/09/2022,2022,3b Half Marathon,"Harrisburg Half Marathon, PA",Tim Ebersole,M,USA,1:36:28.00,?,https://runsignup.com/Race/Results/15430#resultSetId-336858;perpage:100,,,5788,154
10/09/2022,2022,3b 5km,Edinburgh Parkrun,Scott Jenkins,M,GBR,0:23:48.00,?,,,,1428,0
03/09/2022,2022,3b 5 Miles,"JSRC Belmar Five, New Jersey",Karly Swaim,F,USA,0:52:00.00,?,https://runsignup.com/Race/Results/9379/IndividualResult/ZCcD#U21578490,,,3120,0
27/08/2022,2022,3b Ultra (49.6m),12 Hour Back to School Run,Tim Butler,M,GBR,11:40:32.00,?,Marathon #70: https://www.joggling.co.uk/Marathon-List,,,42032,0
20/08/2022,2022,3b 5km,Glen River Parkrun,Brian Linehan,M,IRL,0:24:16.00,?,https://www.parkrun.ie/glenriver/results/119/    https://www.instagram.com/p/Che91wjjOL1/,,,1456,0
09/08/2022,2022,3b Mile,Ramsbottom Summer Mile,Jake Lodge,M,GBR,0:06:24.00,?,https://my.raceresult.com/214433/results  https://www.strava.com/activities/7610827072,,,384,33
08/08/2022,2022,3b 5km,"North Beach Parkrun, Durban, South Africa",Gavin Levenstein,M,ZAF,0:22:33.00,?,https://www.parkrun.co.za/northbeach/results/409/,,,1353,21
05/08/2022,2022,3b 50km,Double Blinkathon,Tim Butler,M,GBR,5:34:59.00,?,Marathon #69: https://www.joggling.co.uk/Marathon-List,,,20099,0
30/07/2022,2022,3b 5km,Irchester Country Parkrun,Scott Jenkins,M,GBR,0:23:43.00,?,,,,1423,0
28/07/2022,2022,3b 5km,Time Trial,John Baker,M,USA,0:16:56.00,?,https://www.instagram.com/p/CgiOHBcBGU6/,,,1016,499
23/07/2022,2022,3b 5km,Newent Parkrun,Scott Jenkins,M,GBR,0:25:43.00,2,,,,1543,0
23/07/2022,2022,3b Ultra (28m),Conquer the Castle,Tim Butler,M,GBR,5:27:25.00,?,Marathon #68: https://www.joggling.co.uk/Marathon-List,,,19645,0
17/07/2022,2022,3b 100m,"Saint-Petersburg Open Joggling Champinship, Saint-Petersburg, Russia",Arsenyev Artyom,M,RUS,0:00:25.54,?,https://vk.com/wall-16055255_8327,,,25,0
17/07/2022,2022,3b 400m,"Saint-Petersburg Open Joggling Champinship, Saint-Petersburg, Russia",Arsenyev Artyom,M,RUS,0:01:47.05,?,https://vk.com/wall-16055255_8327,,,107,0
17/07/2022,2022,3c 400m,"Saint-Petersburg Open Joggling Champinship, Saint-Petersburg, Russia",Arsenyev Artyom,M,RUS,0:03:08.61,?,https://vk.com/wall-16055255_8327,,,188,0
17/07/2022,2022,3b 1000m,"Saint-Petersburg Open Joggling Champinship, Saint-Petersburg, Russia",Arsenyev Artyom,M,RUS,0:05:10.77,?,https://vk.com/wall-16055255_8327,,,310,0
17/07/2022,2022,3b 1000m,"Saint-Petersburg Open Joggling Champinship, Saint-Petersburg, Russia",Butrin Ilya,M,RUS,0:04:57.89,?,https://vk.com/wall-16055255_8327,,,297,0
17/07/2022,2022,3b 3000m,"Saint-Petersburg Open Joggling Champinship, Saint-Petersburg, Russia",Butrin Ilya,M,RUS,0:14:12.77,?,https://vk.com/wall-16055255_8327,,,852,0
17/07/2022,2022,3b 100m,"Saint-Petersburg Open Joggling Champinship, Saint-Petersburg, Russia",Chusovitin Artyom,M,RUS,0:00:35.90,?,https://vk.com/wall-16055255_8327,,,35,0
17/07/2022,2022,3b 400m,"Saint-Petersburg Open Joggling Champinship, Saint-Petersburg, Russia",Chusovitin Artyom,M,RUS,0:01:41.50,?,https://vk.com/wall-16055255_8327,,,101,0
17/07/2022,2022,3b 1000m,"Saint-Petersburg Open Joggling Champinship, Saint-Petersburg, Russia",Chusovitin Artyom,M,RUS,0:04:59.71,?,https://vk.com/wall-16055255_8327,,,299,0
17/07/2022,2022,3b 100m,"Saint-Petersburg Open Joggling Champinship, Saint-Petersburg, Russia",Crack Ivan,M,RUS,0:00:31.25,?,https://vk.com/wall-16055255_8327,,,31,0
17/07/2022,2022,3b 400m,"Saint-Petersburg Open Joggling Champinship, Saint-Petersburg, Russia",Crack Ivan,M,RUS,0:02:08.70,?,https://vk.com/wall-16055255_8327,,,128,0
17/07/2022,2022,3b 1000m,"Saint-Petersburg Open Joggling Champinship, Saint-Petersburg, Russia",Crack Ivan,M,RUS,0:05:15.36,?,https://vk.com/wall-16055255_8327,,,315,0
17/07/2022,2022,3b 3000m,"Saint-Petersburg Open Joggling Champinship, Saint-Petersburg, Russia",Crack Ivan,M,RUS,0:16:11.41,?,https://vk.com/wall-16055255_8327,,,971,0
17/07/2022,2022,3b 100m,"Saint-Petersburg Open Joggling Champinship, Saint-Petersburg, Russia",Julia Len,F,RUS,0:01:10.40,?,https://vk.com/wall-16055255_8327,,,70,0
17/07/2022,2022,3b 400m,"Saint-Petersburg Open Joggling Champinship, Saint-Petersburg, Russia",Julia Len,F,RUS,0:04:49.85,?,https://vk.com/wall-16055255_8327,,,289,0
17/07/2022,2022,3b 100m,"Saint-Petersburg Open Joggling Champinship, Saint-Petersburg, Russia",Klementyeva Nadezhda,F,RUS,0:01:09.00,?,https://vk.com/wall-16055255_8327,,,69,0
17/07/2022,2022,3b 400m,"Saint-Petersburg Open Joggling Champinship, Saint-Petersburg, Russia",Klementyeva Nadezhda,F,RUS,0:03:33.86,?,https://vk.com/wall-16055255_8327,,,213,0
17/07/2022,2022,3b 100m,"Saint-Petersburg Open Joggling Champinship, Saint-Petersburg, Russia",Dmitry Kozlov,M,RUS,0:00:21.26,?,https://vk.com/wall-16055255_8327,,,21,0
17/07/2022,2022,3c 100m,"Saint-Petersburg Open Joggling Champinship, Saint-Petersburg, Russia",Dmitry Kozlov,M,RUS,0:00:25.69,?,https://vk.com/wall-16055255_8327,,,25,0
17/07/2022,2022,4b 100m,"Saint-Petersburg Open Joggling Champinship, Saint-Petersburg, Russia",Dmitry Kozlov,M,RUS,0:00:27.33,?,https://vk.com/wall-16055255_8327,,,27,0
17/07/2022,2022,5b 100m,"Saint-Petersburg Open Joggling Champinship, Saint-Petersburg, Russia",Dmitry Kozlov,M,RUS,0:00:50.77,?,https://vk.com/wall-16055255_8327,,,50,0
17/07/2022,2022,3b 400m,"Saint-Petersburg Open Joggling Champinship, Saint-Petersburg, Russia",Dmitry Kozlov,M,RUS,0:01:20.59,?,https://vk.com/wall-16055255_8327,,,80,0
17/07/2022,2022,4b 400m,"Saint-Petersburg Open Joggling Champinship, Saint-Petersburg, Russia",Dmitry Kozlov,M,RUS,0:01:51.60,?,https://vk.com/wall-16055255_8327,,,111,0
17/07/2022,2022,5b 400m,"Saint-Petersburg Open Joggling Champinship, Saint-Petersburg, Russia",Dmitry Kozlov,M,RUS,0:03:44.72,?,https://vk.com/wall-16055255_8327,,,224,0
17/07/2022,2022,3b 100m,"Saint-Petersburg Open Joggling Champinship, Saint-Petersburg, Russia",Novikova Julia,F,RUS,0:01:03.00,?,https://vk.com/wall-16055255_8327,,,63,0
17/07/2022,2022,3c 100m,"Saint-Petersburg Open Joggling Champinship, Saint-Petersburg, Russia",Novikova Julia,F,RUS,0:02:12.83,?,https://vk.com/wall-16055255_8327,,,132,0
17/07/2022,2022,3b 400m,"Saint-Petersburg Open Joggling Champinship, Saint-Petersburg, Russia",Novikova Julia,F,RUS,0:03:28.10,?,https://vk.com/wall-16055255_8327,,,208,0
17/07/2022,2022,3b 100m,"Saint-Petersburg Open Joggling Champinship, Saint-Petersburg, Russia",Stepanov Dmitry,M,RUS,0:00:31.60,?,https://vk.com/wall-16055255_8327,,,31,0
17/07/2022,2022,3c 100m,"Saint-Petersburg Open Joggling Champinship, Saint-Petersburg, Russia",Stepanov Dmitry,M,RUS,0:01:04.31,?,https://vk.com/wall-16055255_8327,,,64,0
17/07/2022,2022,3b 400m,"Saint-Petersburg Open Joggling Champinship, Saint-Petersburg, Russia",Stepanov Dmitry,M,RUS,0:02:01.61,?,https://vk.com/wall-16055255_8327,,,121,0
17/07/2022,2022,3c 400m,"Saint-Petersburg Open Joggling Champinship, Saint-Petersburg, Russia",Stepanov Dmitry,M,RUS,0:03:27.57,?,https://vk.com/wall-16055255_8327,,,207,0
17/07/2022,2022,3b 3000m,"Saint-Petersburg Open Joggling Champinship, Saint-Petersburg, Russia",Stepanov Dmitry,M,RUS,0:14:27.56,?,https://vk.com/wall-16055255_8327,,,867,0
17/07/2022,2022,3c 100m,"Saint-Petersburg Open Joggling Champinship, Saint-Petersburg, Russia",Vorobey Artur,M,RUS,0:00:27.87,?,https://vk.com/wall-16055255_8327,,,27,0
17/07/2022,2022,4b 100m,"Saint-Petersburg Open Joggling Champinship, Saint-Petersburg, Russia",Vorobey Artur,M,RUS,0:00:32.30,?,https://vk.com/wall-16055255_8327,,,32,0
17/07/2022,2022,3b 100m,"Saint-Petersburg Open Joggling Champinship, Saint-Petersburg, Russia",Vorobey Artur,M,RUS,0:00:33.78,?,https://vk.com/wall-16055255_8327,,,33,0
17/07/2022,2022,5b 100m,"Saint-Petersburg Open Joggling Champinship, Saint-Petersburg, Russia",Vorobey Artur,M,RUS,0:00:51.24,?,https://vk.com/wall-16055255_8327,,,51,0
17/07/2022,2022,3b 400m,"Saint-Petersburg Open Joggling Champinship, Saint-Petersburg, Russia",Vorobey Artur,M,RUS,0:01:27.39,?,https://vk.com/wall-16055255_8327,,,87,0
17/07/2022,2022,4b 400m,"Saint-Petersburg Open Joggling Champinship, Saint-Petersburg, Russia",Vorobey Artur,M,RUS,0:02:03.37,?,https://vk.com/wall-16055255_8327,,,123,0
17/07/2022,2022,5b 400m,"Saint-Petersburg Open Joggling Champinship, Saint-Petersburg, Russia",Vorobey Artur,M,RUS,0:03:19.57,?,https://vk.com/wall-16055255_8327,,,199,0
17/07/2022,2022,3b 100m,"Saint-Petersburg Open Joggling Champinship, Saint-Petersburg, Russia",Yaroshenko Stepan,M,RUS,0:00:22.49,?,https://vk.com/wall-16055255_8327,,,22,0
17/07/2022,2022,3b 400m,"Saint-Petersburg Open Joggling Champinship, Saint-Petersburg, Russia",Yaroshenko Stepan,M,RUS,0:01:19.53,?,https://vk.com/wall-16055255_8327,,,79,0
17/07/2022,2022,4b 100m,"Saint-Petersburg Open Joggling Champinship, Saint-Petersburg, Russia",Yaroshenko Stepan,M,RUS,0:01:32.55,?,https://vk.com/wall-16055255_8327,,,92,0
17/07/2022,2022,3b 1000m,"Saint-Petersburg Open Joggling Champinship, Saint-Petersburg, Russia",Yaroshenko Stepan,M,RUS,0:03:55.30,?,https://vk.com/wall-16055255_8327,,,235,2
17/07/2022,2022,3b 100m,"Saint-Petersburg Open Joggling Champinship, Saint-Petersburg, Russia",Zyablitsky Alexander,M,RUS,0:00:42.15,?,https://vk.com/wall-16055255_8327,,,42,0
17/07/2022,2022,3c 100m,"Saint-Petersburg Open Joggling Champinship, Saint-Petersburg, Russia",Zyablitsky Alexander,M,RUS,0:00:59.47,?,https://vk.com/wall-16055255_8327,,,59,0
17/07/2022,2022,4b 100m,"Saint-Petersburg Open Joggling Champinship, Saint-Petersburg, Russia",Zyablitsky Alexander,M,RUS,0:01:49.30,?,https://vk.com/wall-16055255_8327,,,109,0
17/07/2022,2022,3b 400m,"Saint-Petersburg Open Joggling Champinship, Saint-Petersburg, Russia",Zyablitsky Alexander,M,RUS,0:02:08.01,?,https://vk.com/wall-16055255_8327,,,128,0
17/07/2022,2022,3c 400m,"Saint-Petersburg Open Joggling Champinship, Saint-Petersburg, Russia",Zyablitsky Alexander,M,RUS,0:02:31.11,?,https://vk.com/wall-16055255_8327,,,151,0
17/07/2022,2022,4b 400m,"Saint-Petersburg Open Joggling Champinship, Saint-Petersburg, Russia",Zyablitsky Alexander,M,RUS,0:04:29.41,?,https://vk.com/wall-16055255_8327,,,269,0
17/07/2022,2022,5b 100m,"Saint-Petersburg Open Joggling Champinship, Saint-Petersburg, Russia",Zyablitsky Alexander,M,RUS,0:04:35.10,?,https://vk.com/wall-16055255_8327,,,275,0
10/07/2022,2022,3b Half Marathon,Ilkely Half Marathon,Chris Edwin,M,GBR,1:41:40.00,0,,,,6100,86
10/07/2022,2022,3b 10km,"IJA, Virtual",Michael-Lucien Bergeron,M,CAN,0:34:47.00,?,IJA Database,,,2087,597
09/07/2022,2022,3b 5km,Abingdon Parkrun,Scott Jenkins,M,GBR,0:26:58.00,?,,,,1618,0
04/07/2022,2022,3b 3 Miles,"Fair Haven Firecracker 5k, New Jersey",Karly Swaim,F,USA,0:30:00.00,1,https://www.thejournalnj.com/articles/2022-fair-haven-firecracker-5k-draws-runners-of-all-ages/?fbclid=IwAR0z_jFL_BYnyfS00SPY3shf2gMhzDxEZiEuTqBkicwOh_9gS_ZvwwEW2ZI,,,1800,0
03/07/2022,2022,3b 5 Miles,Endure24 Leeds,Dominic Lodge,M,GBR,0:59:21.00,?,https://results.resultsbase.net/myresults.aspx?uid=8-3599-1-970779,,,3561,0
03/07/2022,2022,3b 5 Miles,Endure24 Leeds,Dominic Lodge,M,GBR,0:59:57.00,?,https://results.resultsbase.net/myresults.aspx?uid=8-3599-1-970784,,,3597,0
03/07/2022,2022,3b 5 Miles,Endure24 Leeds,Jake Lodge,M,GBR,0:43:52.00,?,https://results.resultsbase.net/myresults.aspx?uid=8-3599-1-970785,,,2632,0
03/07/2022,2022,3b 5 Miles,Endure24 Leeds,Jake Lodge,M,GBR,0:46:18.00,?,https://results.resultsbase.net/myresults.aspx?uid=8-3599-1-970788,,,2778,0
03/07/2022,2022,3b 5 Miles,Endure24 Leeds,Jake Lodge,M,GBR,0:54:03.00,?,https://results.resultsbase.net/myresults.aspx?uid=8-3599-1-970780,,,3243,0
03/07/2022,2022,3b 5 Miles,Endure24 Leeds,Jordan Evans,M,GBR,0:35:33.00,?,https://results.resultsbase.net/myresults.aspx?uid=8-3599-1-970782,,,2133,0
03/07/2022,2022,3b 5 Miles,Endure24 Leeds,Jordan Evans,M,GBR,0:35:35.00,?,https://results.resultsbase.net/myresults.aspx?uid=8-3599-1-970787,,,2135,0
03/07/2022,2022,3b 5 Miles,Endure24 Leeds,Ralph Kidner,M,GBR,0:56:28.00,?,https://results.resultsbase.net/myresults.aspx?uid=8-3599-1-970781,,,3388,0
03/07/2022,2022,3b 5 Miles,Endure24 Leeds,Ralph Kidner,M,GBR,0:59:58.00,?,https://results.resultsbase.net/myresults.aspx?uid=8-3599-1-970786,,,3598,0
03/07/2022,2022,3b 5 Miles,Endure24 Leeds,Scott Jenkins,M,GBR,1:01:48.00,?,https://results.resultsbase.net/myresults.aspx?uid=8-3599-1-970783,,,3708,0
03/07/2022,2022,3b 5 Miles,Endure24 Leeds,Scott Jenkins,M,GBR,1:02:28.00,?,https://results.resultsbase.net/myresults.aspx?uid=8-3599-1-970777,,,3748,0
03/07/2022,2022,3b 5 Miles,Endure24 Leeds,Stuart Humphries,M,GBR,0:58:42.00,?,https://results.resultsbase.net/myresults.aspx?uid=8-3599-1-970778,,,3522,0
02/07/2022,2022,3b 5km,York Parkrun,Dominic Lodge,M,GBR,0:25:22.00,?,https://www.parkrun.org.uk/york/results/417/,,,1522,0
02/07/2022,2022,3b 5 Miles,Endure24 Leeds,Dominic Lodge,M,GBR,0:35:32.00,?,https://results.resultsbase.net/myresults.aspx?uid=8-3599-1-970767,,,2132,0
02/07/2022,2022,3b 5 Miles,Endure24 Leeds,Dominic Lodge,M,GBR,0:37:19.00,?,https://results.resultsbase.net/myresults.aspx?uid=8-3599-1-970773,,,2239,0
02/07/2022,2022,3b 5 Miles,Endure24 Leeds,Dominic Lodge,M,GBR,0:38:32.00,?,https://results.resultsbase.net/myresults.aspx?uid=8-3599-1-970761,,,2312,0
02/07/2022,2022,3b 5km,York Parkrun,Jake Lodge,M,GBR,0:27:20.00,?,https://www.parkrun.org.uk/york/results/417/,,,1640,0
02/07/2022,2022,3b 5 Miles,Endure24 Leeds,Jake Lodge,M,GBR,0:41:51.00,?,https://results.resultsbase.net/myresults.aspx?uid=8-3599-1-970762,,,2511,0
02/07/2022,2022,3b 5 Miles,Endure24 Leeds,Jake Lodge,M,GBR,0:43:12.00,?,https://results.resultsbase.net/myresults.aspx?uid=8-3599-1-970768,,,2592,0
02/07/2022,2022,3b 5 Miles,Endure24 Leeds,Jake Lodge,M,GBR,0:44:53.00,?,https://results.resultsbase.net/myresults.aspx?uid=8-3599-1-970774,,,2693,0
02/07/2022,2022,3b 5 Miles,Endure24 Leeds,Jake Lodge,M,GBR,1:05:14.00,?,https://results.resultsbase.net/myresults.aspx?uid=8-3599-1-970791,,,3914,0
02/07/2022,2022,3b 5km,York Parkrun,Jordan Evans,M,GBR,0:20:59.00,?,https://www.parkrun.org.uk/york/results/417/,,,1259,91
02/07/2022,2022,3b 5 Miles,Endure24 Leeds,Jordan Evans,M,GBR,0:32:36.00,?,https://results.resultsbase.net/myresults.aspx?uid=8-3599-1-970764,,,1956,0
02/07/2022,2022,3b 5 Miles,Endure24 Leeds,Jordan Evans,M,GBR,0:33:47.00,?,https://results.resultsbase.net/myresults.aspx?uid=8-3599-1-970770,,,2027,0
02/07/2022,2022,3b 5 Miles,Endure24 Leeds,Jordan Evans,M,GBR,0:34:52.00,?,https://results.resultsbase.net/myresults.aspx?uid=8-3599-1-970776,,,2092,0
02/07/2022,2022,3b 5 Miles,Endure24 Leeds,Jordan Evans,M,GBR,0:36:29.00,?,https://results.resultsbase.net/myresults.aspx?uid=8-3599-1-970790,,,2189,0
02/07/2022,2022,3b 5 Miles,Endure24 Leeds,Ralph Kidner,M,GBR,0:54:03.00,?,https://results.resultsbase.net/myresults.aspx?uid=8-3599-1-970769,,,3243,0
02/07/2022,2022,3b 5 Miles,Endure24 Leeds,Ralph Kidner,M,GBR,0:54:04.00,?,https://results.resultsbase.net/myresults.aspx?uid=8-3599-1-970763,,,3244,0
02/07/2022,2022,3b 5 Miles,Endure24 Leeds,Ralph Kidner,M,GBR,0:59:42.00,?,https://results.resultsbase.net/myresults.aspx?uid=8-3599-1-970775,,,3582,0
02/07/2022,2022,3b 5km,York Parkrun,Scott Jenkins,M,GBR,0:31:57.00,0,https://www.parkrun.org.uk/york/results/417/,,,1917,0
02/07/2022,2022,3b 5 Miles,Endure24 Leeds,Scott Jenkins,M,GBR,0:40:10.00,?,https://results.resultsbase.net/myresults.aspx?uid=8-3599-1-970765,,,2410,0
02/07/2022,2022,3b 5 Miles,Endure24 Leeds,Scott Jenkins,M,GBR,0:43:01.00,?,https://results.resultsbase.net/myresults.aspx?uid=8-3599-1-970771,,,2581,0
02/07/2022,2022,3b 5 Miles,Endure24 Leeds,Scott Jenkins,M,GBR,0:49:11.00,?,https://results.resultsbase.net/myresults.aspx?uid=8-3599-1-970789,,,2951,0
02/07/2022,2022,3b 5 Miles,Endure24 Leeds,Stuart Humphries,M,GBR,0:48:20.00,?,https://results.resultsbase.net/myresults.aspx?uid=8-3599-1-970766,,,2900,0
02/07/2022,2022,3b 5 Miles,Endure24 Leeds,Stuart Humphries,M,GBR,0:49:32.00,?,https://results.resultsbase.net/myresults.aspx?uid=8-3599-1-970772,,,2972,0
26/06/2022,2022,3b 10 Miles,"Hollybank Eccup 10, Leeds",Chris Edwin,M,GBR,1:35:57.00,1,https://racebest.com/results/6vvh3?,,,5757,0
26/06/2022,2022,3b 10 Miles,"Hollybank Eccup 10, Leeds",Ralph Kidner,M,GBR,1:50:01.00,?,https://racebest.com/results/6vvh3?,,,6601,0
26/06/2022,2022,3b 10 Miles,"Hollybank Eccup 10, Leeds",Tim Butler,M,GBR,1:35:57.00,?,https://racebest.com/results/6vvh3?,,,5757,0
25/06/2022,2022,3b 5km,"Union Beach, New Jersey",Karly Swaim,F,USA,0:28:39.00,0,https://runsignup.com/Race/Results/22604/IndividualResult/SpQY?resultSetId=324584#U21578490,,,1719,117
19/06/2022,2022,3b Ultra (29.5m),Sherwood Pines Rasselbock,Tim Butler,M,GBR,5:47:45.00,?,Marathon #67: https://www.joggling.co.uk/Marathon-List,,,20865,0
18/06/2022,2022,3b 5km,"Red Bank Classic, New Jersey",Karly Swaim,F,USA,0:28:52.00,0,https://my.raceresult.com/187077/results#1_320D20,,,1732,109
12/06/2022,2022,3b 5km,Time Trial,Brady Xue,M,USA,0:20:50.00,?,https://twitter.com/hallxctf/status/1536009713976061952,,,1250,100
12/06/2022,2022,3b 5km,"Infinite Love Tutu Trot, Middletown, New Jersey",Karly Swaim,F,USA,0:27:43.00,?,https://runsignup.com/Race/Results/46903/IndividualResult/SBRs?resultSetId=322635#U21578490,,,1663,154
28/05/2022,2022,3b 5km,Unknown,Ryan Himmel,M,USA,0:25:23.00,?,https://www.instagram.com/p/CeHhTezg4dh/,,,1523,0
23/05/2022,2022,3b Mile,Time Trial,Henry Wellenstein,M,USA,0:04:39.00,0,https://www.strava.com/activities/7136444528,,,279,649
21/05/2022,2022,3b 400m,Time Trial,Jannik Weiss,M,DEU,0:00:59.00,?,https://www.youtube.com/watch?v=H0abml3gEIQ&t=16535s,,,59,408
15/05/2022,2022,3b 10km,?stanbul'u Ko?uyorum Asya Etab? (Üsküdar),Ferda Tekgul,M,TUR,1:00:02.00,?,https://event.spor.istanbul/eventresults.aspx,,,3602,0
15/05/2022,2022,3b Ultra (35m),Shires and Spires Ultra,Tim Butler,M,GBR,6:56:35.00,?,Marathon #66: https://www.joggling.co.uk/Marathon-List,,,24995,0
14/05/2022,2022,3b 100m,Time Trial,Kaylin Meyers,F,USA,0:00:20.82,0,https://www.youtube.com/shorts/bB0j1avE8g4,,,20,39
08/05/2022,2022,3b Half Marathon,Leeds Half Marathon,Chris Edwin,M,GBR,1:20:27.00,1,,,,4827,490
07/05/2022,2022,3b 5km,Pymmes Parkrun,Reggie L,M,GBR,0:38:28.00,?,https://www.parkrun.org.uk/pymmes/results/503/ https://www.parkrun.org.uk/pymmes/news/2022/05/09/pymmes-parkrun-ppr-503-the-art-of-avoidance/,,,2308,0
30/04/2022,2022,3b 5km,"Claremorris Parkrun, Ireland",Malachy Kelly,M,IRL,0:26:57.00,?,https://www.facebook.com/1627994417506930/posts/pfbid0MgJYaTmHmhgwtjHcvdHLxSyGttgFK5HVHKQVvmr9n2wUUHNRRb5GHom5cVxyxXDpl/?app=fbl     https://www.parkrun.ie/claremorris/results/185/,,,1617,0
25/04/2022,2022,3b 5km,Time Trial,Koutaro Kawano,M,JPN,0:27:30.00,?,https://www.strava.com/activities/7036985894,,,1650,0
24/04/2022,2022,3c 10km,"DOZ 10km, Lodz",Jarek Widomski,M,POL,0:52:46.00,?,https://live.sts-timing.pl/dozmaratonlodz2022/person.php?n=3059&dystans=2,,,3166,0
24/04/2022,2022,3b Marathon,Tissington Trail,Tim Butler,M,GBR,4:27:59.00,?,Marathon #65: https://www.joggling.co.uk/Marathon-List,,,16079,0
23/04/2022,2022,3b Half Marathon,St. Lukes's Half Marathon,JoAnn Ireland,F,USA,2:59:26.00,?,https://runsignup.com/Race/Results/11383?customResultsPageId=55324,,,10766,0
18/04/2022,2022,3b Marathon,"Boston Marathon, Lincolnshire",Tim Butler,M,GBR,4:20:12.00,?,Marathon #64: https://www.joggling.co.uk/Marathon-List,,,15612,0
07/04/2022,2022,3b Marathon,Badger Challenge,Tim Butler,M,GBR,5:21:08.00,?,Marathon #63: https://www.joggling.co.uk/Marathon-List,,,19268,0
03/04/2022,2022,3c Half Marathon,"Pabianice, Poland",Jarek Widomski,M,POL,1:57:55.00,?,,,,7075,0
26/03/2022,2022,3b 5km,Marine Parade Parkrun,Scott Jenkins,M,GBR,0:19:31.00,0,,,,1171,201
20/03/2022,2022,3b Half Marathon,"Richmond Half Marathon, VA",Henry Roessner,M,USA,2:41:47.00,2,https://www.instagram.com/p/DHR1-OEP6Se/?img_index=1  https://runsignup.com/Race/Results/53399/IndividualResult/ZTJx?resultSetId=360477#U68795140,,,9707,0
20/03/2022,2022,3b Ultra (27.8m),Pierrepont Plod,Tim Butler,M,GBR,5:47:50.00,?,Marathon #62: https://www.joggling.co.uk/Marathon-List,,,20870,0
12/03/2022,2022,3b 5km,Watermead Country Park Parkrun,Scott Jenkins,M,GBR,0:22:22.00,?,,,,1342,26
05/03/2022,2022,3b 5km,Rushmere Parkrun,Scott Jenkins,M,GBR,0:23:33.00,?,,,,1413,2
26/02/2022,2022,3b 5km,Portobello Parkrun,Scott Jenkins,M,GBR,0:19:34.00,0,,,,1174,196
19/02/2022,2022,3b 5km,Rushcliffe Parkrun,Scott Jenkins,M,GBR,0:22:49.00,?,,,,1369,14
13/02/2022,2022,3b 10km,Nottingham Holme Run,Scott Jenkins,M,GBR,0:41:26.00,0,,,,2486,232
12/02/2022,2022,3b 5km,"Dishley, Loughborough Parkrun",Scott Jenkins,M,GBR,0:26:03.00,?,,,,1563,0
05/02/2022,2022,3b 5km,"Dishley, Loughborough Parkrun",Scott Jenkins,M,GBR,0:30:30.00,?,,,,1830,0
29/01/2022,2022,3b 5km,"Dishley, Loughborough Parkrun",Scott Jenkins,M,GBR,0:22:08.00,?,,,,1328,34
22/01/2022,2022,3b 5km,"Dishley, Loughborough Parkrun",Scott Jenkins,M,GBR,0:24:43.00,?,,,,1483,0
16/01/2022,2022,3b Marathon,WTF Marathon,Tim Butler,M,GBR,4:53:50.00,?,Marathon #61: https://www.joggling.co.uk/Marathon-List,,,17630,0
15/01/2022,2022,3b 5km,Rushcliffe Parkrun,Scott Jenkins,M,GBR,0:21:37.00,?,,,,1297,56
01/01/2022,2022,3b 5km,Gloucester City Parkrun,Jordan Evans,M,GBR,0:18:57.00,2,,,,1137,255
01/01/2022,2022,3b 5km,Burnham and Highbridge Parkrun,Scott Jenkins,M,GBR,0:23:32.00,?,,,,1412,2
25/12/2021,2021,3b 5km,Didcot Parkrun,Scott Jenkins,M,GBR,0:22:14.00,?,,,,1334,31
19/12/2021,2021,3b 10km,"Aintree, Liverpool",EJ Coldham,F,GBR,0:59:18.00,?,https://results.runthrough.co.uk/results.aspx?CId=16487&RId=4574&EId=2&dt=0&PageNo=4&adv=0,,,3558,154
19/12/2021,2021,3b 10km,"Aintree, Liverpool",JL Coldham,M,GBR,0:59:18.00,?,https://results.runthrough.co.uk/results.aspx?CId=16487&RId=4574&EId=2&dt=0&PageNo=4&adv=0,,,3558,0
19/12/2021,2021,3b Half Marathon,"Aintree, Liverpool",Scott Jenkins,M,GBR,1:34:03.00,3,http://results.runthrough.co.uk/results.aspx?CId=16487&RId=4574&EId=5&dt=0&PageNo=1&adv=0,,,5643,193
18/12/2021,2021,3b 5km,"Dishley, Loughborough Parkrun",Scott Jenkins,M,GBR,0:29:54.00,?,,,,1794,0
04/12/2021,2021,3b 5km,Watermead Country Park Parkrun,Scott Jenkins,M,GBR,0:21:04.00,?,,,,1264,86
04/12/2021,2021,3b 5km,Frosty 5k,Tim Ebersole,M,USA,0:19:45.00,0,https://falconracetiming.com/racetimes/Frosty%205k%20AG%202021.htm,,,1185,180
28/11/2021,2021,3b 12km,"JSRC Navesink Challenge, New Jersey",Karly Swaim,F,USA,1:15:41.00,12,https://runsignup.com/Race/Results/38943/IndividualResult/2021#U21578490,,,4541,0
25/11/2021,2021,3b 5km,"Harrisburg Turkey Trot 5k, PA",Tim Ebersole,M,USA,0:21:02.00,?,https://falconracetiming.com/racetimes/SMT%20Turkey%20Trot%20AG%202021.htm,,,1262,88
20/11/2021,2021,3b 5km,"Dishley, Loughborough Parkrun",Scott Jenkins,M,GBR,0:21:23.00,?,,,,1283,68
07/11/2021,2021,3b Marathon,New York City Marathon,Jack Hirschowitz,M,USA,4:57:17.00,?,,,,17837,0
06/11/2021,2021,3b 5km,"Dishley, Loughborough Parkrun",Scott Jenkins,M,GBR,0:23:04.00,?,,,,1384,8
31/10/2021,2021,3b 4 Miles,"JSRC Deal Trick or Trot, New Jersey",Karly Swaim,F,USA,0:37:35.00,0,https://runsignup.com/Race/Results/21841/IndividualResult/MsHF?resultSetId=286654#U21578490,,,2255,0
28/10/2021,2021,3b Marathon,"Time Trial, Yokohama",Koutaro Kawano,M,JPN,4:22:24.00,?,"https://www.strava.com/activities/6176836328 His first full marathon, a Japanese record",,,15744,0
17/10/2021,2021,3b Marathon,Bedford Autodrome Marathon,Tim Butler,M,GBR,4:15:15.00,?,Marathon #60: https://www.joggling.co.uk/Marathon-List,,,15315,1
10/10/2021,2021,3b Marathon,Manchester Marathon,Chris Edwin,M,GBR,3:50:15.00,15,,,,13815,60
10/10/2021,2021,3b 10km,?stanbulu Ko?uyorum Üsküdar Etab? 2021,Ferda Tekgul,M,TUR,0:52:54.00,?,https://event.spor.istanbul/eventresults.aspx,,,3174,0
10/10/2021,2021,3b Marathon,Chicago Marathon,Perry Romanowski,M,USA,3:49:05.00,?,https://chicago-history.r.mikatiming.com/2021/?pid=search,,,13745,65
03/10/2021,2021,3b 5km,"Little Silver Classic, New Jersey",Karly Swaim,F,USA,0:28:46.00,?,https://my.raceresult.com/177613/#1_320D20,,,1726,113
03/10/2021,2021,3b Marathon,London Marathon,Ralph Kidner,M,GBR,5:51:33.00,?,https://www.runbritainrankings.com/results/results.aspx?meetingid=427704&event=Mar&venue=London&date=3-Oct-21,,,21093,0
02/10/2021,2021,3b 5km,"Dishley, Loughborough Parkrun",Scott Jenkins,M,GBR,0:22:15.00,?,,,,1335,30
26/09/2021,2021,3b Marathon,Berlin Marathon,Barak Hirschowitz,M,USA,4:25:18.00,0,https://www.bmw-berlin-marathon.com/en/impressions/statistics-and-history/results-archive/?,,,15918,0
26/09/2021,2021,3b Marathon,Berlin Marathon,Jack Hirschowitz,M,USA,4:59:49.00,0,https://www.bmw-berlin-marathon.com/en/impressions/statistics-and-history/results-archive/?,,,17989,0
25/09/2021,2021,3b 5km,"Dishley, Loughborough Parkrun",Scott Jenkins,M,GBR,0:22:32.00,?,,,,1352,21
19/09/2021,2021,3b Marathon,Ludwig Canal Time Trial,Peter Rupprecht,M,DEU,5:22:00.00,?,https://perujo.de/joggling-marathon-geschafft-in-5-stunden-und-22-minuten,,,19320,0
19/09/2021,2021,3b Marathon,Rutland Water Marathon,Tim Butler,M,GBR,4:17:42.00,?,Marathon #59: https://www.joggling.co.uk/Marathon-List,,,15462,0
18/09/2021,2021,3b 5km,York Parkrun,Scott Jenkins,M,GBR,0:23:13.00,?,,,,1393,6
12/09/2021,2021,3b Half Marathon,"Auffahrtslauf St. Gallen Half Marathon, Switzerland",Daniel Raum,M,AUT,1:32:12.00,?,https://my.raceresult.com/163389/,,,5532,225
11/09/2021,2021,3b 5km,"Dishley, Loughborough Parkrun",Scott Jenkins,M,GBR,0:22:50.00,?,,,,1370,13
09/09/2021,2021,3b 10km,Time Trial,Gopi Devarajulu,M,IND,1:15:33.00,?,https://www.youtube.com/watch?v=1A8KjLwMQ3M,,,4533,0
05/09/2021,2021,3b 10km,?stanbul'u Ko?uyorum Caddebostan Colour Run,Ferda Tekgul,M,TUR,0:55:22.00,?,https://event.spor.istanbul/eventresults.aspx,,,3322,0
04/09/2021,2021,3b 5km,"Dishley, Loughborough Parkrun",Scott Jenkins,M,GBR,0:22:16.00,?,,,,1336,30
28/08/2021,2021,3b 5km,Ashton Court Parkrun,Nati Tuppen,F,GBR,0:42:26.00,?,https://www.parkrun.org.uk/ashtoncourt/results/454/  https://www.parkrun.org.uk/ashtoncourt/news/2021/08/29/just-do-it-your-way-ashton-court-parkrun-454/,,,2546,0
21/08/2021,2021,3b 5km,Burnham and Highbridge Parkrun,Scott Jenkins,M,GBR,0:26:31.00,?,,,,1591,0
14/08/2021,2021,3b 5km,Eastville Parkrun,Nati Tuppen,F,GBR,0:35:30.00,?,https://www.parkrun.org.uk/eastville/news/2021/08/14/course-record-falls-and-joggling-comes-to-eastville-park/   https://www.parkrun.org.uk/eastville/results/121/,,,2130,0
14/08/2021,2021,3b 5km,"Dishley, Loughborough Parkrun",Scott Jenkins,M,GBR,0:22:37.00,?,,,,1357,19
14/08/2021,2021,3b Marathon,Horseshoe Challenge,Tim Butler,M,GBR,4:26:37.00,?,Marathon #58: https://www.joggling.co.uk/Marathon-List,,,15997,0
25/7/2021,2021,3c 60m,"Kalininsky District Open Joggling Championship, Saint-Petersburg, Russia",Aleksandra Korsakova,F,RUS,0:00:17.70,?,https://vk.com/wall-16055255_8154,,,17,0
25/7/2021,2021,3b 60m,"Kalininsky District Open Joggling Championship, Saint-Petersburg, Russia",Aleksandra Korsakova,F,RUS,0:00:25.27,?,https://vk.com/wall-16055255_8154,,,25,0
25/7/2021,2021,3b 200m,"Kalininsky District Open Joggling Championship, Saint-Petersburg, Russia",Aleksandra Korsakova,F,RUS,0:01:07.38,?,https://vk.com/wall-16055255_8154,,,67,0
25/7/2021,2021,3b 60m,"Kalininsky District Open Joggling Championship, Saint-Petersburg, Russia",Alexander Dekhtyarev,M,RUS,0:00:25.60,?,https://vk.com/wall-16055255_8154,,,25,0
25/7/2021,2021,3c 60m,"Kalininsky District Open Joggling Championship, Saint-Petersburg, Russia",Alexander Dekhtyarev,M,RUS,0:00:42.20,?,https://vk.com/wall-16055255_8154,,,42,0
25/7/2021,2021,3b 200m,"Kalininsky District Open Joggling Championship, Saint-Petersburg, Russia",Alexander Dekhtyarev,M,RUS,0:00:59.70,?,https://vk.com/wall-16055255_8154,,,59,0
25/7/2021,2021,3? 200m,"Kalininsky District Open Joggling Championship, Saint-Petersburg, Russia",Alexander Dekhtyarev,M,RUS,0:02:41.00,?,https://vk.com/wall-16055255_8154,,,161,0
25/7/2021,2021,3b 1000m,"Kalininsky District Open Joggling Championship, Saint-Petersburg, Russia",Alexander Dekhtyarev,M,RUS,0:06:36.00,?,https://vk.com/wall-16055255_8154,,,396,0
25/7/2021,2021,3b 60m,"Kalininsky District Open Joggling Championship, Saint-Petersburg, Russia",Alexander Khlebodarov,M,RUS,0:00:14.40,?,https://vk.com/wall-16055255_8154,,,14,0
25/7/2021,2021,3b 200m,"Kalininsky District Open Joggling Championship, Saint-Petersburg, Russia",Alexander Khlebodarov,M,RUS,0:00:57.80,?,https://vk.com/wall-16055255_8154,,,57,0
25/7/2021,2021,3b 1000m,"Kalininsky District Open Joggling Championship, Saint-Petersburg, Russia",Alexander Khlebodarov,M,RUS,0:06:28.00,?,https://vk.com/wall-16055255_8154,,,388,0
25/7/2021,2021,3b 60m,"Kalininsky District Open Joggling Championship, Saint-Petersburg, Russia",Antonina Tsvetkova,F,RUS,0:00:12.51,?,https://vk.com/wall-16055255_8154,,,12,0
25/7/2021,2021,3c 60m,"Kalininsky District Open Joggling Championship, Saint-Petersburg, Russia",Antonina Tsvetkova,F,RUS,0:00:25.90,?,https://vk.com/wall-16055255_8154,,,25,0
25/7/2021,2021,3b 200m,"Kalininsky District Open Joggling Championship, Saint-Petersburg, Russia",Antonina Tsvetkova,F,RUS,0:00:58.80,?,https://vk.com/wall-16055255_8154,,,58,0
25/7/2021,2021,3? 200m,"Kalininsky District Open Joggling Championship, Saint-Petersburg, Russia",Antonina Tsvetkova,F,RUS,0:01:47.03,?,https://vk.com/wall-16055255_8154,,,107,0
25/7/2021,2021,3b 60m,"Kalininsky District Open Joggling Championship, Saint-Petersburg, Russia",Artem Chusovitin,M,RUS,0:00:19.30,?,https://vk.com/wall-16055255_8154,,,19,0
25/7/2021,2021,3b 200m,"Kalininsky District Open Joggling Championship, Saint-Petersburg, Russia",Artem Chusovitin,M,RUS,0:00:49.70,?,https://vk.com/wall-16055255_8154,,,49,0
25/7/2021,2021,3b 1000m,"Kalininsky District Open Joggling Championship, Saint-Petersburg, Russia",Artem Chusovitin,M,RUS,0:05:54.00,?,https://vk.com/wall-16055255_8154,,,354,0
25/7/2021,2021,3b 60m,"Kalininsky District Open Joggling Championship, Saint-Petersburg, Russia",Crack Ivan,M,RUS,0:00:16.60,?,https://vk.com/wall-16055255_8154,,,16,0
25/7/2021,2021,3b 200m,"Kalininsky District Open Joggling Championship, Saint-Petersburg, Russia",Crack Ivan,M,RUS,0:00:50.80,?,https://vk.com/wall-16055255_8154,,,50,0
25/7/2021,2021,3b 1000m,"Kalininsky District Open Joggling Championship, Saint-Petersburg, Russia",Crack Ivan,M,RUS,0:05:34.00,?,https://vk.com/wall-16055255_8154,,,334,0
25/7/2021,2021,3b 60m,"Kalininsky District Open Joggling Championship, Saint-Petersburg, Russia",Diana Diane,F,RUS,0:00:58.40,?,https://vk.com/wall-16055255_8154,,,58,0
25/7/2021,2021,3b 200m,"Kalininsky District Open Joggling Championship, Saint-Petersburg, Russia",Diana Diane,F,RUS,0:02:10.00,?,https://vk.com/wall-16055255_8154,,,130,0
25/7/2021,2021,4b 60m,"Kalininsky District Open Joggling Championship, Saint-Petersburg, Russia",Dmitry Kozlov,M,RUS,0:00:09.85,?,https://vk.com/wall-16055255_8154,,,9,0
25/7/2021,2021,3b 60m,"Kalininsky District Open Joggling Championship, Saint-Petersburg, Russia",Dmitry Kozlov,M,RUS,0:00:10.10,?,https://vk.com/wall-16055255_8154,,,10,0
25/7/2021,2021,3c 60m,"Kalininsky District Open Joggling Championship, Saint-Petersburg, Russia",Dmitry Kozlov,M,RUS,0:00:16.20,?,https://vk.com/wall-16055255_8154,,,16,0
25/7/2021,2021,5b 60m,"Kalininsky District Open Joggling Championship, Saint-Petersburg, Russia",Dmitry Kozlov,M,RUS,0:00:26.10,?,https://vk.com/wall-16055255_8154,,,26,0
25/7/2021,2021,3b 200m,"Kalininsky District Open Joggling Championship, Saint-Petersburg, Russia",Dmitry Kozlov,M,RUS,0:00:34.20,?,https://vk.com/wall-16055255_8154,,,34,11
25/7/2021,2021,4b 200m,"Kalininsky District Open Joggling Championship, Saint-Petersburg, Russia",Dmitry Kozlov,M,RUS,0:00:56.50,?,https://vk.com/wall-16055255_8154,,,56,0
25/7/2021,2021,3? 200m,"Kalininsky District Open Joggling Championship, Saint-Petersburg, Russia",Dmitry Kozlov,M,RUS,0:00:58.70,?,https://vk.com/wall-16055255_8154,,,58,0
25/7/2021,2021,5b 200m,"Kalininsky District Open Joggling Championship, Saint-Petersburg, Russia",Dmitry Kozlov,M,RUS,0:01:39.00,?,https://vk.com/wall-16055255_8154,,,99,0
25/7/2021,2021,3b 60m,"Kalininsky District Open Joggling Championship, Saint-Petersburg, Russia",Ilia Poliakov,M,ISR,0:00:09.60,?,https://vk.com/wall-16055255_8154,,,9,0
25/7/2021,2021,3c 60m,"Kalininsky District Open Joggling Championship, Saint-Petersburg, Russia",Ilia Poliakov,M,ISR,0:00:14.40,?,https://vk.com/wall-16055255_8154,,,14,0
25/7/2021,2021,5b 60m,"Kalininsky District Open Joggling Championship, Saint-Petersburg, Russia",Ilia Poliakov,M,ISR,0:00:17.50,?,https://vk.com/wall-16055255_8154,,,17,0
25/7/2021,2021,4b 60m,"Kalininsky District Open Joggling Championship, Saint-Petersburg, Russia",Ilia Poliakov,M,ISR,0:00:18.00,?,https://vk.com/wall-16055255_8154,,,18,0
25/7/2021,2021,3b 200m,"Kalininsky District Open Joggling Championship, Saint-Petersburg, Russia",Ilia Poliakov,M,ISR,0:00:33.70,?,https://vk.com/wall-16055255_8154,,,33,31
25/7/2021,2021,4b 200m,"Kalininsky District Open Joggling Championship, Saint-Petersburg, Russia",Ilia Poliakov,M,ISR,0:00:43.10,?,https://vk.com/wall-16055255_8154,,,43,0
25/7/2021,2021,3? 200m,"Kalininsky District Open Joggling Championship, Saint-Petersburg, Russia",Ilia Poliakov,M,ISR,0:00:48.60,?,https://vk.com/wall-16055255_8154,,,48,0
25/7/2021,2021,5b 200m,"Kalininsky District Open Joggling Championship, Saint-Petersburg, Russia",Ilia Poliakov,M,ISR,0:02:00.00,?,https://vk.com/wall-16055255_8154,,,120,0
25/7/2021,2021,3b 1000m,"Kalininsky District Open Joggling Championship, Saint-Petersburg, Russia",Ilia Poliakov,M,ISR,0:03:55.00,?,https://vk.com/wall-16055255_8154,,,235,2
25/7/2021,2021,3b 60m,"Kalininsky District Open Joggling Championship, Saint-Petersburg, Russia",Julia Len,F,RUS,0:00:32.60,?,https://vk.com/wall-16055255_8154,,,32,0
25/7/2021,2021,3b 200m,"Kalininsky District Open Joggling Championship, Saint-Petersburg, Russia",Julia Len,F,RUS,0:02:11.00,?,https://vk.com/wall-16055255_8154,,,131,0
25/7/2021,2021,3c 60m,"Kalininsky District Open Joggling Championship, Saint-Petersburg, Russia",Julia Novikova,F,RUS,0:01:01.00,?,https://vk.com/wall-16055255_8154,,,61,0
25/7/2021,2021,3b 200m,"Kalininsky District Open Joggling Championship, Saint-Petersburg, Russia",Julia Novikova,F,RUS,0:01:52.40,?,https://vk.com/wall-16055255_8154,,,112,0
25/7/2021,2021,3? 200m,"Kalininsky District Open Joggling Championship, Saint-Petersburg, Russia",Julia Novikova,F,RUS,0:03:07.00,?,https://vk.com/wall-16055255_8154,,,187,0
25/7/2021,2021,3b 60m,"Kalininsky District Open Joggling Championship, Saint-Petersburg, Russia",Jurabayeva Yasya,F,RUS,0:00:28.84,?,https://vk.com/wall-16055255_8154,,,28,0
25/7/2021,2021,3b 200m,"Kalininsky District Open Joggling Championship, Saint-Petersburg, Russia",Jurabayeva Yasya,F,RUS,0:01:21.00,?,https://vk.com/wall-16055255_8154,,,81,0
25/7/2021,2021,3b 60m,"Kalininsky District Open Joggling Championship, Saint-Petersburg, Russia",Kirill Sergeev,M,RUS,0:00:16.11,?,https://vk.com/wall-16055255_8154,,,16,0
25/7/2021,2021,3c 60m,"Kalininsky District Open Joggling Championship, Saint-Petersburg, Russia",Kirill Sergeev,M,RUS,0:00:19.30,?,https://vk.com/wall-16055255_8154,,,19,0
25/7/2021,2021,3b 200m,"Kalininsky District Open Joggling Championship, Saint-Petersburg, Russia",Kirill Sergeev,M,RUS,0:01:02.25,?,https://vk.com/wall-16055255_8154,,,62,0
25/7/2021,2021,3b 60m,"Kalininsky District Open Joggling Championship, Saint-Petersburg, Russia",Kiryushkin Anton,M,RUS,0:00:23.00,?,https://vk.com/wall-16055255_8154,,,23,0
25/7/2021,2021,3b 200m,"Kalininsky District Open Joggling Championship, Saint-Petersburg, Russia",Kiryushkin Anton,M,RUS,0:01:09.54,?,https://vk.com/wall-16055255_8154,,,69,0
25/7/2021,2021,3b 1000m,"Kalininsky District Open Joggling Championship, Saint-Petersburg, Russia",Kiryushkin Anton,M,RUS,0:05:10.00,?,https://vk.com/wall-16055255_8154,,,310,0
25/7/2021,2021,3b 60m,"Kalininsky District Open Joggling Championship, Saint-Petersburg, Russia",Korunkov Evgeny,M,RUS,0:00:14.50,?,https://vk.com/wall-16055255_8154,,,14,0
25/7/2021,2021,3c 60m,"Kalininsky District Open Joggling Championship, Saint-Petersburg, Russia",Korunkov Evgeny,M,RUS,0:00:19.80,?,https://vk.com/wall-16055255_8154,,,19,0
25/7/2021,2021,4b 60m,"Kalininsky District Open Joggling Championship, Saint-Petersburg, Russia",Korunkov Evgeny,M,RUS,0:00:22.59,?,https://vk.com/wall-16055255_8154,,,22,0
25/7/2021,2021,5b 60m,"Kalininsky District Open Joggling Championship, Saint-Petersburg, Russia",Korunkov Evgeny,M,RUS,0:00:41.20,?,https://vk.com/wall-16055255_8154,,,41,0
25/7/2021,2021,3b 60m,"Kalininsky District Open Joggling Championship, Saint-Petersburg, Russia",Pavel Stulikov,M,RUS,0:00:41.00,?,https://vk.com/wall-16055255_8154,,,41,0
25/7/2021,2021,3b 60m,"Kalininsky District Open Joggling Championship, Saint-Petersburg, Russia",Peter Zaitsev,M,RUS,0:00:12.60,?,https://vk.com/wall-16055255_8154,,,12,0
25/7/2021,2021,4b 60m,"Kalininsky District Open Joggling Championship, Saint-Petersburg, Russia",Peter Zaitsev,M,RUS,0:00:34.40,?,https://vk.com/wall-16055255_8154,,,34,0
25/7/2021,2021,3b 200m,"Kalininsky District Open Joggling Championship, Saint-Petersburg, Russia",Peter Zaitsev,M,RUS,0:00:49.80,?,https://vk.com/wall-16055255_8154,,,49,0
25/7/2021,2021,4b 200m,"Kalininsky District Open Joggling Championship, Saint-Petersburg, Russia",Peter Zaitsev,M,RUS,0:01:36.00,?,https://vk.com/wall-16055255_8154,,,96,0
25/7/2021,2021,3b 1000m,"Kalininsky District Open Joggling Championship, Saint-Petersburg, Russia",Peter Zaitsev,M,RUS,0:04:11.00,?,https://vk.com/wall-16055255_8154,,,251,0
25/7/2021,2021,3b 60m,"Kalininsky District Open Joggling Championship, Saint-Petersburg, Russia",Shchipakin Konstantin,M,RUS,0:00:14.80,?,https://vk.com/wall-16055255_8154,,,14,0
25/7/2021,2021,3c 60m,"Kalininsky District Open Joggling Championship, Saint-Petersburg, Russia",Shchipakin Konstantin,M,RUS,0:00:55.60,?,https://vk.com/wall-16055255_8154,,,55,0
25/7/2021,2021,3b 200m,"Kalininsky District Open Joggling Championship, Saint-Petersburg, Russia",Shchipakin Konstantin,M,RUS,0:01:27.00,?,https://vk.com/wall-16055255_8154,,,87,0
25/7/2021,2021,3c 60m,"Kalininsky District Open Joggling Championship, Saint-Petersburg, Russia",Shvetsov Vladislav,M,RUS,0:00:14.80,?,https://vk.com/wall-16055255_8154,,,14,0
25/7/2021,2021,3? 200m,"Kalininsky District Open Joggling Championship, Saint-Petersburg, Russia",Shvetsov Vladislav,M,RUS,0:00:44.90,?,https://vk.com/wall-16055255_8154,,,44,0
25/7/2021,2021,3b 60m,"Kalininsky District Open Joggling Championship, Saint-Petersburg, Russia",Ulezlo Elvira,F,RUS,0:00:14.58,?,https://vk.com/wall-16055255_8154,,,14,0
25/7/2021,2021,3c 60m,"Kalininsky District Open Joggling Championship, Saint-Petersburg, Russia",Ulezlo Elvira,F,RUS,0:00:20.00,?,https://vk.com/wall-16055255_8154,,,20,0
25/7/2021,2021,3b 200m,"Kalininsky District Open Joggling Championship, Saint-Petersburg, Russia",Ulezlo Elvira,F,RUS,0:01:18.00,?,https://vk.com/wall-16055255_8154,,,78,0
25/7/2021,2021,3? 200m,"Kalininsky District Open Joggling Championship, Saint-Petersburg, Russia",Ulezlo Elvira,F,RUS,0:01:24.00,?,https://vk.com/wall-16055255_8154,,,84,0
25/7/2021,2021,3b 1000m,"Kalininsky District Open Joggling Championship, Saint-Petersburg, Russia",Ulezlo Elvira,F,RUS,0:06:03.00,?,https://vk.com/wall-16055255_8154,,,363,0
25/7/2021,2021,3b 60m,"Kalininsky District Open Joggling Championship, Saint-Petersburg, Russia",Yaroshenko Stepan,M,RUS,0:00:18.20,?,https://vk.com/wall-16055255_8154,,,18,0
25/7/2021,2021,3b 200m,"Kalininsky District Open Joggling Championship, Saint-Petersburg, Russia",Yaroshenko Stepan,M,RUS,0:00:36.30,?,https://vk.com/wall-16055255_8154,,,36,0
25/7/2021,2021,3b 1000m,"Kalininsky District Open Joggling Championship, Saint-Petersburg, Russia",Yaroshenko Stepan,M,RUS,0:03:45.00,?,https://vk.com/wall-16055255_8154,,,225,24
21/07/2021,2021,3b Mile,"Harrisburg Mile Race, PA",Tim Ebersole,M,USA,0:05:47.00,?,https://falconracetiming.com/racetimes/Harrisburg%20Mile%20Overall%202021.htm,,,347,162
10/07/2021,2021,3b Ultra (40m),Dukeries 40,Tim Butler,M,GBR,8:21:43.00,?,Marathon #57: https://www.joggling.co.uk/Marathon-List,,,30103,0
19/06/2021,2021,3b Ultra (28m),The Halo Chesterfield,Tim Butler,M,GBR,5:50:08.00,?,Marathon #56: https://www.joggling.co.uk/Marathon-List,,,21008,0
13/06/2021,2021,3b Half Marathon,"Dumb Dutchman Half Marathon, Reading, PA",Tim Ebersole,M,USA,1:36:35.00,?,https://www.pretzelcitysports.com/wp-content/uploads/2021/06/21-dd-half-results.pdf,,,5795,153
23/05/2021,2021,3b Marathon,Peterborough Marathon,Tim Butler,M,GBR,4:29:17.00,?,Marathon #55: https://www.joggling.co.uk/Marathon-List,,,16157,0
08/05/2021,2021,3b Marathon,Colliery Canter,Tim Butler,M,GBR,5:10:02.00,?,Marathon #54: https://www.joggling.co.uk/Marathon-List,,,18602,0
28/04/2021,2021,3b Mile,Time Trial,Koutaro Kawano,M,JPN,0:06:17.00,?,https://www.strava.com/activities/5204608300,,,377,50
24/04/2021,2021,3b 5km,Time Trial,Toon Witters,M,BEL,0:22:19.00,15,https://www.strava.com/activities/5182010335,,,1339,28
04/04/2021,2021,3b 10km,N Kolay ?stanbul Yar? Maratonu 2021,Ferda Tekgul,M,TUR,0:48:21.00,?,https://event.spor.istanbul/eventresults.aspx,,,2901,32
19/12/2020,2020,3b 5km,5km Joggling Challenge,EJ Coldham,F,GBR,0:30:20.00,?,https://www.strava.com/activities/4491314701/overview,,,1820,63
29/11/2020,2020,3b Marathon,Space Coast Marathon,Barak Hirschowitz,M,USA,4:46:03.00,?,https://marathonview.net/search?query=barak%20hirschowitz,,,17163,0
26/11/2020,2020,3b 10km,"Newport Turkey Trot 10k, PA",Tim Ebersole,M,USA,0:44:32.00,?,https://resultscui.active.com/events/2020NewportTurkeyTrot,,,2672,120
26/10/2020,2020,3b 10km,?stanbulu Ko?uyorum Caddebostan Gazi Ko?usu 2020,Ferda Tekgul,M,TUR,0:52:29.00,?,https://event.spor.istanbul/eventresults.aspx,,,3149,0
11/10/2020,2020,3b 10km,?stanbulu Ko?uyorum Bak?rköy Etab? 2020,Ferda Tekgul,M,TUR,0:50:55.00,?,https://event.spor.istanbul/eventresults.aspx,,,3055,4
12/09/2020,2020,3b Half Marathon,"Harrisburg Half Marathon, PA",Tim Ebersole,M,USA,1:29:56.00,0,https://falconracetiming.com/racetimes/Harrisburg%20Half%20Overall%202020.htm,,,5396,269
29/08/2020,2020,3b Marathon,Temple Newsam Marathon,Tim Butler,M,GBR,4:53:01.00,?,Marathon #53: https://www.joggling.co.uk/Marathon-List,,,17581,0
22/08/2020,2020,3b Mile,Time Trial,Charlie Freeman,M,USA,0:05:06.00,1,https://www.tiktok.com/@cfreeman77/video/6863613020333985029,,,306,417
14/07/2020,2020,3b Mile,Time Trial,Aaron Scott,M,USA,0:05:21.00,1,https://www.youtube.com/watch?v=OM97KJQIVAM,,,321,310
25/04/2020,2020,3b 50km,Time Trial,John Riden,M,USA,10:49:11.00,?,https://www.strava.com/activities/3353955376,,,38951,0
16/04/2020,2020,5b Mile,Time Trial,Scott Jenkins,M,GBR,0:15:21.00,?,https://www.strava.com/activities/3307180189,,,921,0
03/04/2020,2020,3b 5km,Time Trial,Aaron Scott,M,USA,0:17:47.00,1,https://www.youtube.com/watch?v=NYNBRc9AKHE,,,1067,386
08/03/2020,2020,3b Marathon,Los Angeles Marathon,Justin Delong,M,USA,4:03:25.00,?,https://www.instagram.com/p/B9n74FxlkSX/  http://results2.xacte.com/#/e/2353/searchable,,,14605,18
29/02/2020,2020,5b 5km,Cross Flats Parkrun,Dominic Lodge,M,GBR,0:50:00.00,?,"https://www.facebook.com/profile/100064422740314/search?q=juggle https://www.parkrun.org.uk/crossflatts/results/352/
",,,3000,0
25/02/2020,2020,3b Marathon,Salcey Forest Marathon,Tim Butler,M,GBR,4:56:07.00,?,Marathon #52: https://www.joggling.co.uk/Marathon-List,,,17767,0
25/01/2020,2020,3b Ultra (30m),Waterways 30,Tim Butler,M,GBR,6:36:21.00,?,Marathon #51: https://www.joggling.co.uk/Marathon-List,,,23781,0
18/01/2020,2020,3b Ultra (27m),Pierrepont 6 Hour,Tim Butler,M,GBR,4:27:53.00,?,Marathon #50: https://www.joggling.co.uk/Marathon-List,,,16073,0
12/01/2020,2020,3b Marathon,Langsett Marathon,Tim Butler,M,GBR,5:29:33.00,?,Marathon #49: https://www.joggling.co.uk/Marathon-List,,,19773,0
04/01/2020,2020,3b 5km,Gloucester City Parkrun,Jordan Evans,M,GBR,0:20:18.00,0,https://www.strava.com/activities/2980542307,,,1218,136
01/01/2020,2020,3b 5km,"Faelledparken Parkrun, Copenhagen",Malachy Kelly,M,IRL,0:25:57.00,?,https://www.parkrun.dk/faelledparken/results/429/    https://www.facebook.com/481403242254926/posts/pfbid02KABLv52gBKhJZQ76bSg44CHmNtbLAhoz1YM2cWETaQqrXSZNDPGs1dQz7ETtByRzl/?app=fbl,,,1557,0
01/01/2020,2020,3b 5km,"Amager Faelled Parkrun, Copenhagen",Malachy Kelly,M,IRL,0:27:18.00,?,https://www.parkrun.dk/amager/results/569/   https://www.facebook.com/481403242254926/posts/pfbid02KABLv52gBKhJZQ76bSg44CHmNtbLAhoz1YM2cWETaQqrXSZNDPGs1dQz7ETtByRzl/?app=fbl,,,1638,0
25/12/2019,2019,3b 5km,Sligo Parkrun,Malachy Kelly,M,IRL,0:23:36.00,?,https://www.parkrun.ie/sligo/results/254/,,,1416,1
21/12/2019,2019,3b 5km,Gloucester City Parkrun,Jordan Evans,M,GBR,0:22:03.00,2,https://www.strava.com/activities/2971205774,,,1323,38
21/12/2019,2019,3b 5km,Burnham and Highbridge Parkrun,Scott Jenkins,M,GBR,0:23:01.00,?,,,,1381,9
14/12/2019,2019,3b 5km,"Killarney House Parkrun, Ireland",Malachy Kelly,M,IRL,0:24:20.00,?,https://www.facebook.com/killarneyhouseparkrun/videos/473825933533323/?app=fbl     https://www.parkrun.ie/killarneyhouse/results/22/,,,1460,0
14/12/2019,2019,3b Marathon,Elsecar Marathon,Tim Butler,M,GBR,4:59:36.00,?,Marathon #48: https://www.joggling.co.uk/Marathon-List,,,17976,0
08/12/2019,2019,3b 10km,Bebek Etab? ?stanbulu Ko?uyorum,Ferda Tekgul,M,TUR,0:49:51.00,?,https://event.spor.istanbul/eventresults.aspx,,,2991,13
08/12/2019,2019,3b 15km,"Bruggenloop, Rotterdam",Roy van Rijn,M,NLD,1:45:43.00,?,https://marathonphotos.live/Event/Sports%2FNFNL%2F2019%2FBruggenloop%20Rotterdam/9626#free   https://twitter.com/royvanrijn/status/1203735661641175040?t=gGl1n9Ktl6OiiY0rAWW56w&s=19,,,6343,0
07/12/2019,2019,3b 4.5km,Gossau Christmas Run 10k,Daniel Raum,M,AUT,0:20:17.00,?,https://www.alphafoto.com/images.php?runID=1206&sn=9091    https://www.datasport.com/live/startlist/?racenr=21167,,,1217,0
01/12/2019,2019,3b 5km,"JSRC Navesink Challenge, New Jersey",Karly Swaim,F,USA,0:32:18.00,?,https://runsignup.com/Race/Results/38943/#resultSetId-182064;page:2;perpage:100,,,1938,21
28/11/2019,2019,3b 5km,"New Cumberland Turkey Trot 5k, PA",Tim Ebersole,M,USA,0:20:41.00,?,https://falconracetiming.com/racetimes/SMT%20Turkey%20Trot%20AG%202019.htm#%201%20M,,,1241,110
23/11/2019,2019,3b 5km,Mallow Castle Parkrun,Malachy Kelly,M,IRL,0:25:06.00,?,https://www.facebook.com/481403242254926/posts/880304059031507/?mibextid=rS40aB7S9Ucbxw6v,,,1506,0
16/11/2019,2019,3b Marathon,Rother Valley Park Marathon,Tim Butler,M,GBR,4:29:54.00,?,Marathon #47: https://www.joggling.co.uk/Marathon-List,,,16194,0
11/11/2019,2019,3b 10km,Olsztyn Independence Run,Jarek Widomski,M,POL,0:48:22.00,?,,,,2902,32
03/11/2019,2019,3b Marathon,New York City Marathon,Barak Hirschowitz,M,USA,4:54:10.00,?,https://www.nyrr.org/tcsnycmarathon/getinspired/photos-and-stories/2020/jack-hirschowitz,,,17650,0
03/11/2019,2019,3b 15km,Istanbul,Ferda Tekgul,M,TUR,1:29:50.00,?,https://event.spor.istanbul/eventresults.aspx,,,5390,0
03/11/2019,2019,3b Marathon,New York City Marathon,Jack Hirschowitz,M,USA,4:56:52.00,?,https://results.nyrr.org/event/M2019/finishers#search=Hirschowitz&page=1,,,17812,0
28/10/2019,2019,3b Mile,Time Trial (GWR),David Rush,M,USA,0:07:54.00,?,Blindfolded! https://www.youtube.com/watch?v=TdYXwSeqxOk,,,474,0
20/10/2019,2019,3b 10km,Sarasota 10km,Barak Hirschowitz,M,USA,0:56:18.00,?,,,,3378,0
20/10/2019,2019,3b Half Marathon,Amsterdam,Necmi Oztoprak,M,TUR,1:50:51.00,0,https://www.instagram.com/p/B32bLemgnSv/,,,6651,13
13/10/2019,2019,3b 10km,Munich,Necmi Oztoprak,M,TUR,0:46:14.00,0,https://www.instagram.com/p/B3mGtkLAt7M/  https://www.abavent.de/anmeldeservice/muenchenmarathon2019/ergebnisse?en#3_CF93CE,,,2774,74
13/10/2019,2019,3b Marathon,Chicago Marathon,Perry Romanowski,M,USA,3:43:46.00,?,https://chicago-history.r.mikatiming.com/2021/?pid=search,,,13426,90
06/10/2019,2019,3b Marathon,"3-Länder-Marathon, Lindau, Germany",Daniel Raum,M,AUT,3:21:37.00,?,https://bregenz.r.mikatiming.de/2019/?pid=search,,,12097,234
06/10/2019,2019,3b 10km,?stanbulu Ko?uyorum Bak?rköy Etab? 2019,Ferda Tekgul,M,TUR,0:55:51.00,?,https://event.spor.istanbul/eventresults.aspx,,,3351,0
06/10/2019,2019,3b Half Marathon,Bridlington Half Marathon,Pete Barnard,M,GBR,2:11:16.00,2,https://www.sportstimingsolutions.co.uk/rcd_mobile.php?id=355&bib=114,,,7876,0
05/10/2019,2019,4b 10km,"Runinaddu, Maldives ",Michal Kapral,M,CAN,0:55:48.00,?,https://runningmagazine.ca/the-scene/michal-kapral-sets-worlds-first-4-ball-joggling-10k-record-in-paradise/,,,3348,0
28/09/2019,2019,3b 5km,Mill Race 5km,John Riden,M,USA,0:29:16.00,4,https://www.strava.com/activities/2746941936,,,1756,0
22/09/2019,2019,3b Marathon,Rutland Water Marathon,Tim Butler,M,GBR,4:49:25.00,?,Marathon #46: https://www.joggling.co.uk/Marathon-List,,,17365,0
15/09/2019,2019,3b 10km,Tubingen Heritage Run,Peter Rottenbach,M,DEU,0:58:45.00,?,https://my.raceresult.com/119388/#0_E863AF ,,,3525,0
14/09/2019,2019,3b 10km,VI Run Grand Prix Warsaw,Jarek Widomski,M,POL,0:45:15.00,2,,,,2715,99
08/09/2019,2019,3b Half Marathon,Maybank Bali Marathon,Levent Denizci,M,TUR,2:14:32.00,3,https://www.instagram.com/p/B2qhaW0g48r/  https://www.instagram.com/p/B2Llfk0AXco/,,,8072,0
08/09/2019,2019,3b Half Marathon,Harrisburg Half Marathon,Tim Ebersole,M,USA,1:32:59.00,2,https://falconracetiming.com/racetimes/Harrisburg%20Half%20Marathon%20Overall%202019.htm,,,5579,211
01/09/2019,2019,3b Marathon,York Turbin Challenge,Tim Butler,M,GBR,4:55:00.00,?,Marathon #45: https://www.joggling.co.uk/Marathon-List,,,17700,0
25/08/2019,2019,3b Marathon,Santa Rosa Marathon,Barak Hirschowitz,M,USA,4:31:11.00,?,https://marathonview.net/search?query=barak%20hirschowitz,,,16271,0
15/08/2019,2019,3b Half Marathon,Aleksandrow Zodzki Half Marathon,Jarek Widomski,M,POL,1:44:35.00,0,,,,6275,56
27/07/2019,2019,3b Ultra (44.9m),Dusk Till Dawn,Tim Butler,M,GBR,12:00:00.00,?,Marathon #44: https://www.joggling.co.uk/Marathon-List,,,43200,0
17/07/2019,2019,3b 10km,Bungay 10km,John Jervis,M,GBR,0:47:42.00,7,https://www.runbritainrankings.com/results/results.aspx?meetingid=297940&event=10KMT&venue=Bungay&date=17-Jul-19,,,2862,43
06/07/2019,2019,3b Marathon,York Interstellar Marathon,Tim Butler,M,GBR,4:20:58.00,?,Marathon #43: https://www.joggling.co.uk/Marathon-List,,,15658,0
29/06/2019,2019,3b 200m,"IJA, Fort Wayne",Aaron Scott,M,USA,0:00:36.81,?,IJA Database,,,36,0
29/06/2019,2019,3b 600m,"IJA, Fort Wayne",Aaron Scott,M,USA,0:01:55.10,?,IJA Database,,,115,93
29/06/2019,2019,3b 1000m,"IJA, Fort Wayne",Aaron Scott,M,USA,0:03:23.20,?,IJA Database,,,203,147
29/06/2019,2019,3b 200m,"IJA, Fort Wayne",Adam Hellman,M,0,0:00:41.93,?,IJA Database,,,41,0
29/06/2019,2019,3b 600m,"IJA, Fort Wayne",Adam Hellman,M,0,0:02:01.90,?,IJA Database,,,121,36
29/06/2019,2019,3b 1000m,"IJA, Fort Wayne",Adam Hellman,M,0,0:03:51.20,?,IJA Database,,,231,8
29/06/2019,2019,3b 4x200m,"IJA, Fort Wayne","Adam Hellman, David Pavlove Cunsolo, Owen Gerba, Josh Dibbin",M,0,0:02:57.60,?,IJA Database,,,177,0
29/06/2019,2019,3b 60m,"IJA, Fort Wayne",Anthony Zeszut,M,0,0:00:14.72,?,IJA Database,,,14,0
29/06/2019,2019,3b 200m,"IJA, Fort Wayne",Anthony Zeszut,M,0,0:00:46.90,?,IJA Database,,,46,0
29/06/2019,2019,3b 600m,"IJA, Fort Wayne",Anthony Zeszut,M,0,0:02:42.40,?,IJA Database,,,162,0
29/06/2019,2019,3b 1000m,"IJA, Fort Wayne",Anthony Zeszut,M,0,0:04:32.20,?,IJA Database,,,272,0
29/06/2019,2019,3b 60m,"IJA, Fort Wayne",Barry Goldmeier,M,USA,0:00:54.10,?,IJA Database,,,54,0
29/06/2019,2019,3b 200m,"IJA, Fort Wayne",Barry Goldmeier,M,USA,0:01:20.80,?,IJA Database,,,80,0
29/06/2019,2019,5b 60m,"IJA, Fort Wayne",Barry Goldmeier,M,USA,0:01:23.30,?,IJA Database,,,83,0
29/06/2019,2019,5b 200m,"IJA, Fort Wayne",Barry Goldmeier,M,USA,0:01:28.40,?,IJA Database,,,88,0
29/06/2019,2019,3b 600m,"IJA, Fort Wayne",Barry Goldmeier,M,USA,0:04:32.00,?,IJA Database,,,272,0
29/06/2019,2019,3b 1000m,"IJA, Fort Wayne",Barry Goldmeier,M,USA,0:08:19.20,?,IJA Database,,,499,0
29/06/2019,2019,3b 4x200m,"IJA, Fort Wayne","Barry Goldmeier, Riley McLincha",M,0,0:06:41.80,?,IJA Database,,,401,0
29/06/2019,2019,3b 60m,"IJA, Fort Wayne",Becky Kresser,F,0,0:00:14.66,?,IJA Database,,,14,0
29/06/2019,2019,3b 200m,"IJA, Fort Wayne",Becky Kresser,F,0,0:00:51.75,?,IJA Database,,,51,0
29/06/2019,2019,5b 60m,"IJA, Fort Wayne",Becky Kresser,F,0,0:02:19.80,?,IJA Database,,,139,0
29/06/2019,2019,3b 600m,"IJA, Fort Wayne",Becky Kresser,F,0,0:03:41.20,?,IJA Database,,,221,0
29/06/2019,2019,3b 1000m,"IJA, Fort Wayne",Becky Kresser,F,0,0:06:34.30,?,IJA Database,,,394,0
29/06/2019,2019,3b 60m,"IJA, Fort Wayne",Bennett Santora,M,0,0:00:08.78,?,IJA Database,,,8,0
29/06/2019,2019,5b 60m,"IJA, Fort Wayne",Bennett Santora,M,0,0:00:11.25,?,IJA Database,,,11,0
29/06/2019,2019,3b 200m,"IJA, Fort Wayne",Bennett Santora,M,0,0:00:37.84,?,IJA Database,,,37,0
29/06/2019,2019,7b 60m,"IJA, Fort Wayne",Bennett Santora,M,0,0:00:43.07,?,IJA Database,,,43,0
29/06/2019,2019,5b 200m,"IJA, Fort Wayne",Bennett Santora,M,0,0:01:07.40,?,IJA Database,,,67,0
29/06/2019,2019,3b 600m,"IJA, Fort Wayne",Bennett Santora,M,0,0:03:42.60,?,IJA Database,,,222,0
29/06/2019,2019,3b 60m,"IJA, Fort Wayne",Caleb Black,M,0,0:00:12.31,?,IJA Database,,,12,0
29/06/2019,2019,3b 200m,"IJA, Fort Wayne",Caleb Black,M,0,0:00:54.30,?,IJA Database,,,54,0
29/06/2019,2019,3b 1000m,"IJA, Fort Wayne",Caleb Black,M,0,0:06:09.40,?,IJA Database,,,369,0
29/06/2019,2019,3b 4x200m,"IJA, Fort Wayne","Caleb Black, Joshua Black, Shane Kaseman, Izaak Jolin",M,0,0:04:36.30,?,IJA Database,,,276,0
29/06/2019,2019,3b 60m,"IJA, Fort Wayne",Craig Muhlenkamp,M,USA,0:00:10.32,?,IJA Database,,,10,0
29/06/2019,2019,3b 200m,"IJA, Fort Wayne",Craig Muhlenkamp,M,USA,0:00:42.16,?,IJA Database,,,42,0
29/06/2019,2019,3b 600m,"IJA, Fort Wayne",Craig Muhlenkamp,M,USA,0:02:13.40,?,IJA Database,,,133,0
29/06/2019,2019,3b 1000m,"IJA, Fort Wayne",Craig Muhlenkamp,M,USA,0:04:01.70,?,IJA Database,,,241,0
29/06/2019,2019,3b 60m,"IJA, Fort Wayne",Daniel James,M,0,0:00:18.06,?,IJA Database,,,18,0
29/06/2019,2019,3b 200m,"IJA, Fort Wayne",Daniel James,M,0,0:01:01.70,?,IJA Database,,,61,0
29/06/2019,2019,3b 600m,"IJA, Fort Wayne",Daniel James,M,0,0:03:56.30,?,IJA Database,,,236,0
29/06/2019,2019,3b 1000m,"IJA, Fort Wayne",Daniel James,M,0,0:08:16.30,?,IJA Database,,,496,0
29/06/2019,2019,3b 60m,"IJA, Fort Wayne",David Pavlove Cunsolo,M,0,0:00:10.56,?,IJA Database,,,10,0
29/06/2019,2019,5b 60m,"IJA, Fort Wayne",David Pavlove Cunsolo,M,0,0:00:14.04,?,IJA Database,,,14,0
29/06/2019,2019,3b 200m,"IJA, Fort Wayne",David Pavlove Cunsolo,M,0,0:00:39.23,?,IJA Database,,,39,0
29/06/2019,2019,5b 200m,"IJA, Fort Wayne",David Pavlove Cunsolo,M,0,0:01:25.30,?,IJA Database,,,85,0
29/06/2019,2019,3b 600m,"IJA, Fort Wayne",David Pavlove Cunsolo,M,0,0:02:22.50,?,IJA Database,,,142,0
29/06/2019,2019,3b 1000m,"IJA, Fort Wayne",David Pavlove Cunsolo,M,0,0:04:36.20,?,IJA Database,,,276,0
29/06/2019,2019,3b 600m,"IJA, Fort Wayne",Eric Walter,M,USA,0:01:55.50,?,IJA Database,,,115,93
29/06/2019,2019,3b 800m,"IJA, Fort Wayne",Eric Walter,M,USA,0:02:12.90,?,IJA Database,,,132,495
29/06/2019,2019,3b 60m,"IJA, Fort Wayne",Gabrielle Foran,F,CAN,0:00:10.81,?,IJA Database,,,10,0
29/06/2019,2019,3b 200m,"IJA, Fort Wayne",Gabrielle Foran,F,CAN,0:00:35.76,?,IJA Database,,,35,247
29/06/2019,2019,5b 60m,"IJA, Fort Wayne",Gabrielle Foran,F,CAN,0:01:05.50,?,IJA Database,,,65,0
29/06/2019,2019,3b 600m,"IJA, Fort Wayne",Gabrielle Foran,F,CAN,0:02:00.40,?,IJA Database,,,120,488
29/06/2019,2019,3b 1000m,"IJA, Fort Wayne",Gabrielle Foran,F,CAN,0:03:29.10,?,IJA Database,,,209,559
29/06/2019,2019,5b 200m,"IJA, Fort Wayne",Gabrielle Foran,F,CAN,0:03:29.60,?,IJA Database,,,209,0
29/06/2019,2019,3b 4x200m,"IJA, Fort Wayne","Gabrielle Foran, Mike Moore, Bennett Santora, Nestor Sokhan",M,0,0:02:32.30,?,IJA Database,,,152,0
29/06/2019,2019,3b 60m,"IJA, Fort Wayne",Heather Marriott,F,USA,0:00:12.20,?,IJA Database,,,12,0
29/06/2019,2019,5b 60m,"IJA, Fort Wayne",Heather Marriott,F,USA,0:00:29.04,?,IJA Database,,,29,0
29/06/2019,2019,3b 200m,"IJA, Fort Wayne",Heather Marriott,F,USA,0:00:46.09,?,IJA Database,,,46,0
29/06/2019,2019,3b 600m,"IJA, Fort Wayne",Heather Marriott,F,USA,0:02:59.90,?,IJA Database,,,179,2
29/06/2019,2019,3b 1000m,"IJA, Fort Wayne",Heather Marriott,F,USA,0:05:25.90,?,IJA Database,,,325,0
29/06/2019,2019,3b 60m,"IJA, Fort Wayne",Izaak Jolin,M,0,0:00:10.52,?,IJA Database,,,10,0
29/06/2019,2019,3b 200m,"IJA, Fort Wayne",Izaak Jolin,M,0,0:00:40.84,?,IJA Database,,,40,0
29/06/2019,2019,3b 600m,"IJA, Fort Wayne",Izaak Jolin,M,0,0:02:30.30,?,IJA Database,,,150,0
29/06/2019,2019,3b 1000m,"IJA, Fort Wayne",Izaak Jolin,M,0,0:04:41.60,?,IJA Database,,,281,0
29/06/2019,2019,3b 60m,"IJA, Fort Wayne",Jacob Heimer,M,0,0:00:10.27,?,IJA Database,,,10,0
29/06/2019,2019,3b 200m,"IJA, Fort Wayne",Jacob Heimer,M,0,0:00:43.52,?,IJA Database,,,43,0
29/06/2019,2019,3b 600m,"IJA, Fort Wayne",Jacob Heimer,M,0,0:02:57.70,?,IJA Database,,,177,0
29/06/2019,2019,3b 1000m,"IJA, Fort Wayne",Jacob Heimer,M,0,0:03:54.70,?,IJA Database,,,234,3
29/06/2019,2019,3b 1000m,"IJA, Fort Wayne",JoAnn Ireland,F,USA,0:06:06.60,?,IJA Database,,,366,0
29/06/2019,2019,3b 60m,"IJA, Fort Wayne",JoAnn Ireland,F,USA,0:00:14.40,?,IJA Database,,,14,0
29/06/2019,2019,3b 200m,"IJA, Fort Wayne",JoAnn Ireland,F,USA,0:00:48.04,?,IJA Database,,,48,0
29/06/2019,2019,5b 60m,"IJA, Fort Wayne",JoAnn Ireland,F,USA,0:01:00.10,?,IJA Database,,,60,0
29/06/2019,2019,3b 600m,"IJA, Fort Wayne",JoAnn Ireland,F,USA,0:03:13.20,?,IJA Database,,,193,0
29/06/2019,2019,5b 200m,"IJA, Fort Wayne",JoAnn Ireland,F,USA,0:03:23.60,?,IJA Database,,,203,0
29/06/2019,2019,3b 60m,"IJA, Fort Wayne",Josh Dibbin,M,0,0:00:23.06,?,IJA Database,,,23,0
29/06/2019,2019,3b 200m,"IJA, Fort Wayne",Josh Dibbin,M,0,0:01:13.40,?,IJA Database,,,73,0
29/06/2019,2019,3b 1000m,"IJA, Fort Wayne",Josh Dibbin,M,0,0:09:32.10,?,IJA Database,,,572,0
29/06/2019,2019,3b 60m,"IJA, Fort Wayne",Joshua Black,M,0,0:00:10.98,?,IJA Database,,,10,0
29/06/2019,2019,3b 200m,"IJA, Fort Wayne",Joshua Black,M,0,0:00:47.74,?,IJA Database,,,47,0
29/06/2019,2019,3b 600m,"IJA, Fort Wayne",Joshua Black,M,0,0:02:36.60,?,IJA Database,,,156,0
29/06/2019,2019,5b 60m,"IJA, Fort Wayne",Kyle Albrecht,M,USA,0:00:11.44,?,IJA Database,,,11,0
29/06/2019,2019,3b 200m,"IJA, Fort Wayne",Kyle Albrecht,M,USA,0:00:33.21,?,IJA Database,,,33,31
29/06/2019,2019,7b 60m,"IJA, Fort Wayne",Kyle Albrecht,M,USA,0:00:36.91,?,IJA Database,,,36,0
29/06/2019,2019,5b 200m,"IJA, Fort Wayne",Kyle Albrecht,M,USA,0:01:01.10,?,IJA Database,,,61,0
29/06/2019,2019,3b 60m,"IJA, Fort Wayne",Laura Kaseman,F,0,0:00:14.31,?,IJA Database,,,14,0
29/06/2019,2019,3b 200m,"IJA, Fort Wayne",Laura Kaseman,F,0,0:01:08.80,?,IJA Database,,,68,0
29/06/2019,2019,5b 60m,"IJA, Fort Wayne",Laura Kaseman,F,0,0:01:26.10,?,IJA Database,,,86,0
29/06/2019,2019,3b 1000m,"IJA, Fort Wayne",Laura Kaseman,F,0,0:07:59.40,?,IJA Database,,,479,0
29/06/2019,2019,3b 60m,"IJA, Fort Wayne",Len Ferman,M,USA,0:00:17.19,?,IJA Database,,,17,0
29/06/2019,2019,5b 60m,"IJA, Fort Wayne",Len Ferman,M,USA,0:00:24.28,?,IJA Database,,,24,0
29/06/2019,2019,3b 200m,"IJA, Fort Wayne",Len Ferman,M,USA,0:00:33.81,?,IJA Database,,,33,31
29/06/2019,2019,5b 200m,"IJA, Fort Wayne",Len Ferman,M,USA,0:01:38.20,?,IJA Database,,,98,0
29/06/2019,2019,3b 600m,"IJA, Fort Wayne",Len Ferman,M,USA,0:01:59.60,?,IJA Database,,,119,52
29/06/2019,2019,3b 4x200m,"IJA, Fort Wayne","Len Ferman, Mark Jolin, Eric Walter, Anthony Zeszut",M,0,0:02:50.50,?,IJA Database,,,170,0
29/06/2019,2019,3b 60m,"IJA, Fort Wayne",Mark Fiore,M,USA,0:00:08.28,?,IJA Database,,,8,0
29/06/2019,2019,5b 60m,"IJA, Fort Wayne",Mark Fiore,M,USA,0:00:08.94,?,IJA Database,,,8,0
29/06/2019,2019,3b 200m,"IJA, Fort Wayne",Mark Fiore,M,USA,0:00:29.38,?,IJA Database,,,29,214
29/06/2019,2019,7b 60m,"IJA, Fort Wayne",Mark Fiore,M,USA,0:00:57.51,?,IJA Database,,,57,0
29/06/2019,2019,3b 4x200m,"IJA, Fort Wayne","Mark Fiore, Sterling Franklin, Nicolas Souren, Craig Muhlenkamp",M,0,0:02:18.90,?,IJA Database,,,138,10
29/06/2019,2019,3b 60m,"IJA, Fort Wayne",Mark Jolin,M,0,0:00:12.65,?,IJA Database,,,12,0
29/06/2019,2019,3b 200m,"IJA, Fort Wayne",Mark Jolin,M,0,0:00:57.33,?,IJA Database,,,57,0
29/06/2019,2019,3b 600m,"IJA, Fort Wayne",Mark Jolin,M,0,0:02:43.40,?,IJA Database,,,163,0
29/06/2019,2019,3b 1000m,"IJA, Fort Wayne",Mark Jolin,M,0,0:05:21.70,?,IJA Database,,,321,0
29/06/2019,2019,3b 60m,"IJA, Fort Wayne",Mike Moore,M,USA,0:00:09.59,?,IJA Database,,,9,0
29/06/2019,2019,5b 60m,"IJA, Fort Wayne",Mike Moore,M,USA,0:00:20.75,?,IJA Database,,,20,0
29/06/2019,2019,3b 200m,"IJA, Fort Wayne",Mike Moore,M,USA,0:00:34.16,?,IJA Database,,,34,11
29/06/2019,2019,7b 60m,"IJA, Fort Wayne",Mike Moore,M,USA,0:01:02.80,?,IJA Database,,,62,0
29/06/2019,2019,5b 200m,"IJA, Fort Wayne",Mike Moore,M,USA,0:01:28.00,?,IJA Database,,,88,0
29/06/2019,2019,3b 600m,"IJA, Fort Wayne",Mike Moore,M,USA,0:02:19.60,?,IJA Database,,,139,0
29/06/2019,2019,3b 1000m,"IJA, Fort Wayne",Mike Moore,M,USA,0:04:15.00,?,IJA Database,,,255,0
29/06/2019,2019,3b 60m,"IJA, Fort Wayne",Nestor Sokhan,M,0,0:00:31.94,?,IJA Database,,,31,0
29/06/2019,2019,3b 200m,"IJA, Fort Wayne",Nestor Sokhan,M,0,0:00:41.31,?,IJA Database,,,41,0
29/06/2019,2019,3b 60m,"IJA, Fort Wayne",Nicolas Souren,M,0,0:00:09.48,?,IJA Database,,,9,0
29/06/2019,2019,5b 60m,"IJA, Fort Wayne",Nicolas Souren,M,0,0:00:19.01,?,IJA Database,,,19,0
29/06/2019,2019,3b 200m,"IJA, Fort Wayne",Nicolas Souren,M,0,0:00:34.50,?,IJA Database,,,34,11
29/06/2019,2019,5b 200m,"IJA, Fort Wayne",Nicolas Souren,M,0,0:02:02.60,?,IJA Database,,,122,0
29/06/2019,2019,3b 600m,"IJA, Fort Wayne",Nicolas Souren,M,0,0:02:17.00,?,IJA Database,,,137,0
29/06/2019,2019,3b 60m,"IJA, Fort Wayne",Owen Gerba,M,0,0:00:14.98,?,IJA Database,,,14,0
29/06/2019,2019,3b 200m,"IJA, Fort Wayne",Owen Gerba,M,0,0:00:35.06,?,IJA Database,,,35,1
29/06/2019,2019,3b 600m,"IJA, Fort Wayne",Owen Gerba,M,0,0:02:28.80,?,IJA Database,,,148,0
29/06/2019,2019,3b 1000m,"IJA, Fort Wayne",Owen Gerba,M,0,0:04:19.30,?,IJA Database,,,259,0
29/06/2019,2019,3b 60m,"IJA, Fort Wayne",Riley McLincha,M,USA,0:00:25.06,?,IJA Database,,,25,0
29/06/2019,2019,3b 200m,"IJA, Fort Wayne",Riley McLincha,M,USA,0:01:32.90,?,IJA Database,,,92,0
29/06/2019,2019,3b 600m,"IJA, Fort Wayne",Riley McLincha,M,USA,0:05:16.50,?,IJA Database,,,316,0
29/06/2019,2019,3b 1000m,"IJA, Fort Wayne",Riley McLincha,M,USA,0:08:22.30,?,IJA Database,,,502,0
29/06/2019,2019,3b 60m,"IJA, Fort Wayne",Sarah Kresser,F,0,0:00:34.47,?,IJA Database,,,34,0
29/06/2019,2019,3b 200m,"IJA, Fort Wayne",Sarah Kresser,F,0,0:01:37.90,?,IJA Database,,,97,0
29/06/2019,2019,3b 600m,"IJA, Fort Wayne",Sarah Kresser,F,0,0:05:36.60,?,IJA Database,,,336,0
29/06/2019,2019,3b 4x200m,"IJA, Fort Wayne","Sarah Kresser, Becky Kresser, Heather Marriott, Laura Kaseman",F,0,0:04:20.50,?,IJA Database,,,260,0
29/06/2019,2019,3b 60m,"IJA, Fort Wayne",Shane Kaseman,M,0,0:00:18.78,?,IJA Database,,,18,0
29/06/2019,2019,3b 200m,"IJA, Fort Wayne",Shane Kaseman,M,0,0:01:53.40,?,IJA Database,,,113,0
29/06/2019,2019,3b 60m,"IJA, Fort Wayne",Sterling Franklin,M,USA,0:00:08.75,?,IJA Database,,,8,0
29/06/2019,2019,3b 200m,"IJA, Fort Wayne",Sterling Franklin,M,USA,0:00:31.25,?,IJA Database,,,31,102
29/06/2019,2019,5b 60m,"IJA, Fort Wayne",Sterling Franklin,M,USA,0:01:10.70,?,IJA Database,,,70,0
29/06/2019,2019,3b 600m,"IJA, Fort Wayne",Sterling Franklin,M,USA,0:01:49.00,?,IJA Database,,,109,177
29/06/2019,2019,3b 1000m,"IJA, Fort Wayne",Sterling Franklin,M,USA,0:03:12.60,?,IJA Database,,,192,247
29/06/2019,2019,5b 200m,"IJA, Fort Wayne",Sterling Franklin,M,USA,0:04:50.40,?,IJA Database,,,290,0
27/06/2019,2019,3b 5km,"St. Peter's Fiesta 5km, Gloucester, MA",Richard Ross,M,USA,0:19:59.00,?,https://www.instagram.com/p/BzQTDEWhe-X/  https://newenglandruns.com/race-results/st-peters-fiesta-5k/?date=2019-06-27&result=43122&bib=ross&gender=&division=&order_by=finish_time&order=ASC,,,1199,161
16/06/2019,2019,3b 5km,"Evanston Race Against Hate, IL",Dean Radcliffe,M,USA,0:25:10.00,?,https://results.raceroster.com/v2/en-US/results/urrk4wsy39e9crfs/results?subEvent=25982&page=1&search=Dean+radcliffe,,,1510,0
16/06/2019,2019,3b Marathon,Bahtat Marathon,Tim Butler,M,GBR,5:33:23.00,?,Marathon #42: https://www.joggling.co.uk/Marathon-List,,,20003,0
15/06/2019,2019,3b Marathon,LGT Alpine Marathon,Daniel Raum,M,AUT,5:07:21.00,?,https://www.alphafoto.com/images.php?runID=1143&sn=582 https://www.datasport.com/en/diploma/?racenr=21181&stnr=582,,,18441,0
15/06/2019,2019,3b 13km,Sapanca ultra 13K,Ferda Tekgul,M,TUR,1:28:27.00,?,https://onedrive.live.com/?authkey=%21ADr22XJVkZDvUAU&cid=D218D0DBBD3CA6B9&id=D218D0DBBD3CA6B9%21143009&parId=D218D0DBBD3CA6B9%21188717&o=OneUp,,,5307,0
09/06/2019,2019,3b Half Marathon,"Dumb Dutchman Half Marathon, Reading, PA",Tim Ebersole,M,USA,1:38:42.00,17,https://www.pretzelcitysports.com/wp-content/uploads/2019/06/19-reading-dumb-half-res.pdf,,,5922,122
08/06/2019,2019,3b 5km,"Blue Nose 5k, Halifax, Nova Scotia",Michael-Lucien Bergeron,M,CAN,0:17:16.00,?,https://www.sportstats.ca/display-results.xhtml?raceid=100727&status=results&lastname=Bergeron    https://www.facebook.com/664250217053533/posts/pfbid02AgUtA5gMLKM8xnTKednYBmKC4xshKLLrVbZs8PcD2xoLobwPAifzwaotF4kj43N2l/?app=fbl,,,1036,453
02/06/2019,2019,3b Marathon,Huddersfield Marathon,Tim Butler,M,GBR,5:06:13.00,?,Marathon #41: https://www.joggling.co.uk/Marathon-List  https://www.doncasterathleticclub.com/results-update-3-june-2019-huddersfield-humber-bridge-half-escape-from-gb-calderdale-way-ultra-and-parkruns/?fbclid=IwAR3YhCfSbUN5tPfdy8Hm7N_xGcg4rVoxfEO6oARGG_bbrtOh0nlvXz_T0oM,,,18373,0
26/05/2019,2019,3b Marathon,Winterthur Marathon,Daniel Raum,M,AUT,3:22:58.00,?,https://services.datasport.com/2019/lauf/winterthur/rang010.htm,,,12178,223
18/05/2019,2019,3b Marathon,Fargo Marathon,Ivan Schleppenbach,M,USA,3:44:42.00,?,https://www.mtecresults.com/runner/show?race=8184&rid=1211,,,13482,85
18/05/2019,2019,3b 10km,Bozcaada,Levent Denizci,M,TUR,1:02:16.00,2,https://www.instagram.com/p/BxmoEpphnga/,,,3736,0
18/05/2019,2019,3b 10km,Bozcaada,Necmi Oztoprak,M,TUR,0:53:31.00,3,https://www.instagram.com/p/Bxmx3Zdh2P5/,,,3211,0
11/05/2019,2019,3b Ultra (33m),Chesterfield Spire Ultra,Tim Butler,M,GBR,7:06:13.00,?,Marathon #40: https://www.joggling.co.uk/Marathon-List,,,25573,0
05/05/2019,2019,3b Marathon,Vancouver Marathon,Nigel Wakita,M,CAN,4:01:12.00,6,https://www.instagram.com/p/BxGYO6IgjoJ/?hl=en,,,14472,24
27/04/2019,2019,3b 5km,Cardiff Parkrun,Pete Barnard,M,GBR,0:29:53.00,?,https://www.parkrun.org.uk/cardiff/results/594/     https://twitter.com/speirce/status/1122092919303868416,,,1793,0
21/04/2019,2019,3b Marathon,Northampton Chocathon,Tim Butler,M,GBR,4:47:09.00,?,Marathon #39: https://www.joggling.co.uk/Marathon-List,,,17229,0
14/04/2019,2019,3b Marathon,Peterborough Marathon,Tim Butler,M,GBR,4:24:54.00,?,Marathon #38: https://www.joggling.co.uk/Marathon-List,,,15894,0
13/04/2019,2019,3b Marathon,"Linz Marathon, Austria",Daniel Raum,M,AUT,3:14:19.00,?,https://linzmarathon.r.mikatiming.de/2019/?pid=search,,,11659,296
07/04/2019,2019,3b 10km,Vodafone ?stanbul Yar? Maratonu 2019,Ferda Tekgul,M,TUR,1:06:54.00,?,https://event.spor.istanbul/eventresults.aspx,,,4014,0
07/04/2019,2019,3b Half Marathon,Bonn Half Marathon,Peter Meyer,M,DEU,2:14:57.00,4,50% 4 balls,,,8097,0
30/03/2019,2019,3b 5km,Leicester Victoria Parkrun,Scott Jenkins,M,GBR,0:25:39.00,?,,,,1539,0
23/03/2019,2019,3b Marathon,Yorkshire Cakeathon,Tim Butler,M,GBR,4:58:51.00,?,Marathon #37: https://www.joggling.co.uk/Marathon-List,,,17931,0
16/03/2019,2019,3b 5km,Gloucester City Parkrun,Jordan Evans,M,GBR,0:20:48.00,2,https://www.strava.com/activities/2222976844,,,1248,102
10/03/2019,2019,3b Marathon,Cambridge Boundary Run,Tim Butler,M,GBR,4:53:28.00,?,Marathon #36: https://www.joggling.co.uk/Marathon-List,,,17608,0
09/02/2019,2019,3b 12km,Manavgat ultra  12k,Ferda Tekgul,M,TUR,1:51:39.00,?,https://limitsensin.org/live/results/manavgatultra2019/12K,,,6699,0
27/01/2019,2019,3b Marathon,Celebration Orlando Marathon,Barak Hirschowitz,M,USA,5:08:29.00,?,https://marathonview.net/search?query=barak%20hirschowitz,,,18509,0
19/01/2019,2019,3b 10 Miles,"Winter Beach Run, Jacksonville Beach",Rhett Farber,M,USA,2:50:38.00,0,https://www.facebook.com/photo/?fbid=10160334330333661&set=p.10160334330333661,,,10238,0
19/01/2019,2019,3b Ultra (30m),Pierrepont 6 Hour,Tim Butler,M,GBR,5:39:44.00,?,Marathon #35: https://www.joggling.co.uk/Marathon-List,,,20384,0
01/01/2019,2019,3b 5km,Armley Parkrun,Ralph Kidner,M,GBR,0:31:01.00,?,https://www.parkrun.org.uk/armley/results/29/ https://m.facebook.com/story.php?story_fbid=pfbid0S5Y7CWHugGrM2R3UnDsNUshTjfSs29GTfhidBuUhGMNM1h6ufibYEvqhRzzmm3XFl&id=587811608285641,,,1861,0
28/12/2018,2018,3b Marathon,Barrow Xmas Tipple,Tim Butler,M,GBR,4:56:44.00,?,Marathon #34: https://www.joggling.co.uk/Marathon-List,,,17804,0
17/11/2018,2018,3b Marathon,Kirkstall Abbey Marathon,Tim Butler,M,GBR,4:37:54.00,?,Marathon #33: https://www.joggling.co.uk/Marathon-List,,,16674,0
10/11/2018,2018,3b 5km,Dinton Pastures Parkrun,Stuart Humphries,M,GBR,0:24:20.00,?,https://www.parkrun.org.uk/dintonpastures/results/18/   https://www.parkrun.org.uk/dintonpastures/news/2018/11/12/dinton-pastures-parkrun-18/,,,1460,0
04/11/2018,2018,3b Marathon,New York City Marathon,Jack Hirschowitz,M,USA,4:51:10.00,?,https://results.nyrr.org/event/M2018/finishers#search=Jack%2520Hirschowitz,,,17470,0
04/11/2018,2018,3b 10km,Leeds Abbey Dash,Pete Barnard,M,GBR,0:59:29.00,0,https://results.sporthive.com/events/6460069711597044224/races/446670,,,3569,0
04/11/2018,2018,3b 10km,Leeds Abbey Dash,Ralph Kidner,M,GBR,1:00:29.00,4,https://results.sporthive.com/events/6460069711597044224/races/446670,,,3629,0
04/11/2018,2018,3b 5km,Time Trial,Sterling Franklin,M,USA,0:19:32.00,0,https://www.youtube.com/watch?v=4pMKerapCpk,,,1172,199
21/10/2018,2018,3b Marathon,"Yonkers Marathon, New York",Chris Pert,M,USA,4:30:30.00,?,https://marathonview.net/search?query=christopher%20pert,,,16230,0
21/10/2018,2018,3b Half Marathon,Toronto Waterfront Half Marathon,Graydon Snider,M,CAN,1:17:11.00,?,https://runningmagazine.ca/sections/runs-races/bergeron-breaks-half-marathon-joggling-record/,,,4631,582
21/10/2018,2018,3b Half Marathon,Toronto Waterfront Half Marathon,Michael-Lucien Bergeron,M,CAN,1:17:09.00,?,https://runningmagazine.ca/sections/runs-races/bergeron-breaks-half-marathon-joggling-record/,,,4629,583
20/10/2018,2018,3b 5km,Trick or Trot 5km,Tyler Wishau,M,USA,0:21:04.00,0,https://www.facebook.com/profile/100064067107732/search/?q=joggling,,,1264,86
14/10/2018,2018,3b Marathon,Spires and Steeples,Tim Butler,M,GBR,5:33:00.00,?,Marathon #32: https://www.joggling.co.uk/Marathon-List,,,19980,0
07/10/2018,2018,3b 10km,Southend 10km,Jordan Evans,M,GBR,0:41:20.00,?,https://www.strava.com/activities/1889442921,,,2480,237
07/10/2018,2018,3b Marathon,Chicago Marathon,Perry Romanowski,M,USA,3:45:13.00,?,https://chicago-history.r.mikatiming.com/2021/?pid=search,,,13513,83
07/10/2018,2018,3b Marathon,Chicago Marathon,Sarah Szefi,F,USA,4:02:30.00,?,https://chicago-history.r.mikatiming.com/2021/?pid=search,,,14550,404
30/09/2018,2018,3b Half Marathon,Cheltenham Half Marathon,Jordan Evans,M,GBR,1:26:55.00,?,,,,5215,332
29/09/2018,2018,3b Marathon,Warsaw Marathon,Jarek Widomski,M,POL,3:39:54.00,7,,,,13194,110
15/09/2018,2018,3b 5km,Dalby Forest Parkrun,Pete Barnard,M,GBR,0:26:24.00,?,https://www.parkrun.org.uk/dalbyforest/results/127/  https://www.parkrun.org.uk/dalbyforest/news/2018/09/23/event-127-return-of-the-joggler/,,,1584,0
09/09/2018,2018,3b 10km,Pied Piper 10km,Jordan Evans,M,GBR,0:41:53.00,?,https://www.strava.com/activities/1829732164,,,2513,214
02/09/2018,2018,3b Marathon,Hornsea Marathon,Tim Butler,M,GBR,4:22:23.00,?,Marathon #31: https://www.joggling.co.uk/Marathon-List,,,15743,0
30/08/2018,2018,3b Mile,Time Trial,Scott Jenkins,M,GBR,0:06:58.00,0,,,,418,0
27/08/2018,2018,7b 100m,Time Trial,Thomas Dietz,M,DEU,0:00:42.50,?,https://twitter.com/mkapral/status/1033866958666690561,,,42,0
25/08/2018,2018,3b 5 Miles,"Summer Beach Run, Jacksonville Beach",Rhett Farber,M,USA,1:17:45.00,0,https://www.facebook.com/photo/?fbid=10160334331328661&set=p.10160334331328661,,,4665,0
19/08/2018,2018,3b 10km,"Navy 10k Race, Halifax, Nova Scotia",Michael-Lucien Bergeron,M,CAN,0:35:36.00,?,https://athleticsillustrated.com/michael-lucien-bergerons-ballsy-joggling-nets-him-a-world-10k-record/    https://runningmagazine.ca/the-scene/canadian-runs-5000m-joggling-world-record-of-1650/,,,2136,543
18/08/2018,2018,3b 5km,Frederic Back parkrun,Graydon Snider,M,CAN,0:16:57.00,0,https://www.parkrun.ca/fredericback/news/2018/09/15/highlights-from-the-last-few-weeks/  https://www.parkrun.ca/fredericback/results/58/,,,1017,497
12/08/2018,2018,3b Marathon,Rocky Horror Tribute Marathon,Tim Butler,M,GBR,4:52:41.00,?,Marathon #30: https://www.joggling.co.uk/Marathon-List,,,17561,0
11/08/2018,2018,3b 5km,"Eagan Parkrun, Minnesota",Joshua Pichotta,M,USA,0:22:37.00,?,"https://www.parkrun.us/eagan/news/2018/08/17/lots-of-balls-in-the-air-eagan-parkrun-64-run-report/
https://www.parkrun.us/eagan/results/64/",,,1357,19
01/08/2018,2018,3b 1000m,Time Trial,Jannik Weiss,M,DEU,0:02:41.67,0,https://www.youtube.com/watch?v=gI1bCx23-cc,,,161,670
28/07/2018,2018,3b 5km,Gloucester North Parkrun,Jordan Evans,M,GBR,0:21:26.00,?,https://www.strava.com/activities/1732580500,,,1286,65
28/07/2018,2018,3b Marathon,Manvers Dusk Till Dawn,Tim Butler,M,GBR,4:56:48.00,?,Marathon #29: https://www.joggling.co.uk/Marathon-List,,,17808,0
24/07/2018,2018,3b 800m,"IJA, Springfield",Andy Shue,M,0,0:05:12.20,?,IJA Database,,,312,0
24/07/2018,2018,3b 1600m,"IJA, Springfield",Andy Shue,M,0,0:11:13.00,?,IJA Database,,,673,0
24/07/2018,2018,3b 100m,"IJA, Springfield",Anthony Zeszut,M,0,0:00:21.72,?,IJA Database,,,21,0
24/07/2018,2018,5b 100m,"IJA, Springfield",Anthony Zeszut,M,0,0:01:16.80,?,IJA Database,,,76,0
24/07/2018,2018,3b 400m,"IJA, Springfield",Anthony Zeszut,M,0,0:01:41.30,?,IJA Database,,,101,0
24/07/2018,2018,3b 800m,"IJA, Springfield",Anthony Zeszut,M,0,0:04:18.00,?,IJA Database,,,258,0
24/07/2018,2018,3b 1600m,"IJA, Springfield",Anthony Zeszut,M,0,0:08:38.00,?,IJA Database,,,518,0
24/07/2018,2018,3b 4x100m,"IJA, Springfield","Anthony Zeszut, David Pavlove Cunsolo, Martin Hiti, Bennett Santora",M,0,0:01:15.50,?,IJA Database,,,75,0
24/07/2018,2018,3b 1600m,"IJA, Springfield",Anton Chainwalker,M,0,0:17:50.00,?,IJA Database,,,1070,0
24/07/2018,2018,5b 100m,"IJA, Springfield",Barry Goldmeier,M,USA,0:02:21.90,?,IJA Database,,,141,0
24/07/2018,2018,3b 400m,"IJA, Springfield",Barry Goldmeier,M,USA,0:03:44.70,?,IJA Database,,,224,0
24/07/2018,2018,7b 100m,"IJA, Springfield",Barry Goldmeier,M,USA,0:04:00.00,?,IJA Database,,,240,0
24/07/2018,2018,5b 400m,"IJA, Springfield",Barry Goldmeier,M,USA,0:04:03.90,?,IJA Database,,,243,0
24/07/2018,2018,3b 800m,"IJA, Springfield",Barry Goldmeier,M,USA,0:07:16.50,?,IJA Database,,,436,0
24/07/2018,2018,3b 100m,"IJA, Springfield",Becky Kresser,F,0,0:00:24.03,?,IJA Database,,,24,0
24/07/2018,2018,3b 400m,"IJA, Springfield",Becky Kresser,F,0,0:02:06.40,?,IJA Database,,,126,0
24/07/2018,2018,5b 100m,"IJA, Springfield",Becky Kresser,F,0,0:03:48.60,?,IJA Database,,,228,0
24/07/2018,2018,3b 800m,"IJA, Springfield",Becky Kresser,F,0,0:05:34.10,?,IJA Database,,,334,0
24/07/2018,2018,3b 1600m,"IJA, Springfield",Becky Kresser,F,0,0:10:57.00,?,IJA Database,,,657,0
24/07/2018,2018,3b 100m,"IJA, Springfield",Ben Fry,M,0,0:00:14.62,?,IJA Database,,,14,221
24/07/2018,2018,3b 400m,"IJA, Springfield",Ben Fry,M,0,0:01:12.10,?,IJA Database,,,72,50
24/07/2018,2018,3b 1600m,"IJA, Springfield",Ben Fry,M,0,0:06:26.00,?,IJA Database,,,386,0
24/07/2018,2018,3b 100m,"IJA, Springfield",Bennett Santora,M,0,0:00:16.77,?,IJA Database,,,16,24
24/07/2018,2018,5b 100m,"IJA, Springfield",Bennett Santora,M,0,0:00:27.93,?,IJA Database,,,27,0
24/07/2018,2018,3b 400m,"IJA, Springfield",Bennett Santora,M,0,0:01:32.10,?,IJA Database,,,92,0
24/07/2018,2018,7b 100m,"IJA, Springfield",Bennett Santora,M,0,0:03:05.30,?,IJA Database,,,185,0
24/07/2018,2018,5b 400m,"IJA, Springfield",Bennett Santora,M,0,0:03:32.40,?,IJA Database,,,212,0
24/07/2018,2018,3b 800m,"IJA, Springfield",Bennett Santora,M,0,0:07:04.10,?,IJA Database,,,424,0
24/07/2018,2018,3b 1600m,"IJA, Springfield",Bennett Santora,M,0,0:08:26.00,?,IJA Database,,,506,0
24/07/2018,2018,3b 100m,"IJA, Springfield",Bryan Harris,M,0,0:00:14.00,?,IJA Database,,,14,221
24/07/2018,2018,3b 400m,"IJA, Springfield",Bryan Harris,M,0,0:01:09.20,?,IJA Database,,,69,102
24/07/2018,2018,3b 1600m,"IJA, Springfield",Bryan Harris,M,0,0:06:15.00,?,IJA Database,,,375,0
24/07/2018,2018,3b 100m,"IJA, Springfield",Caleb Black,M,0,0:00:29.84,?,IJA Database,,,29,0
24/07/2018,2018,3b 400m,"IJA, Springfield",Caleb Black,M,0,0:02:41.10,?,IJA Database,,,161,0
24/07/2018,2018,3b 800m,"IJA, Springfield",Caleb Black,M,0,0:06:27.80,?,IJA Database,,,387,0
24/07/2018,2018,3b 100m,"IJA, Springfield",David Pavlove Cunsolo,M,0,0:00:17.72,?,IJA Database,,,17,0
24/07/2018,2018,5b 100m,"IJA, Springfield",David Pavlove Cunsolo,M,0,0:00:49.94,?,IJA Database,,,49,0
24/07/2018,2018,3b 400m,"IJA, Springfield",David Pavlove Cunsolo,M,0,0:01:31.60,?,IJA Database,,,91,0
24/07/2018,2018,5b 400m,"IJA, Springfield",David Pavlove Cunsolo,M,0,0:04:28.70,?,IJA Database,,,268,0
24/07/2018,2018,3b 800m,"IJA, Springfield",David Pavlove Cunsolo,M,0,0:04:53.20,?,IJA Database,,,293,0
24/07/2018,2018,3b 1600m,"IJA, Springfield",David Pavlove Cunsolo,M,0,0:08:05.00,?,IJA Database,,,485,0
24/07/2018,2018,3b 100m,"IJA, Springfield",Ely Doan,M,0,0:00:36.78,?,IJA Database,,,36,0
24/07/2018,2018,3b 400m,"IJA, Springfield",Ely Doan,M,0,0:01:33.20,?,IJA Database,,,93,0
24/07/2018,2018,3b 800m,"IJA, Springfield",Ely Doan,M,0,0:03:19.10,?,IJA Database,,,199,0
24/07/2018,2018,3b 100m,"IJA, Springfield",Gabrielle Foran,F,CAN,0:00:18.50,?,IJA Database,,,18,158
24/07/2018,2018,3b 400m,"IJA, Springfield",Gabrielle Foran,F,CAN,0:01:14.80,?,IJA Database,,,74,434
24/07/2018,2018,5b 100m,"IJA, Springfield",Gabrielle Foran,F,CAN,0:01:52.60,?,IJA Database,,,112,0
24/07/2018,2018,3b 800m,"IJA, Springfield",Gabrielle Foran,F,CAN,0:02:38.30,?,IJA Database,,,158,582
24/07/2018,2018,3b 1600m,"IJA, Springfield",Gabrielle Foran,F,CAN,0:05:45.00,?,IJA Database,,,345,0
24/07/2018,2018,3b 100m,"IJA, Springfield",Garrett Borawski,M,0,0:00:16.18,?,IJA Database,,,16,24
24/07/2018,2018,3b 400m,"IJA, Springfield",Garrett Borawski,M,0,0:01:15.40,?,IJA Database,,,75,16
24/07/2018,2018,5b 100m,"IJA, Springfield",Garrett Borawski,M,0,0:01:34.00,?,IJA Database,,,94,0
24/07/2018,2018,5b 400m,"IJA, Springfield",Garrett Borawski,M,0,0:05:46.00,?,IJA Database,,,346,0
24/07/2018,2018,3b 1600m,"IJA, Springfield",Garrett Borawski,M,0,0:06:42.00,?,IJA Database,,,402,0
24/07/2018,2018,3b 800m,"IJA, Springfield",Garrett Borawski,M,0,0:07:04.10,?,IJA Database,,,424,0
24/07/2018,2018,3b 4x100m,"IJA, Springfield","Garrett Borawski, Ben Fry, Peter Holmquist, Bryan Harris",M,0,0:01:06.20,?,IJA Database,,,66,15
24/07/2018,2018,3b 100m,"IJA, Springfield",Isaac Cantor,M,0,0:00:16.93,?,IJA Database,,,16,24
24/07/2018,2018,5b 100m,"IJA, Springfield",Isaac Cantor,M,0,0:00:42.75,?,IJA Database,,,42,0
24/07/2018,2018,3b 400m,"IJA, Springfield",Isaac Cantor,M,0,0:01:35.70,?,IJA Database,,,95,0
24/07/2018,2018,3b 800m,"IJA, Springfield",Isaac Cantor,M,0,0:05:23.90,?,IJA Database,,,323,0
24/07/2018,2018,3b 1600m,"IJA, Springfield",Isaac Cantor,M,0,0:07:40.00,?,IJA Database,,,460,0
24/07/2018,2018,3b 100m,"IJA, Springfield",Izaak Jolin,M,0,0:00:19.78,?,IJA Database,,,19,0
24/07/2018,2018,3b 400m,"IJA, Springfield",Izaak Jolin,M,0,0:01:42.70,?,IJA Database,,,102,0
24/07/2018,2018,3b 800m,"IJA, Springfield",Izaak Jolin,M,0,0:07:00.60,?,IJA Database,,,420,0
24/07/2018,2018,3b 1600m,"IJA, Springfield",Izaak Jolin,M,0,0:09:01.00,?,IJA Database,,,541,0
24/07/2018,2018,3b 100m,"IJA, Springfield",Jack Hirschowitz,M,USA,0:00:23.41,?,IJA Database,,,23,0
24/07/2018,2018,3b 400m,"IJA, Springfield",Jack Hirschowitz,M,USA,0:01:53.50,?,IJA Database,,,113,0
24/07/2018,2018,3b 800m,"IJA, Springfield",Jack Hirschowitz,M,USA,0:04:20.60,?,IJA Database,,,260,0
24/07/2018,2018,3b 1600m,"IJA, Springfield",Jack Hirschowitz,M,USA,0:08:41.00,?,IJA Database,,,521,0
24/07/2018,2018,3b 100m,"IJA, Springfield",Jared Ashton,M,0,0:00:14.20,?,IJA Database,,,14,221
24/07/2018,2018,5b 100m,"IJA, Springfield",Jared Ashton,M,0,0:01:01.10,?,IJA Database,,,61,0
24/07/2018,2018,3b 4x100m,"IJA, Springfield","Jared Ashton, Isaac Cantor, Elyse Roepe, Matt Feldman",M,0,0:01:19.50,?,IJA Database,,,79,0
24/07/2018,2018,5b 100m,"IJA, Springfield",JoAnn Ireland,F,USA,0:01:34.90,?,IJA Database,,,94,0
24/07/2018,2018,3b 100m,"IJA, Springfield",JoAnn Ireland,F,USA,0:00:27.22,?,IJA Database,,,27,0
24/07/2018,2018,3b 400m,"IJA, Springfield",JoAnn Ireland,F,USA,0:02:25.60,?,IJA Database,,,145,0
24/07/2018,2018,3b 800m,"IJA, Springfield",JoAnn Ireland,F,USA,0:04:07.70,?,IJA Database,,,247,0
24/07/2018,2018,5b 400m,"IJA, Springfield",JoAnn Ireland,F,USA,0:06:38.00,?,IJA Database,,,398,0
24/07/2018,2018,3b 1600m,"IJA, Springfield",JoAnn Ireland,F,USA,0:08:37.00,?,IJA Database,,,517,0
24/07/2018,2018,3b 100m,"IJA, Springfield",Joshua Black,M,0,0:00:26.00,?,IJA Database,,,26,0
24/07/2018,2018,3b 400m,"IJA, Springfield",Joshua Black,M,0,0:02:09.70,?,IJA Database,,,129,0
24/07/2018,2018,3b 800m,"IJA, Springfield",Joshua Black,M,0,0:05:31.30,?,IJA Database,,,331,0
24/07/2018,2018,3b 1600m,"IJA, Springfield",Joshua Black,M,0,0:13:17.00,?,IJA Database,,,797,0
24/07/2018,2018,3b 100m,"IJA, Springfield",Katie Burgess,F,0,0:00:19.06,?,IJA Database,,,19,89
24/07/2018,2018,3b 400m,"IJA, Springfield",Katie Burgess,F,0,0:01:32.80,?,IJA Database,,,92,108
24/07/2018,2018,3b 800m,"IJA, Springfield",Katie Burgess,F,0,0:03:18.60,?,IJA Database,,,198,186
24/07/2018,2018,3b 1600m,"IJA, Springfield",Katie burgess,F,0,0:07:11.00,?,IJA Database,,,431,0
24/07/2018,2018,3b 4x100m,"IJA, Springfield","Katie Burgess, JoAnn Ireland, Becky Kresser, Gabrielle Foran",F,0,0:01:29.20,?,IJA Database,,,89,31
24/07/2018,2018,3b 100m,"IJA, Springfield",Kirt Albrecht,M,0,0:00:40.87,?,IJA Database,,,40,0
24/07/2018,2018,3b 400m,"IJA, Springfield",Kirt Albrecht,M,0,0:03:31.50,?,IJA Database,,,211,0
24/07/2018,2018,3b 100m,"IJA, Springfield",Kyle Albrecht,M,USA,0:00:15.54,?,IJA Database,,,15,98
24/07/2018,2018,5b 100m,"IJA, Springfield",Kyle Albrecht,M,USA,0:00:28.85,?,IJA Database,,,28,0
24/07/2018,2018,3b 400m,"IJA, Springfield",Kyle Albrecht,M,USA,0:01:15.40,?,IJA Database,,,75,16
24/07/2018,2018,7b 100m,"IJA, Springfield",Kyle Albrecht,M,USA,0:02:04.30,?,IJA Database,,,124,0
24/07/2018,2018,5b 400m,"IJA, Springfield",Kyle Albrecht,M,USA,0:02:31.80,?,IJA Database,,,151,0
24/07/2018,2018,3b 100m,"IJA, Springfield",Len Ferman,M,USA,0:00:20.31,?,IJA Database,,,20,0
24/07/2018,2018,5b 100m,"IJA, Springfield",Len Ferman,M,USA,0:00:58.06,?,IJA Database,,,58,0
24/07/2018,2018,3b 800m,"IJA, Springfield",Len Ferman,M,USA,0:02:47.70,?,IJA Database,,,167,44
24/07/2018,2018,5b 400m,"IJA, Springfield",Len Ferman,M,USA,0:04:04.30,?,IJA Database,,,244,0
24/07/2018,2018,3b 400m,"IJA, Springfield",Mark Devlin,M,0,0:02:46.40,?,IJA Database,,,166,0
24/07/2018,2018,3b 1600m,"IJA, Springfield",Mark Devlin,M,0,0:10:16.00,?,IJA Database,,,616,0
24/07/2018,2018,3b 400m,"IJA, Springfield",Mark Jolin,M,0,0:01:53.70,?,IJA Database,,,113,0
24/07/2018,2018,3b 800m,"IJA, Springfield",Mark Jolin,M,0,0:03:55.70,?,IJA Database,,,235,0
24/07/2018,2018,3b 1600m,"IJA, Springfield",Mark Jolin,M,0,0:08:47.00,?,IJA Database,,,527,0
24/07/2018,2018,3b 100m,"IJA, Springfield",Martin Hiti,M,0,0:00:15.75,?,IJA Database,,,15,98
24/07/2018,2018,3b 400m,"IJA, Springfield",Martin Hiti,M,0,0:01:25.80,?,IJA Database,,,85,0
24/07/2018,2018,3b 800m,"IJA, Springfield",Martin Hiti,M,0,0:03:39.30,?,IJA Database,,,219,0
24/07/2018,2018,3b 1600m,"IJA, Springfield",Martin Hiti,M,0,0:07:27.00,?,IJA Database,,,447,0
24/07/2018,2018,5b 100m,"IJA, Springfield",Matthew Feldman,M,USA,0:00:14.10,?,IJA Database,,,14,221
24/07/2018,2018,5b 100m,"IJA, Springfield",Matthew Feldman,M,USA,0:00:30.65,?,IJA Database,,,30,0
24/07/2018,2018,3b 400m,"IJA, Springfield",Matthew Feldman,M,USA,0:01:06.70,?,IJA Database,,,66,172
24/07/2018,2018,5b 400m,"IJA, Springfield",Matthew Feldman,M,USA,0:01:22.10,?,IJA Database,,,82,0
24/07/2018,2018,3b 800m,"IJA, Springfield",Matthew Feldman,M,USA,0:02:37.50,?,IJA Database,,,157,123
24/07/2018,2018,5b 100m,"IJA, Springfield",Mike Moore,M,USA,0:00:29.75,?,IJA Database,,,29,0
24/07/2018,2018,7b 100m,"IJA, Springfield",Mike Moore,M,USA,0:01:37.90,?,IJA Database,,,97,0
24/07/2018,2018,5b 400m,"IJA, Springfield",Mike Moore,M,USA,0:02:31.00,?,IJA Database,,,151,0
24/07/2018,2018,3b 100m,"IJA, Springfield",Paul Arneberg,M,0,0:00:25.76,?,IJA Database,,,25,0
24/07/2018,2018,3b 400m,"IJA, Springfield",Paul Arneberg,M,0,0:01:17.70,?,IJA Database,,,77,4
24/07/2018,2018,3b 800m,"IJA, Springfield",Paul Arneberg,M,0,0:02:57.80,?,IJA Database,,,177,4
24/07/2018,2018,3b 1600m,"IJA, Springfield",Paul Arneberg,M,0,0:06:38.00,?,IJA Database,,,398,0
24/07/2018,2018,3b 100m,"IJA, Springfield",Peter Holmquist,M,0,0:00:16.50,?,IJA Database,,,16,24
24/07/2018,2018,3b 400m,"IJA, Springfield",Peter Holmquist,M,0,0:01:18.70,?,IJA Database,,,78,1
24/07/2018,2018,3b 800m,"IJA, Springfield",Peter Holmquist,M,0,0:03:34.90,?,IJA Database,,,214,0
24/07/2018,2018,3b 100m,"IJA, Springfield",Tony Malikowski,M,USA,0:00:21.25,?,IJA Database,,,21,0
24/07/2018,2018,3b 400m,"IJA, Springfield",Tony Malikowski,M,USA,0:01:17.70,?,IJA Database,,,77,4
24/07/2018,2018,3b 800m,"IJA, Springfield",Tony Malikowski,M,USA,0:03:07.00,?,IJA Database,,,187,0
24/07/2018,2018,3b 1600m,"IJA, Springfield",Tony Malikowski,M,USA,0:07:04.00,?,IJA Database,,,424,0
24/07/2018,2018,3b 4x100m,"IJA, Springfield","Tony Malikowski, Jack Hirschowitz, Barry Goldmeier, Len Ferman",M,0,0:01:19.80,?,IJA Database,,,79,0
24/07/2018,2018,3b 100m,"IJA, Springfield",Vincent Kaseman,M,0,0:00:23.92,?,IJA Database,,,23,0
24/07/2018,2018,5b 100m,"IJA, Springfield",Vincent Kaseman,M,0,0:01:10.90,?,IJA Database,,,70,0
24/07/2018,2018,3b 400m,"IJA, Springfield",Vincent Kaseman,M,0,0:02:25.60,?,IJA Database,,,145,0
24/07/2018,2018,3b 800m,"IJA, Springfield",Vincent Kaseman,M,0,0:06:02.00,?,IJA Database,,,362,0
24/07/2018,2018,5b 400m,"IJA, Springfield",Vincent Kaseman,M,0,0:07:19.30,?,IJA Database,,,439,0
24/07/2018,2018,3b 1600m,"IJA, Springfield",Vincent Kaseman,M,0,0:12:55.00,?,IJA Database,,,775,0
24/07/2018,2018,3b 4x100m,"IJA, Springfield","Vincent Kaseman, Joshua Black, Caleb Black, Izaak Jolin",M,0,0:02:57.80,?,IJA Database,,,177,0
04/07/2018,2018,3b 4 Miles,Firecracker 4,Tony Malikowski,M,USA,0:35:35.00,?,https://runsignup.com/Race/Results/27413#resultSetId-123798;perpage:100,,,2135,0
01/07/2018,2018,3b Marathon,Halifax Marathon,Tim Butler,M,GBR,4:48:57.00,?,Marathon #28: https://www.joggling.co.uk/Marathon-List,,,17337,0
15/06/2018,2018,5b 100m,Time Trial,Matthew Feldman,M,USA,0:00:13.39,0,https://www.youtube.com/watch?v=g18oD4SjaEs,,,13,394
02/06/2018,2018,3b Half Marathon,Grand Teton Half Marathon,Scott Gorman,M,USA,2:06:35.00,?,https://www.facebook.com/photo/?fbid=10102571142247321&set=a.682390132741  https://runsignup.com/Race/Results/36796#resultSetId-118559;perpage:100,,,7595,0
27/05/2018,2018,3b Marathon,"Winterthur Marathon, Switzerland",Daniel Raum,M,AUT,4:14:19.00,?,https://services.datasport.com/2018/lauf/winterthur/alfar.htm,,,15259,2
20/05/2018,2018,3b Ultra (35m),Shires and Spires Ultra,Tim Butler,M,GBR,6:50:43.00,?,Marathon #27: https://www.joggling.co.uk/Marathon-List,,,24643,0
19/05/2018,2018,3b 5km,"Blue Nose 5k, Halifax, Nova Scotia",Bradley Fiander,M,CAN,0:19:44.00,?,https://www.sportstats.ca/display-results.xhtml?raceid=93319&status=results&bib=9207     https://www.facebook.com/664250217053533/posts/pfbid026Q8wfDQrDtNwPhxy9kixvJSxzPoa62mcs3kfx9te2VsD5PViKr5DnzvxC4JRf17Xl/?app=fbl,,,1184,182
19/05/2018,2018,3b Marathon,Fargo Marathon,Ivan Schleppenbach,M,USA,3:28:29.00,?,https://www.mtecresults.com/runner/show?race=6660&rid=463,,,12509,182
19/05/2018,2018,3b 5km,"Blue Nose 5k, Halifax, Nova Scotia",Michael-Lucien Bergeron,M,CAN,0:17:01.00,?,https://www.sportstats.ca/display-results.xhtml?raceid=93319     https://www.facebook.com/664250217053533/posts/pfbid0219Yu1yTQzrGpqUzeYuti47oUfMr1RHohS3bhUrdxFH89RQh6iLr4qMkCR7Wacb9Rl/?app=fbl,,,1021,487
12/05/2018,2018,3b 5km,Penrhyn Parkrun,Meilyr Wyn,M,GBR,0:31:01.00,?,https://www.parkrun.org.uk/penrhyn/results/173/ https://www.facebook.com/watch/?v=1277876379022609,,,1861,0
11/05/2018,2018,3b Half Marathon,Fredericton Half Marathon,Michael-Lucien Bergeron,M,CAN,1:20:50.00,?,https://www.saltwire.com/nova-scotia/sports/video-bergeron-combines-running-and-juggling-243982/   https://results.raceroster.com/en-CA/results/detail/chxvfrgp4wa9fz63,,,4850,480
10/05/2018,2018,3b Half Marathon,"Auffahrtslauf St. Gallen Half Marathon, Switzerland",Daniel Raum,M,AUT,1:40:20.00,?,https://my.raceresult.com/85080/#1_C8F593,,,6020,102
08/05/2018,2018,3b Mile,Time Trial,Zach Prescott,M,USA,0:04:43.00,?,https://www.runnersworld.com/runners-stories/a20732918/joggler-sets-a-world-record-in-the-mile/,,,283,611
06/05/2018,2018,3b Marathon,Roche Abbey Marathon,Tim Butler,M,GBR,5:38:04.00,?,Marathon #26: https://www.joggling.co.uk/Marathon-List,,,20284,0
05/05/2018,2018,3b 5km,Sewerby Parkrun,Pete Barnard,M,GBR,0:31:12.00,0,https://www.parkrun.org.uk/sewerby/results/335/ https://m.facebook.com/story.php?story_fbid=pfbid032JYDayTNJ4AKADEDA61CW5ZCboGmHMtsAA5L3YMzv1LmUPhBbvnWWBhpfbZ5REASl&id=765064822,,,1872,0
22/04/2018,2018,3b Marathon,"Zurich Marathon, Switzerland",Daniel Raum,M,AUT,3:59:46.00,?,https://services.datasport.com/2018/lauf/zuerich/alfar.htm,,,14386,28
22/04/2018,2018,3b Marathon,London Marathon,Tim Butler,M,GBR,5:13:39.00,?,Marathon #25: https://www.joggling.co.uk/Marathon-List,,,18819,0
15/04/2018,2018,3b Marathon,Brighton Marathon,Jordan Evans,M,GBR,3:34:38.00,?,,,,12878,141
14/04/2018,2018,3b 5km,Kingsway Parkrun,Jordan Evans,M,GBR,0:19:44.00,?,https://www.strava.com/activities/1507147677,,,1184,182
08/04/2018,2018,3b Marathon,Rome Marathon,Jack Hirschowitz,M,USA,5:06:04.00,?,https://www.facebook.com/photo/?fbid=2026070107465749&set=gm.882770911894760  https://marathonview.net/search?query=jack%20hirschowitz,,,18364,0
08/04/2018,2018,3b Marathon,Bungay Marathon,Tim Butler,M,GBR,4:27:09.00,?,Marathon #24: https://www.joggling.co.uk/Marathon-List,,,16029,0
02/04/2018,2018,3b Marathon,GBC Barrow Day 4,Tim Butler,M,GBR,4:56:48.00,?,Marathon #23: https://www.joggling.co.uk/Marathon-List,,,17808,0
25/03/2018,2018,3b 50 Miles,"Charlottesville, Virginia",Rick Kwiatkowski,M,USA,7:53:55.00,?,https://www.guinnessworldrecords.com/world-records/fastest-50-miles-joggling,,,28435,0
17/03/2018,2018,3b 5km,Kilkenny Parkrun,Malachy Kelly,M,IRL,0:26:32.00,?,https://www.parkrun.ie/kilkenny/results/175/  https://fb.watch/lONEFREqLf/,,,1592,0
17/03/2018,2018,3b Half Marathon,"Wrightsville Beach Half Marathon, North Carolina",Terry Odom,M,USA,2:16:56.00,16,clubs http://roguerunners.org/WBhalfmarathon18.htm    https://www.wect.com/story/37755742/nc-man-completes-wrightsville-beach-half-marathon-while-juggling/,,,8216,0
10/03/2018,2018,3b 5km,Gloucester City Parkrun,Jordan Evans,M,GBR,0:18:51.00,?,https://www.strava.com/activities/1445037548  https://www.parkrun.org.uk/gloucestercity/results/2/,,,1131,265
04/03/2018,2018,3b Half Marathon,Paris Half Marathon,Levent Denizci,M,TUR,2:01:09.00,5,https://www.instagram.com/p/Bf5tx4UjS9B/,,,7269,0
17/12/2017,2017,3b Marathon,Newark Showground Day 2,Tim Butler,M,GBR,5:09:19.00,?,Marathon #22: https://www.joggling.co.uk/Marathon-List,,,18559,0
16/12/2017,2017,3b Marathon,Newark Showground Day 1,Tim Butler,M,GBR,5:34:00.00,?,Marathon #21: https://www.joggling.co.uk/Marathon-List,,,20040,0
03/12/2017,2017,3b Marathon,Christmas Marathon,Tim Butler,M,GBR,4:34:42.00,?,Marathon #20: https://www.joggling.co.uk/Marathon-List,,,16482,0
26/11/2017,2017,3b 10km,Gloucester 10km,Jordan Evans,M,GBR,0:39:32.00,?,https://www.strava.com/activities/1291259819 https://www.thepowerof10.info/resultsfiles/2017/222094_7901_05122017010351_GLOS.pdf,,,2372,319
26/11/2017,2017,3b 10km,Doncaster 10k,Pete Barnard,M,GBR,1:05:33.00,0,https://racetimingsolutions.racetecresults.com/Search.aspx?CId=16269&RId=808&S=Barnard     https://www.facebook.com/765064822/posts/pfbid0omvHhgfAT2zPhZ9nX4PYSe1Sp2qJLBtZzjTyiKnuPzjy4Li2Dg3VHdMgTxGW6f4Bl/?app=fbl,,,3933,0
26/11/2017,2017,3b 5km,Time Trial,Will Be,M,GBR,0:29:21.00,4,https://www.instagram.com/p/Bb9dKsdl_Yj/,,,1761,0
25/11/2017,2017,3b 10km,Bodrun Ultra 2017,Ferda Tekgul,M,TUR,1:05:58.00,?,https://onedrive.live.com/?authkey=%21AESvHE3mopXxiiM&cid=D218D0DBBD3CA6B9&id=D218D0DBBD3CA6B9%21142974&parId=D218D0DBBD3CA6B9%21170908&o=OneUp,,,3958,0
17/11/2017,2017,3b Marathon,Kirkstall Abbey Marathon,Tim Butler,M,GBR,4:55:00.00,?,Marathon #19: https://www.joggling.co.uk/Marathon-List,,,17700,0
11/11/2017,2017,3b 5km,Hull Parkrun,Pete Barnard,M,GBR,0:30:59.00,?,https://www.parkrun.org.uk/hull/news/2017/11/13/event-404-11th-november-2017-by-claire-hughes/,,,1859,0
05/11/2017,2017,3b Marathon,New York City Marathon,Jack Hirschowitz,M,USA,4:57:36.00,?,https://results.nyrr.org/event/M2017/finishers#search=Jack%2520Hirschowitz,,,17856,0
22/10/2017,2017,3b Half Marathon,Stroud Half Marathon,Jordan Evans,M,GBR,1:30:01.00,?,https://www.strava.com/activities/1241841107,,,5401,267
22/10/2017,2017,3b Marathon,Ventura Marathon,Perry Romanowski,M,USA,3:56:34.00,?,https://marathonview.net/result/51051873,,,14194,37
21/10/2017,2017,3b 5km,Gloucester North Parkrun,Jordan Evans,M,GBR,0:21:24.00,?,https://www.strava.com/activities/1239818353,,,1284,67
15/10/2017,2017,3b Half Marathon,Prince Edward Island Half Marathon,Michael-Lucien Bergeron,M,CAN,1:21:34.00,6,https://runningmagazine.ca/sections/runs-races/michael-bergeron-2017-pei-half-marathon/     https://peiroadrunners.ca/results/2017/pei-marathon/13.1mi/,,,4894,461
01/10/2017,2017,3b Half Marathon,Cheltenham Half Marathon,Jordan Evans,M,GBR,1:32:17.00,?,https://www.strava.com/activities/1209848764,,,5537,224
30/09/2017,2017,3b 5km,Gloucester North Parkrun,Jordan Evans,M,GBR,0:19:57.00,?,https://www.strava.com/activities/1208265120,,,1197,164
24/09/2017,2017,3b Marathon,Nottingham Marathon,Tim Butler,M,GBR,4:43:42.00,?,Marathon #18: https://www.joggling.co.uk/Marathon-List,,,17022,0
23/09/2017,2017,3b 5km,Kingsway Parkrun,Jordan Evans,M,GBR,0:18:54.00,0,https://www.strava.com/activities/1197014312,,,1134,260
17/09/2017,2017,3b Marathon,"Seenlandmarathon, Pleinfeld, Germany",Daniel Raum,M,AUT,3:37:00.00,?,https://www.nordbayern.de/region/wei%C3%9Fenburg/den-kompletten-marathon-jongliert-1.6643622?isAmp=true,,,13020,127
10/09/2017,2017,3b Marathon,Iceni Marathon (Thetford),Tim Butler,M,GBR,5:06:54.00,?,Marathon #17: https://www.joggling.co.uk/Marathon-List,,,18414,0
09/09/2017,2017,3b 5km,Hadleigh Parkrun,Jordan Evans,M,GBR,0:21:07.00,?,https://www.parkrun.org.uk/hadleigh/news/2017/09/13/hadleigh-parkrun-45-the-parkrun-juggler-or-should-we-call-him-the-parkrun-joggler/,,,1267,83
02/09/2017,2017,3b 5km,Worcester Pitchcroft Parkrun,Jordan Evans,M,GBR,0:19:00.00,?,https://www.strava.com/activities/1163922574  https://www.parkrun.org.uk/worcesterpitchcroft/results/12/,,,1140,250
19/08/2017,2017,3b 5km,Cheltenham Parkrun,Jordan Evans,M,GBR,0:20:18.00,?,https://www.strava.com/activities/1140724011,,,1218,136
12/08/2017,2017,3b 5km,Sewerby Parkrun,Pete Barnard,M,GBR,0:35:06.00,?,https://www.parkrun.org.uk/sewerby/results/298/  https://fb.watch/lONDsC92AI/,,,2106,0
05/08/2017,2017,3b 5km,Tewkesbury Parkrun,Jordan Evans,M,GBR,0:19:43.00,?,https://www.strava.com/activities/1117927066,,,1183,183
30/07/2017,2017,3b 10km,Gloucester Race 4 Men,Jordan Evans,M,GBR,0:44:15.00,?,https://www.strava.com/activities/1108372759,,,2655,129
29/07/2017,2017,3b 5km,"Windsor 5k Fun Run, Nova Scotia",Bradley Fiander,M,CAN,0:20:45.00,?,https://results.raceroster.com/v2/en-CA/results/rvd77z5qbtrc4q3c/results?subEvent=&search=Fiander&page=1    https://www.facebook.com/513379212/posts/10155174605369213/?substory_index=652552003056853&app=fbl,,,1245,105
29/07/2017,2017,3b 5km,Cheltenham Parkrun,Jordan Evans,M,GBR,0:20:50.00,?,https://www.strava.com/activities/1106537994,,,1250,100
29/07/2017,2017,3b Ultra (41.7m),Manvers Dusk Till Dawn,Tim Butler,M,GBR,12:00:00.00,?,Marathon #16: https://www.joggling.co.uk/Marathon-List,,,43200,0
15/07/2017,2017,3b 100m,"IJA, Cedar Rapids",Anthony Zeszut,M,0,0:00:23.81,?,IJA Database,,,23,0
15/07/2017,2017,3b 400m,"IJA, Cedar Rapids",Anthony Zeszut,M,0,0:02:13.40,?,IJA Database,,,133,0
15/07/2017,2017,3b 4x100m,"IJA, Cedar Rapids","Anthony Zeszut, Gerry Daher, Nick Pisanelli, Martin Hiti",M,0,0:01:18.70,?,IJA Database,,,78,0
15/07/2017,2017,3b 100m,"IJA, Cedar Rapids",Bennett Santora,M,0,0:00:18.25,?,IJA Database,,,18,0
15/07/2017,2017,5b 100m,"IJA, Cedar Rapids",Bennett Santora,M,0,0:00:30.85,?,IJA Database,,,30,0
15/07/2017,2017,3b 400m,"IJA, Cedar Rapids",Bennett Santora,M,0,0:01:34.40,?,IJA Database,,,94,0
15/07/2017,2017,7b 100m,"IJA, Cedar Rapids",Bennett Santora,M,0,0:02:30.10,?,IJA Database,,,150,0
15/07/2017,2017,3b 800m,"IJA, Cedar Rapids",Bennett Santora,M,0,0:04:40.30,?,IJA Database,,,280,0
15/07/2017,2017,5b 400m,"IJA, Cedar Rapids",Bennett Santora,M,0,0:05:54.40,?,IJA Database,,,354,0
15/07/2017,2017,3b 5km,"IJA, Cedar Rapids",Bob Evans,M,USA,0:19:36.00,?,https://www.juggle.org/enewsletter/2017-07,,,1176,193
15/07/2017,2017,3b 5km,"IJA, Cedar Rapids",Bob Evans,M,USA,0:19:36.10,?,IJA Database,,,1176,193
15/07/2017,2017,3b 100m,"IJA, Cedar Rapids",Carter Randall,M,0,0:00:22.16,?,IJA Database,,,22,0
15/07/2017,2017,5b 100m,"IJA, Cedar Rapids",Carter Randall,M,0,0:01:06.40,?,IJA Database,,,66,0
15/07/2017,2017,3b 400m,"IJA, Cedar Rapids",Carter Randall,M,0,0:01:35.60,?,IJA Database,,,95,0
15/07/2017,2017,3b 800m,"IJA, Cedar Rapids",Carter Randall,M,0,0:04:09.50,?,IJA Database,,,249,0
15/07/2017,2017,5b 400m,"IJA, Cedar Rapids",Carter Randall,M,0,0:07:27.60,?,IJA Database,,,447,0
15/07/2017,2017,3b 5km,"IJA, Cedar Rapids",Carter Randall,M,0,0:30:19.00,?,https://www.juggle.org/enewsletter/2017-07,,,1819,0
15/07/2017,2017,3b 5km,"IJA, Cedar Rapids",Carter Randall,M,0,0:30:19.20,?,IJA Database,,,1819,0
15/07/2017,2017,3b 4x100m,"IJA, Cedar Rapids","Carter Randall, Isaac Cantor, David Pavlove Cunsolo, Bennett Santora",M,0,0:01:25.40,?,IJA Database,,,85,0
15/07/2017,2017,3b 800m,"IJA, Cedar Rapids",Craig Wise,M,0,0:03:06.20,?,IJA Database,,,186,0
15/07/2017,2017,3b 5km,"IJA, Cedar Rapids",Craig Wise,M,0,0:24:48.00,?,https://www.juggle.org/enewsletter/2017-07,,,1488,0
15/07/2017,2017,3b 5km,"IJA, Cedar Rapids",Craig Wise,M,0,0:24:48.10,?,IJA Database,,,1488,0
15/07/2017,2017,3b 100m,"IJA, Cedar Rapids",David Pavlove Cunsolo,M,0,0:00:19.56,?,IJA Database,,,19,0
15/07/2017,2017,5b 100m,"IJA, Cedar Rapids",David Pavlove Cunsolo,M,0,0:01:29.10,?,IJA Database,,,89,0
15/07/2017,2017,3b 400m,"IJA, Cedar Rapids",David Pavlove Cunsolo,M,0,0:01:46.80,?,IJA Database,,,106,0
15/07/2017,2017,3b 800m,"IJA, Cedar Rapids",David Pavlove Cunsolo,M,0,0:04:02.20,?,IJA Database,,,242,0
15/07/2017,2017,3b 5km,"IJA, Cedar Rapids",David Pavlove Cunsolo,M,0,0:30:22.00,?,https://www.juggle.org/enewsletter/2017-07,,,1822,0
15/07/2017,2017,3b 5km,"IJA, Cedar Rapids",David Pavlove Cunsolo,M,0,0:30:22.70,?,IJA Database,,,1822,0
15/07/2017,2017,3b 100m,"IJA, Cedar Rapids",Elizabeth Stockbridge,F,0,0:00:32.00,?,IJA Database,,,32,0
15/07/2017,2017,5b 100m,"IJA, Cedar Rapids",Elizabeth Stockbridge,F,0,0:01:25.70,?,IJA Database,,,85,0
15/07/2017,2017,3b 400m,"IJA, Cedar Rapids",Elizabeth Stockbridge,F,0,0:01:31.90,?,IJA Database,,,91,120
15/07/2017,2017,3b 5km,"IJA, Cedar Rapids",Erik Rain,M,0,0:20:26.00,?,https://www.juggle.org/enewsletter/2017-07,,,1226,127
15/07/2017,2017,3b 5km,"IJA, Cedar Rapids",Erik Rain,M,0,0:20:26.80,?,IJA Database,,,1226,127
15/07/2017,2017,3b 100m,"IJA, Cedar Rapids",Eva Hadjiyanis,F,0,0:00:29.90,?,IJA Database,,,29,0
15/07/2017,2017,3b 400m,"IJA, Cedar Rapids",Eva Hadjiyanis,F,0,0:01:59.60,?,IJA Database,,,119,0
15/07/2017,2017,3b 100m,"IJA, Cedar Rapids",Gabrielle Foran,F,CAN,0:00:18.27,?,IJA Database,,,18,158
15/07/2017,2017,3b 400m,"IJA, Cedar Rapids",Gabrielle Foran,F,CAN,0:01:23.40,?,IJA Database,,,83,244
15/07/2017,2017,5b 100m,"IJA, Cedar Rapids",Gabrielle Foran,F,CAN,0:02:17.90,?,IJA Database,,,137,0
15/07/2017,2017,3b 800m,"IJA, Cedar Rapids",Gabrielle Foran,F,CAN,0:02:45.80,?,IJA Database,,,165,497
15/07/2017,2017,3b 5km,"IJA, Cedar Rapids",Gabrielle Foran,F,CAN,0:19:29.70,?,"IJA Database, https://www.juggle.org/enewsletter/2017-07",,,1169,700
15/07/2017,2017,3b 100m,"IJA, Cedar Rapids",Gerry Daher,M,0,0:00:36.02,?,IJA Database,,,36,0
15/07/2017,2017,3b 400m,"IJA, Cedar Rapids",Gerry Daher,M,0,0:01:44.30,?,IJA Database,,,104,0
15/07/2017,2017,3b 800m,"IJA, Cedar Rapids",Gerry Daher,M,0,0:03:33.90,?,IJA Database,,,213,0
15/07/2017,2017,3b 100m,"IJA, Cedar Rapids",Isaac Cantor,M,0,0:00:18.99,?,IJA Database,,,18,0
15/07/2017,2017,5b 100m,"IJA, Cedar Rapids",Isaac Cantor,M,0,0:00:51.97,?,IJA Database,,,51,0
15/07/2017,2017,3b 400m,"IJA, Cedar Rapids",Isaac Cantor,M,0,0:01:24.30,?,IJA Database,,,84,0
15/07/2017,2017,3b 100m,"IJA, Cedar Rapids",Jack Hirschowitz,M,USA,0:00:27.60,?,IJA Database,,,27,0
15/07/2017,2017,3b 400m,"IJA, Cedar Rapids",Jack Hirschowitz,M,USA,0:01:52.60,?,IJA Database,,,112,0
15/07/2017,2017,3b 800m,"IJA, Cedar Rapids",Jack Hirschowitz,M,USA,0:04:04.70,?,IJA Database,,,244,0
15/07/2017,2017,3b 5km,"IJA, Cedar Rapids",Jack Hirschowitz,M,USA,0:28:21.00,?,https://www.juggle.org/enewsletter/2017-07,,,1701,0
15/07/2017,2017,3b 5km,"IJA, Cedar Rapids",Jack Hirschowitz,M,USA,0:28:22.00,?,IJA Database,,,1702,0
15/07/2017,2017,3b 400m,"IJA, Cedar Rapids",Jacob Heimer,M,0,0:01:14.30,?,IJA Database,,,74,25
15/07/2017,2017,3b 800m,"IJA, Cedar Rapids",Jacob Heimer,M,0,0:03:02.60,?,IJA Database,,,182,0
15/07/2017,2017,3b 5km,"IJA, Cedar Rapids",Jacob Heimer,M,0,0:19:16.00,?,https://www.juggle.org/enewsletter/2017-07,,,1156,224
15/07/2017,2017,3b 5km,"IJA, Cedar Rapids",Jacob Heimer,M,0,0:19:16.60,?,IJA Database,,,1156,224
15/07/2017,2017,3b 5km,"IJA, Cedar Rapids",Jared Ashton,M,0,0:27:51.00,?,https://www.juggle.org/enewsletter/2017-07,,,1671,0
15/07/2017,2017,3b 5km,"IJA, Cedar Rapids",Jared Ashton,M,0,0:27:51.90,?,IJA Database,,,1671,0
15/07/2017,2017,3b 400m,"IJA, Cedar Rapids",Jason Noyes,M,0,0:01:31.60,?,IJA Database,,,91,0
15/07/2017,2017,3b 800m,"IJA, Cedar Rapids",Jason Noyes,M,0,0:03:34.40,?,IJA Database,,,214,0
15/07/2017,2017,3b 5km,"IJA, Cedar Rapids",Jason Noyes,M,0,0:26:15.00,?,https://www.juggle.org/enewsletter/2017-07,,,1575,0
15/07/2017,2017,3b 5km,"IJA, Cedar Rapids",Jason Noyes,M,0,0:26:15.30,?,IJA Database,,,1575,0
15/07/2017,2017,3b 5km,"IJA, Cedar Rapids",Katie Burgess,F,0,0:24:37.00,?,https://www.juggle.org/enewsletter/2017-07,,,1477,313
15/07/2017,2017,3b 5km,"IJA, Cedar Rapids",Katie Burgess,F,0,0:24:37.80,?,IJA Database,,,1477,313
15/07/2017,2017,3b 100m,"IJA, Cedar Rapids",Kayla Malmgren,F,USA,0:00:17.84,?,IJA Database,,,17,248
15/07/2017,2017,5b 100m,"IJA, Cedar Rapids",Kayla Malmgren,F,USA,0:01:15.10,?,IJA Database,,,75,0
15/07/2017,2017,3b 400m,"IJA, Cedar Rapids",Kayla Malmgren,F,USA,0:01:46.20,?,IJA Database,,,106,5
15/07/2017,2017,3b 100m,"IJA, Cedar Rapids",Kirt Albrecht,M,0,0:00:28.38,?,IJA Database,,,28,0
15/07/2017,2017,3b 400m,"IJA, Cedar Rapids",Kirt Albrecht,M,0,0:02:17.50,?,IJA Database,,,137,0
15/07/2017,2017,3b 4x100m,"IJA, Cedar Rapids","Kirt Albrecht, Tony Malikowski, Jack Hirschowitz",M,0,0:01:42.90,?,IJA Database,,,102,0
15/07/2017,2017,3b 100m,"IJA, Cedar Rapids",Kyle Albrecht,M,USA,0:00:32.00,?,IJA Database,,,32,0
15/07/2017,2017,5b 100m,"IJA, Cedar Rapids",Kyle Albrecht,M,USA,0:00:54.19,?,IJA Database,,,54,0
15/07/2017,2017,3b 400m,"IJA, Cedar Rapids",Kyle Albrecht,M,USA,0:01:31.80,?,IJA Database,,,91,0
15/07/2017,2017,7b 100m,"IJA, Cedar Rapids",Kyle Albrecht,M,USA,0:02:53.00,?,IJA Database,,,173,0
15/07/2017,2017,3b 100m,"IJA, Cedar Rapids",Laura Schroeder,F,0,0:00:18.50,?,IJA Database,,,18,158
15/07/2017,2017,3b 400m,"IJA, Cedar Rapids",Laura Schroeder,F,0,0:01:33.00,?,IJA Database,,,93,96
15/07/2017,2017,3b 800m,"IJA, Cedar Rapids",Laura Schroeder,F,0,0:04:04.70,?,IJA Database,,,244,2
15/07/2017,2017,3b 4x100m,"IJA, Cedar Rapids","Laura Schroeder, Eva Hadjiyanis, Elizabeth Stockbridge, Kayla Malmgren",F,0,0:01:15.90,?,IJA Database,,,75,206
15/07/2017,2017,3b 100m,"IJA, Cedar Rapids",Mark Fiore,M,USA,0:00:14.28,?,IJA Database,,,14,221
15/07/2017,2017,5b 100m,"IJA, Cedar Rapids",Mark Fiore,M,USA,0:00:39.07,?,IJA Database,,,39,0
15/07/2017,2017,3b 400m,"IJA, Cedar Rapids",Mark Fiore,M,USA,0:01:04.40,?,IJA Database,,,64,229
15/07/2017,2017,3b 100m,"IJA, Cedar Rapids",Martin Hiti,M,0,0:00:19.19,?,IJA Database,,,19,0
15/07/2017,2017,3b 400m,"IJA, Cedar Rapids",Martin Hiti,M,0,0:01:39.80,?,IJA Database,,,99,0
15/07/2017,2017,3b 800m,"IJA, Cedar Rapids",Martin Hiti,M,0,0:03:44.50,?,IJA Database,,,224,0
15/07/2017,2017,3b 400m,"IJA, Cedar Rapids",Mary Geeves,F,0,0:05:01.50,?,IJA Database,,,301,0
15/07/2017,2017,3b 800m,"IJA, Cedar Rapids",Mary Geeves,F,0,0:12:11.20,?,IJA Database,,,731,0
15/07/2017,2017,3b 5km,"IJA, Cedar Rapids",Mary Geeves,F,0,0:32:10.00,?,https://www.juggle.org/enewsletter/2017-07,,,1930,23
15/07/2017,2017,3b 5km,"IJA, Cedar Rapids",Mary Geeves,F,0,0:32:11.00,?,IJA Database,,,1931,23
15/07/2017,2017,3b 100m,"IJA, Cedar Rapids",Michael Yoon,M,0,0:00:25.56,?,IJA Database,,,25,0
15/07/2017,2017,5b 100m,"IJA, Cedar Rapids",Michael Yoon,M,0,0:00:59.94,?,IJA Database,,,59,0
15/07/2017,2017,3b 400m,"IJA, Cedar Rapids",Michael Yoon,M,0,0:01:58.60,?,IJA Database,,,118,0
15/07/2017,2017,3b 100m,"IJA, Cedar Rapids",Mike Moore,M,USA,0:00:16.34,?,IJA Database,,,16,24
15/07/2017,2017,5b 100m,"IJA, Cedar Rapids",Mike Moore,M,USA,0:00:47.47,?,IJA Database,,,47,0
15/07/2017,2017,3b 400m,"IJA, Cedar Rapids",Mike Moore,M,USA,0:01:13.60,?,IJA Database,,,73,36
15/07/2017,2017,7b 100m,"IJA, Cedar Rapids",Mike Moore,M,USA,0:02:47.00,?,IJA Database,,,167,0
15/07/2017,2017,5b 400m,"IJA, Cedar Rapids",Mike Moore,M,USA,0:03:07.80,?,IJA Database,,,187,0
15/07/2017,2017,3b 800m,"IJA, Cedar Rapids",Mike Moore,M,USA,0:03:26.90,?,IJA Database,,,206,0
15/07/2017,2017,3b 5km,"IJA, Cedar Rapids",Mike Moore,M,USA,0:27:11.00,?,https://www.juggle.org/enewsletter/2017-07,,,1631,0
15/07/2017,2017,3b 5km,"IJA, Cedar Rapids",Mike Moore,M,USA,0:27:11.60,?,IJA Database,,,1631,0
15/07/2017,2017,3b 4x100m,"IJA, Cedar Rapids","Mike Moore, Mark Fiore, Gabrielle Foran, Jacob Heimer",Mixed,0,0:01:10.30,?,IJA Database,,,70,0
15/07/2017,2017,3b 100m,"IJA, Cedar Rapids",Mike Patsch,M,0,0:00:31.72,?,IJA Database,,,31,0
15/07/2017,2017,3b 400m,"IJA, Cedar Rapids",Mike Patsch,M,0,0:02:12.70,?,IJA Database,,,132,0
15/07/2017,2017,3b 400m,"IJA, Cedar Rapids",Nathan Wakefield,M,0,0:01:28.10,?,IJA Database,,,88,0
15/07/2017,2017,3b 800m,"IJA, Cedar Rapids",Nathan Wakefield,M,0,0:03:31.30,?,IJA Database,,,211,0
15/07/2017,2017,3b 5km,"IJA, Cedar Rapids",Nathan Wakefield,M,0,0:27:56.00,?,https://www.juggle.org/enewsletter/2017-07,,,1676,0
15/07/2017,2017,3b 5km,"IJA, Cedar Rapids",Nathan Wakefield,M,0,0:27:56.10,?,IJA Database,,,1676,0
15/07/2017,2017,3b 4x100m,"IJA, Cedar Rapids","Nathan Wakefield, Shivella Schwab, Ely Doan, Rebecca Moore",Mixed,0,0:01:47.00,?,IJA Database,,,107,0
15/07/2017,2017,3b 100m,"IJA, Cedar Rapids",Nick Pisanelli,M,0,0:00:29.75,?,IJA Database,,,29,0
15/07/2017,2017,3b 400m,"IJA, Cedar Rapids",Nick Pisanelli,M,0,0:01:51.70,?,IJA Database,,,111,0
15/07/2017,2017,5b 100m,"IJA, Cedar Rapids",Patrick Russell,M,0,0:01:05.20,?,IJA Database,,,65,0
15/07/2017,2017,3b 400m,"IJA, Cedar Rapids",Patrick Russell,M,0,0:01:39.80,?,IJA Database,,,99,0
15/07/2017,2017,3b 4x100m,"IJA, Cedar Rapids","Patrick Russell, Jared Ashton, Peter Holmquist, Kyle Albrecht",M,0,0:01:34.00,?,IJA Database,,,94,0
15/07/2017,2017,3b 100m,"IJA, Cedar Rapids",Paul Arneberg,M,0,0:00:17.00,?,IJA Database,,,17,0
15/07/2017,2017,3b 400m,"IJA, Cedar Rapids",Paul Arneberg,M,0,0:01:17.40,?,IJA Database,,,77,4
15/07/2017,2017,3b 800m,"IJA, Cedar Rapids",Paul Arneberg,M,0,0:03:01.60,?,IJA Database,,,181,0
15/07/2017,2017,3b 5km,"IJA, Cedar Rapids",Paul Arneberg,M,0,0:22:37.00,?,https://www.juggle.org/enewsletter/2017-07,,,1357,19
15/07/2017,2017,3b 5km,"IJA, Cedar Rapids",Paul Arneberg,M,0,0:22:37.70,?,IJA Database,,,1357,19
15/07/2017,2017,3b 100m,"IJA, Cedar Rapids",Peter Holmquist,M,0,0:00:16.38,?,IJA Database,,,16,24
15/07/2017,2017,3b 400m,"IJA, Cedar Rapids",Peter Holmquist,M,0,0:01:20.50,?,IJA Database,,,80,0
15/07/2017,2017,3b 800m,"IJA, Cedar Rapids",Peter Holmquist,M,0,0:03:28.60,?,IJA Database,,,208,0
15/07/2017,2017,3b 100m,"IJA, Cedar Rapids",Raphael Harris,M,0,0:00:22.00,?,IJA Database,,,22,0
15/07/2017,2017,3b 400m,"IJA, Cedar Rapids",Raphael Harris,M,0,0:02:02.30,?,IJA Database,,,122,0
15/07/2017,2017,5b 100m,"IJA, Cedar Rapids",Raphael Harris,M,0,0:03:40.80,?,IJA Database,,,220,0
15/07/2017,2017,5b 400m,"IJA, Cedar Rapids",Raphael Harris,M,0,0:13:06.20,?,IJA Database,,,786,0
15/07/2017,2017,3b 100m,"IJA, Cedar Rapids",Rebecca Moore,F,0,0:00:30.31,?,IJA Database,,,30,0
15/07/2017,2017,3b 400m,"IJA, Cedar Rapids",Rebecca Moore,F,0,0:01:28.50,?,IJA Database,,,88,162
15/07/2017,2017,3b 800m,"IJA, Cedar Rapids",Rebecca Moore,F,0,0:03:50.20,?,IJA Database,,,230,27
15/07/2017,2017,3b 5km,"IJA, Cedar Rapids",Sarah Williams,F,0,0:45:37.00,?,https://www.juggle.org/enewsletter/2017-07,,,2737,0
15/07/2017,2017,3b 5km,"IJA, Cedar Rapids",Sarah Williams,F,0,0:45:37.10,?,IJA Database,,,2737,0
15/07/2017,2017,3b 5km,"IJA, Cedar Rapids",Scott Randall,M,0,0:47:53.00,?,https://www.juggle.org/enewsletter/2017-07,,,2873,0
15/07/2017,2017,3b 5km,"IJA, Cedar Rapids",Scott Randall,M,0,0:47:53.70,?,IJA Database,,,2873,0
15/07/2017,2017,3b 5km,"IJA, Cedar Rapids",Shahar Cohen,M,ISR,0:24:00.00,?,https://www.juggle.org/enewsletter/2017-07,,,1440,0
15/07/2017,2017,3b 5km,"IJA, Cedar Rapids",Shahar Cohen,M,ISR,0:24:00.00,?,IJA Database,,,1440,0
15/07/2017,2017,3b 100m,"IJA, Cedar Rapids",Shivella Schwab,F,0,0:00:28.97,?,IJA Database,,,28,0
15/07/2017,2017,3b 400m,"IJA, Cedar Rapids",Shivella Schwab,F,0,0:02:04.20,?,IJA Database,,,124,0
15/07/2017,2017,3b 400m,"IJA, Cedar Rapids",Tony Malikowski,M,USA,0:01:21.60,?,IJA Database,,,81,0
15/07/2017,2017,3b 800m,"IJA, Cedar Rapids",Tony Malikowski,M,USA,0:03:06.70,?,IJA Database,,,186,0
15/07/2017,2017,3b 5km,"IJA, Cedar Rapids",Tony Malikowski,M,USA,0:24:42.00,?,https://www.juggle.org/enewsletter/2017-07,,,1482,0
15/07/2017,2017,3b 5km,"IJA, Cedar Rapids",Tony Malikowski,M,USA,0:24:42.50,?,IJA Database,,,1482,0
08/07/2017,2017,3b 5km,Forest of Dean Parkrun,Jordan Evans,M,GBR,0:21:14.00,?,https://www.strava.com/activities/1073066127,,,1274,76
01/07/2017,2017,3b 5km,Hockley Woods Parkrun,Jordan Evans,M,GBR,0:20:54.00,?,https://www.parkrun.org.uk/hockleywoods/results/123/  https://www.strava.com/activities/1061860974,,,1254,96
24/06/2017,2017,3b 5km,Gloucester North Parkrun,Jordan Evans,M,GBR,0:21:17.00,?,https://www.strava.com/activities/1051235595,,,1277,73
18/06/2017,2017,3b 10km,"Running of the Balls 10k, New York",Jack Hirschowitz,M,USA,1:00:01.00,?,https://nycruns.com/race-results?race=the-running-of-the-balls-5k-10k-2&result=241892,,,3601,0
18/06/2017,2017,3b 10km,"Running of the Balls 10k, New York",Richard Ross,M,USA,0:46:29.00,?,https://nycruns.com/race-results?race=the-running-of-the-balls-5k-10k-2&result=241746,,,2789,68
17/06/2017,2017,3b 5km,Gloucester North Parkrun,Jordan Evans,M,GBR,0:20:39.00,?,https://www.strava.com/activities/1040339086,,,1239,112
10/06/2017,2017,3b 5km,Kingsway Parkrun,Jordan Evans,M,GBR,0:20:14.00,?,https://www.strava.com/activities/1029177556,,,1214,141
04/06/2017,2017,3b Ultra (35m),Shires and Spires Ultra,Tim Butler,M,GBR,6:52:16.00,?,Marathon #15: https://www.joggling.co.uk/Marathon-List,,,24736,0
03/06/2017,2017,3b 5km,Kingsway Parkrun,Jordan Evans,M,GBR,0:21:17.00,?,https://www.strava.com/activities/1018599588,,,1277,73
28/05/2017,2017,3b Marathon,"Winterthur Marathon, Switzerland",Daniel Raum,M,AUT,3:38:52.00,?,https://www.alphafoto.com/images.php?runID=875&sn=109       https://www.datasport.com/live/startlist/?racenr=21167,,,13132,116
28/05/2017,2017,3b Marathon,Edinburgh Marathon,Tim Butler,M,GBR,4:35:41.00,?,Marathon #14: https://www.joggling.co.uk/Marathon-List,,,16541,0
27/05/2017,2017,3b 5km,Gloucester North Parkrun,Jordan Evans,M,GBR,0:21:41.00,?,https://www.strava.com/activities/1011523706,,,1301,53
20/05/2017,2017,3b Half Marathon,Fargo Half Marathon,Ivan Schleppenbach,M,USA,1:39:26.00,?,https://www.mtecresults.com/runner/show?race=5201&rid=3583  https://www.inforum.com/sports/fargo-marathon-juggler-returns-to-the-half-marathon,,,5966,113
20/05/2017,2017,3b 5km,"Blue Nose 5k, Halifax, Nova Scotia",Michael-Lucien Bergeron,M,CAN,0:17:47.00,?,https://www.sportstats.ca/display-results.xhtml?raceid=42181&status=results&lastname=Bergeron     https://www.facebook.com/664250217053533/posts/pfbid02AgUtA5gMLKM8xnTKednYBmKC4xshKLLrVbZs8PcD2xoLobwPAifzwaotF4kj43N2l/?app=fbl,,,1067,386
17/04/2017,2017,3b Marathon,Boston Marathon,Michael-Lucien Bergeron,M,CAN,3:13:12.00,4,,,,11592,306
17/04/2017,2017,3b Marathon,"Boston Marathon, Lincolnshire",Tim Butler,M,GBR,4:07:30.00,?,Marathon #13: https://www.joggling.co.uk/Marathon-List,,,14850,10
09/04/2017,2017,3b Marathon,"Zurich Marathon, Switzerland",Daniel Raum,M,AUT,3:19:36.00,?,https://services.datasport.com/2017/lauf/zuerich/alfar.htm,,,11976,250
02/04/2017,2017,3b Half Marathon,Berlin Half Marathon,Levent Denizci,M,TUR,2:01:12.00,3,https://www.generali-berliner-halbmarathon.de/en/your-race/results-archive/  https://www.instagram.com/p/Bxyq8-FgTc5/,,,7272,0
13/03/2017,2017,3b 10km,SEDENA 10km,Jorge Vilchis,M,MEX,0:55:53.00,1,https://www.instagram.com/reel/BRlnTukgLnd/,,,3353,0
11/03/2017,2017,3b Marathon,Leeds Canal Canter,Tim Butler,M,GBR,4:52:38.00,?,Marathon #5: https://www.joggling.co.uk/Marathon-List,,,17558,0
20/11/2016,2016,3b Marathon,Brooklyn Marathon,Chris Pert,M,USA,4:16:20.00,0,https://marathonview.net/search?query=christopher%20pert,,,15380,0
19/11/2016,2016,3b Marathon,Maravan 1,Tim Butler,M,GBR,5:14:35.00,?,Marathon #11: https://www.joggling.co.uk/Marathon-List,,,18875,0
06/11/2016,2016,3b Marathon,New York City Marathon,Jack Hirschowitz,M,USA,4:53:00.00,?,https://results.nyrr.org/event/M2016/finishers#search=Jack%2520Hirschowitz,,,17580,0
30/10/2016,2016,3b Half Marathon,River Thames Half Marathon,Kevin Williams,M,GBR,2:00:12.00,7,https://www.jogglathon.co.uk/   https://www.sportsystems.co.uk/ss/results/athlete/?entId=WILLI-DHEIM-KEVNN,,,7212,0
23/10/2016,2016,3b 10 Miles,Great South Run,Kevin Williams,M,GBR,1:27:03.00,3,https://www.jogglathon.co.uk/  https://www.greatrun.org/results/584/8507/,,,5223,0
23/10/2016,2016,3b Marathon,Leicester Marathon,Tim Butler,M,GBR,4:27:51.00,?,Marathon #10: https://www.joggling.co.uk/Marathon-List,,,16071,0
16/10/2016,2016,3b Half Marathon,Great Birmingham Run,Kevin Williams,M,GBR,1:58:13.00,2,https://www.jogglathon.co.uk/   https://www.greatrun.org/results/585/18760/,,,7093,0
12/10/2016,2016,3b 10km,Milan 10km (Dee Jay 10),Levent Denizci,M,TUR,0:50:38.00,0,https://www.instagram.com/p/BgVHirAgPhN/  https://www.instagram.com/p/BLc4Hh3jnwm/,,,3038,6
09/10/2016,2016,3b Half Marathon,Royal Parks Foundation Half Marathon,Kevin Williams,M,GBR,2:02:09.00,5,https://www.jogglathon.co.uk/     https://chiptiming.co.uk/events/royal-parks-foundation-half-marathon-2016/4943/,,,7329,0
09/10/2016,2016,3b Marathon,Chicago Marathon,Michal Kapral,M,CAN,2:55:25.00,0,https://chicago-history.r.mikatiming.com/2021/?pid=search,,,10525,491
09/10/2016,2016,3b Marathon,Chicago Marathon,Perry Romanowski,M,USA,3:49:14.00,?,https://chicago-history.r.mikatiming.com/2021/?pid=search,,,13754,65
02/10/2016,2016,3b Half Marathon,Tonbridge Half Marathon,Kevin Williams,M,GBR,2:10:00.00,2,https://www.jogglathon.co.uk/,,,7800,0
02/10/2016,2016,3b Marathon,Mablethorpe Marathon,Tim Butler,M,GBR,4:45:18.00,?,Marathon #9: https://www.joggling.co.uk/Marathon-List,,,17118,0
18/09/2016,2016,3b Marathon,"Seenlandmarathon, Pleinfeld, Germany",Daniel Raum,M,AUT,3:55:31.00,?,https://seenlandmarathon2016.racepedia.de/ergebnisse/1136,,,14131,41
04/09/2016,2016,3b Half Marathon,"Switzerland Marathon Light, Sarnen",Daniel Raum,M,AUT,1:43:27.00,?,https://www.alphafoto.com/images.php?runID=797&sn=481      https://www.datasport.com/en/diploma/?racenr=18872&stnr=481,,,6207,67
05/08/2016,2016,3b Half Marathon,Runtalya,Levent Denizci,M,TUR,2:12:10.00,4,https://www.instagram.com/p/BItmGofD3se/,,,7930,0
30/07/2016,2016,3b 100m,"IJA, El Paso, Texas",Adam Eckman,M,0,0:00:20.50,?,IJA Database,,,20,0
30/07/2016,2016,5b 100m,"IJA, El Paso, Texas",Adam Eckman,M,0,0:01:15.20,?,IJA Database,,,75,0
30/07/2016,2016,3b 400m,"IJA, El Paso, Texas",Adam Eckman,M,0,0:01:22.70,?,IJA Database,,,82,0
30/07/2016,2016,3b 800m,"IJA, El Paso, Texas",Adam Eckman,M,0,0:03:07.20,?,IJA Database,,,187,0
30/07/2016,2016,5b 400m,"IJA, El Paso, Texas",Adam Eckman,M,0,0:05:03.70,?,IJA Database,,,303,0
30/07/2016,2016,3b Mile,"IJA, El Paso, Texas",Adam Eckman,M,0,0:07:04.00,?,IJA Database,,,424,0
30/07/2016,2016,3b 100m,"IJA, El Paso, Texas",Anthony Zeszut,M,0,0:00:38.75,?,IJA Database,,,38,0
30/07/2016,2016,3b 400m,"IJA, El Paso, Texas",Anthony Zeszut,M,0,0:02:40.60,?,IJA Database,,,160,0
30/07/2016,2016,3b 800m,"IJA, El Paso, Texas",Anthony Zeszut,M,0,0:06:17.90,?,IJA Database,,,377,0
30/07/2016,2016,3b Mile,"IJA, El Paso, Texas",Anthony Zeszut,M,0,0:13:09.00,?,IJA Database,,,789,0
30/07/2016,2016,3b 100m,"IJA, El Paso, Texas",Bennett Santora,M,0,0:00:20.53,?,IJA Database,,,20,0
30/07/2016,2016,5b 100m,"IJA, El Paso, Texas",Bennett Santora,M,0,0:00:28.88,?,IJA Database,,,28,0
30/07/2016,2016,3b 400m,"IJA, El Paso, Texas",Bennett Santora,M,0,0:01:56.80,?,IJA Database,,,116,0
30/07/2016,2016,7b 100m,"IJA, El Paso, Texas",Bennett Santora,M,0,0:03:19.40,?,IJA Database,,,199,0
30/07/2016,2016,5b 400m,"IJA, El Paso, Texas",Bennett Santora,M,0,0:04:55.80,?,IJA Database,,,295,0
30/07/2016,2016,3b 800m,"IJA, El Paso, Texas",Bennett Santora,M,0,0:05:01.70,?,IJA Database,,,301,0
30/07/2016,2016,3b 4x100m,"IJA, El Paso, Texas","Bennett Santora, Matt Bagley, Adam Eckman, Anthony Zeszut",M,0,0:01:28.20,?,IJA Database,,,88,0
30/07/2016,2016,3b 100m,"IJA, El Paso, Texas",Christopher van Hoomissen,M,0,0:00:14.34,?,IJA Database,,,14,221
30/07/2016,2016,5b 100m,"IJA, El Paso, Texas",Christopher van Hoomissen,M,0,0:00:44.00,?,IJA Database,,,44,0
30/07/2016,2016,3b 400m,"IJA, El Paso, Texas",Christopher van Hoomissen,M,0,0:01:17.00,?,IJA Database,,,77,4
30/07/2016,2016,5b 400m,"IJA, El Paso, Texas",Christopher van Hoomissen,M,0,0:04:55.30,?,IJA Database,,,295,0
30/07/2016,2016,3b 100m,"IJA, El Paso, Texas",Gabrielle Foran,F,CAN,0:00:20.12,?,IJA Database,,,20,39
30/07/2016,2016,3b 400m,"IJA, El Paso, Texas",Gabrielle Foran,F,CAN,0:01:13.90,?,IJA Database,,,73,458
30/07/2016,2016,3b 800m,"IJA, El Paso, Texas",Gabrielle Foran,F,CAN,0:02:44.40,?,IJA Database,,,164,508
30/07/2016,2016,3b Mile,"IJA, El Paso, Texas",Gabrielle Foran,F,CAN,0:05:40.00,?,IJA Database,,,340,671
30/07/2016,2016,3b 100m,"IJA, El Paso, Texas",Heather Marriott,F,USA,0:00:19.31,?,IJA Database,,,19,89
30/07/2016,2016,3b 400m,"IJA, El Paso, Texas",Heather Marriott,F,USA,0:01:43.10,?,IJA Database,,,103,16
30/07/2016,2016,3b 800m,"IJA, El Paso, Texas",Heather Marriott,F,USA,0:04:02.80,?,IJA Database,,,242,4
30/07/2016,2016,3b Mile,"IJA, El Paso, Texas",Heather Marriott,F,USA,0:08:39.00,?,IJA Database,,,519,43
30/07/2016,2016,3b 4x100m,"IJA, El Paso, Texas","Heather Marriott, Teresa Rochester, Gabrielle Foran, Mike Patsch",F,0,0:02:13.80,?,IJA Database,,,133,0
30/07/2016,2016,3b 100m,"IJA, El Paso, Texas",Jeff Lutkus,M,USA,0:00:16.09,?,IJA Database,,,16,24
30/07/2016,2016,5b 100m,"IJA, El Paso, Texas",Jeff Lutkus,M,USA,0:01:16.30,?,IJA Database,,,76,0
30/07/2016,2016,3b 400m,"IJA, El Paso, Texas",Jeff Lutkus,M,USA,0:01:20.80,?,IJA Database,,,80,0
30/07/2016,2016,3b 800m,"IJA, El Paso, Texas",Jeff Lutkus,M,USA,0:03:04.30,?,IJA Database,,,184,0
30/07/2016,2016,3b Mile,"IJA, El Paso, Texas",Jeff Lutkus,M,USA,0:06:44.00,?,IJA Database,,,404,4
30/07/2016,2016,3b 100m,"IJA, El Paso, Texas",Matt Bagley,M,0,0:00:20.93,?,IJA Database,,,20,0
30/07/2016,2016,5b 100m,"IJA, El Paso, Texas",Matt Bagley,M,0,0:01:15.70,?,IJA Database,,,75,0
30/07/2016,2016,3b 400m,"IJA, El Paso, Texas",Matt Bagley,M,0,0:01:29.30,?,IJA Database,,,89,0
30/07/2016,2016,3b 800m,"IJA, El Paso, Texas",Matt Bagley,M,0,0:03:16.20,?,IJA Database,,,196,0
30/07/2016,2016,5b 400m,"IJA, El Paso, Texas",Matt Bagley,M,0,0:05:00.00,?,IJA Database,,,300,0
30/07/2016,2016,3b Mile,"IJA, El Paso, Texas",Matt Bagley,M,0,0:07:14.00,?,IJA Database,,,434,0
30/07/2016,2016,3b 100m,"IJA, El Paso, Texas",Mike Moore,M,USA,0:00:22.97,?,IJA Database,,,22,0
30/07/2016,2016,5b 100m,"IJA, El Paso, Texas",Mike Moore,M,USA,0:00:43.69,?,IJA Database,,,43,0
30/07/2016,2016,3b 400m,"IJA, El Paso, Texas",Mike Moore,M,USA,0:01:12.80,?,IJA Database,,,72,50
30/07/2016,2016,3b 800m,"IJA, El Paso, Texas",Mike Moore,M,USA,0:03:09.10,?,IJA Database,,,189,0
30/07/2016,2016,7b 100m,"IJA, El Paso, Texas",Mike Moore,M,USA,0:03:09.10,?,IJA Database,,,189,0
30/07/2016,2016,5b 400m,"IJA, El Paso, Texas",Mike Moore,M,USA,0:03:31.50,?,IJA Database,,,211,0
30/07/2016,2016,3b Mile,"IJA, El Paso, Texas",Mike Moore,M,USA,0:07:19.00,?,IJA Database,,,439,0
30/07/2016,2016,3b 4x100m,"IJA, El Paso, Texas","Mike Moore, Neil Jordan, Jeff Lutkus, Nicolas Souren",M,0,0:01:11.20,?,IJA Database,,,71,0
30/07/2016,2016,3b 100m,"IJA, El Paso, Texas",Mike Patsch,M,0,0:00:20.16,?,IJA Database,,,20,0
30/07/2016,2016,3b 400m,"IJA, El Paso, Texas",Mike Patsch,M,0,0:02:21.00,?,IJA Database,,,141,0
30/07/2016,2016,3b 100m,"IJA, El Paso, Texas",Nathan Wakefield,M,0,0:00:28.03,?,IJA Database,,,28,0
30/07/2016,2016,3b 400m,"IJA, El Paso, Texas",Nathan Wakefield,M,0,0:01:33.60,?,IJA Database,,,93,0
30/07/2016,2016,3b 800m,"IJA, El Paso, Texas",Nathan Wakefield,M,0,0:03:28.30,?,IJA Database,,,208,0
30/07/2016,2016,3b Mile,"IJA, El Paso, Texas",Nathan Wakefield,M,0,0:07:29.00,?,IJA Database,,,449,0
30/07/2016,2016,3b 100m,"IJA, El Paso, Texas",Neil Jordan,M,0,0:00:16.78,?,IJA Database,,,16,24
30/07/2016,2016,3b 400m,"IJA, El Paso, Texas",Neil Jordan,M,0,0:01:28.10,?,IJA Database,,,88,0
30/07/2016,2016,3b 800m,"IJA, El Paso, Texas",Neil Jordan,M,0,0:03:20.70,?,IJA Database,,,200,0
30/07/2016,2016,3b Mile,"IJA, El Paso, Texas",Neil Jordan,M,0,0:07:24.00,?,IJA Database,,,444,0
30/07/2016,2016,3b 100m,"IJA, El Paso, Texas",Nicolas Souren,M,0,0:00:14.97,?,IJA Database,,,14,221
30/07/2016,2016,5b 100m,"IJA, El Paso, Texas",Nicolas Souren,M,0,0:00:27.09,?,IJA Database,,,27,0
30/07/2016,2016,3b 400m,"IJA, El Paso, Texas",Nicolas Souren,M,0,0:01:16.20,?,IJA Database,,,76,9
30/07/2016,2016,5b 400m,"IJA, El Paso, Texas",Nicolas Souren,M,0,0:02:42.30,?,IJA Database,,,162,0
30/07/2016,2016,7b 100m,"IJA, El Paso, Texas",Nicolas Souren,M,0,0:02:53.00,?,IJA Database,,,173,0
30/07/2016,2016,3b 800m,"IJA, El Paso, Texas",Nicolas Souren,M,0,0:03:04.80,?,IJA Database,,,184,0
30/07/2016,2016,3b Mile,"IJA, El Paso, Texas",Nicolas Souren,M,0,0:06:47.00,?,IJA Database,,,407,2
30/07/2016,2016,5b 100m,"IJA, El Paso, Texas",Robert D'Amours,M,0,0:01:04.80,?,IJA Database,,,64,0
30/07/2016,2016,3b 100m,"IJA, El Paso, Texas",Teresa Rochester,F,0,0:01:23.80,?,IJA Database,,,83,0
30/07/2016,2016,3b 400m,"IJA, El Paso, Texas",Teresa Rochester,F,0,0:05:02.80,?,IJA Database,,,302,0
05/06/2016,2016,3b Ultra (35m),Shires and Spires Ultra,Tim Butler,M,GBR,7:12:33.00,?,Marathon #8: https://www.joggling.co.uk/Marathon-List,,,25953,0
04/06/2016,2016,3b 10km,"Moon in June, Burlington, Ontario",Gabrielle Foran,F,CAN,0:40:06.00,?,http://www.recordholders.org/en/list/joggling.html,,,2406,763
29/05/2016,2016,3b Marathon,"Winterthur Marathon, Switzerland",Daniel Raum,M,AUT,3:20:45.00,?,https://www.alphafoto.com/images.php?runID=752&sn=81       https://www.datasport.com/live/startlist/?racenr=21167,,,12045,241
21/05/2016,2016,3b 5km,Blue Nose 5km,Graydon Snider,M,CAN,0:17:42.00,?,https://www.sportstats.ca/display-results.xhtml?raceid=29483,,,1062,396
21/05/2016,2016,3b Half Marathon,Fargo Half Marathon,Ivan Schleppenbach,M,USA,1:40:45.00,?,https://www.mtecresults.com/runner/show?race=4076&rid=6133,,,6045,96
21/05/2016,2016,3b 5km,Blue Nose 5km,Michael-Lucien Bergeron,M,CAN,0:18:55.00,?,https://www.sportstats.ca/display-results.xhtml?raceid=29483,,,1135,258
30/04/2016,2016,3b Half Marathon,"St. Jude Rock 'n Roll Half Marathon, Nashville TN",David Quint,M,USA,2:29:32.00,?,https://www.lrn.usace.army.mil/Media/News-Stories/Article/777903/employee-juggles-adversity-while-gaining-notoriety-for-charity/,,,8972,0
24/04/2016,2016,3b Marathon,"Zurich Marathon, Switzerland",Daniel Raum,M,AUT,3:37:17.00,?,https://services.datasport.com/2016/lauf/zuerich/alfar.htm,,,13037,125
24/04/2016,2022,3b Marathon,London Marathon,Jack Hirschowitz,M,USA,4:41:17.00,?,content=detail&fpid=search&pid=search&idp=9999990F5ECC8300001A43AB&lang=EN_CAP&event=MAS&search%5Bname%5D=hirscho&search%5Bsex%5D=%25&search%5Bnation%5D=%25&search_sort=name&search_event=MAS    https://www.marathonfoto.com/Proofs?PIN=G9W113&LastName=HIRSCHOWITZrathonFoto - Virgin Money London Marathon 2016 - My Photos: JACK HIRSCHOWITZ,,,16877,0
08/11/2015,2015,3b Marathon,Naperville Marathon,Perry Romanowski,M,USA,3:44:46.00,?,,,,13486,85
01/11/2015,2015,3b Marathon,New York City Marathon,Barry Goldmeier,M,USA,5:58:38.00,?,https://www.runnersworld.com/news/a20856270/runner-dresses-as-tom-brady-at-nyc-marathon-juggles-deflated-footballs/,,,21518,0
18/10/2015,2015,3b Marathon,"Yonkers Marathon, New York",Chris Pert,M,USA,4:10:03.00,0,https://marathonview.net/search?query=christopher%20pert,,,15003,6
18/10/2015,2015,3b Half Marathon,IMT Des Moines Half Marathon,Tyler Wishau,M,USA,1:25:10.00,?,https://www.onlineraceresults.com/race/view_race.php?race_id=48212&re_NO=e.g.%2C+1946&re_FN=tyler&re_LN=e.g.%2C+Desch&re_CITY=&re_STATE=&re_DIVISION=&submit_action=select_result&race_id=48212#results,,,5110,372
11/10/2015,2015,3b Marathon,Chicago Marathon,Perry Romanowski,M,USA,3:38:54.00,?,https://chicago-history.r.mikatiming.com/2021/?pid=search,,,13134,116
27/09/2015,2015,3b Marathon,Warsaw Marathon,Mirek Urban,M,POL,4:26:03.00,?,https://nnmaratonwarszawski.com/en/aktualnosci/official-results/ https://www.joggling.pl/polskie-rekordy-i-wyniki/pozostae-polskie-wyniki-w.html,,,15963,0
20/09/2015,2015,3b Marathon,"Seenlandmarathon, Pleinfeld, Germany",Daniel Raum,M,AUT,3:39:56.00,?,https://seenlandmarathon2015.racepedia.de/ergebnisse/591,,,13196,110
06/09/2015,2015,3b 30km,"VanRace 30k, Vancouver",Michael-Lucien Bergeron,M,CAN,2:17:32.00,40,https://www.facebook.com/thejogglersbusker/videos/724507097694511/?app=fbl,,,8252,0
25/07/2015,2015,3b 100m,"IJA, Quebec",Adam Eckman,M,0,0:00:26.99,?,IJA Database,,,26,0
25/07/2015,2015,3b 400m,"IJA, Quebec",Adam Eckman,M,0,0:01:56.50,?,IJA Database,,,116,0
25/07/2015,2015,3b 100m,"IJA, Quebec",Alda Moettus,F,0,0:00:56.99,?,IJA Database,,,56,0
25/07/2015,1992,3b Mile,"IJA, Quebec",Andrea Goranson,F,0,0:10:56.56,?,http://www.juggling.org/orgs/ija/champs.txt,,,656,0
25/07/2015,1992,3b 100m,"IJA, Quebec",Barry Goldmeier,M,USA,0:00:13.39,?,http://www.juggling.org/orgs/ija/champs.txt,,,13,394
25/07/2015,1992,3b 400m,"IJA, Quebec",Barry Goldmeier,M,USA,0:01:06.20,?,http://www.juggling.org/orgs/ija/champs.txt,,,66,172
25/07/2015,2015,3b 100m,"IJA, Quebec",Ben Fry,M,0,0:00:21.13,?,IJA Database,,,21,0
25/07/2015,2015,5b 100m,"IJA, Quebec",Ben Fry,M,0,0:00:52.13,?,IJA Database,,,52,0
25/07/2015,2015,3b 400m,"IJA, Quebec",Ben Fry,M,0,0:01:05.00,?,IJA Database,,,65,200
25/07/2015,2015,3b 800m,"IJA, Quebec",Ben Fry,M,0,0:02:35.90,?,IJA Database,,,155,144
25/07/2015,2015,3b 1600m,"IJA, Quebec",Ben Fry,M,0,0:05:33.00,?,IJA Database,,,333,0
25/07/2015,1992,3b 4x400m,"IJA, Quebec","Ben Hout, Daniel Hout, Joseph Hout, Nicholas Tackis",M,0,0:08:37.41,?,http://www.juggling.org/orgs/ija/champs.txt,,,517,0
25/07/2015,1992,3b 400m,"IJA, Quebec",Ben Schoenberg,M,0,0:01:07.21,?,http://www.juggling.org/orgs/ija/champs.txt,,,67,147
25/07/2015,1992,3b 5km,"IJA, Quebec",Ben Schoenberg,M,0,0:19:48.04,?,http://www.juggling.org/orgs/ija/champs.txt,,,1188,176
25/07/2015,2015,3b 100m,"IJA, Quebec",Ben Thompson,M,0,0:00:14.41,?,IJA Database,,,14,221
25/07/2015,2015,5b 100m,"IJA, Quebec",Ben Thompson,M,0,0:00:27.62,?,IJA Database,,,27,0
25/07/2015,2015,5b 400m,"IJA, Quebec",Ben Thompson,M,0,0:01:44.30,?,IJA Database,,,104,0
25/07/2015,2015,3b 100m,"IJA, Quebec",Bennett Santora,M,0,0:00:21.99,?,IJA Database,,,21,0
25/07/2015,2015,5b 100m,"IJA, Quebec",Bennett Santora,M,0,0:00:50.78,?,IJA Database,,,50,0
25/07/2015,2015,3b 400m,"IJA, Quebec",Bennett Santora,M,0,0:02:01.00,?,IJA Database,,,121,0
25/07/2015,2015,5b 400m,"IJA, Quebec",Bennett Santora,M,0,0:04:01.30,?,IJA Database,,,241,0
25/07/2015,2015,7b 100m,"IJA, Quebec",Bennett Santora,M,0,0:04:06.80,?,IJA Database,,,246,0
25/07/2015,2015,3b 800m,"IJA, Quebec",Bennett Santora,M,0,0:04:24.00,?,IJA Database,,,264,0
25/07/2015,2015,3b 100m,"IJA, Quebec",Brendan McGreal,M,0,0:00:19.69,?,IJA Database,,,19,0
25/07/2015,2015,3b 100m,"IJA, Quebec",Bryan Nguyen,M,0,0:00:19.70,?,IJA Database,,,19,0
25/07/2015,2015,5b 100m,"IJA, Quebec",Bryan Nguyen,M,0,0:00:39.59,?,IJA Database,,,39,0
25/07/2015,2015,5b 400m,"IJA, Quebec",Bryan Nguyen,M,0,0:03:50.50,?,IJA Database,,,230,0
25/07/2015,2015,3b 100m,"IJA, Quebec",Bryce Polito,M,0,0:00:22.99,?,IJA Database,,,22,0
25/07/2015,2015,5b 100m,"IJA, Quebec",Bryce Polito,M,0,0:02:14.20,?,IJA Database,,,134,0
25/07/2015,2015,3b 1600m,"IJA, Quebec",Bryce Polito,M,0,0:08:38.00,?,IJA Database,,,518,0
25/07/2015,1992,3b 100m,"IJA, Quebec",Cam Fleming,M,0,0:00:17.21,?,http://www.juggling.org/orgs/ija/champs.txt,,,17,0
25/07/2015,1992,5b 100m,"IJA, Quebec",Cam Fleming,M,0,0:00:42.27,?,http://www.juggling.org/orgs/ija/champs.txt,,,42,0
25/07/2015,2015,3b 100m,"IJA, Quebec",Christopher van Hoomissen,M,0,0:00:13.99,?,IJA Database,,,13,394
25/07/2015,2015,5b 100m,"IJA, Quebec",Christopher van Hoomissen,M,0,0:00:42.63,?,IJA Database,,,42,0
25/07/2015,2015,7b 100m,"IJA, Quebec",Christopher van Hoomissen,M,0,0:02:13.70,?,IJA Database,,,133,0
25/07/2015,1992,3b 100m,"IJA, Quebec",Cindy Hout,F,0,0:00:29.53,?,http://www.juggling.org/orgs/ija/champs.txt,,,29,0
25/07/2015,2015,5b 100m,"IJA, Quebec",Cole Dunbar,M,0,0:00:42.88,?,IJA Database,,,42,0
25/07/2015,2015,3b 400m,"IJA, Quebec",Cole Dunbar,M,0,0:01:10.10,?,IJA Database,,,70,82
25/07/2015,2015,3b 1600m,"IJA, Quebec",Cole Dunbar,M,0,0:06:40.00,?,IJA Database,,,400,0
25/07/2015,2015,3b 4x100m,"IJA, Quebec","Cole Dunbar, Max Schlech, Nick DeBoom, Chris van Hoomissen",M,0,0:01:09.20,?,IJA Database,,,69,0
25/07/2015,1992,3b 100m,"IJA, Quebec",Daniel Hout,M,0,0:00:19.52,?,http://www.juggling.org/orgs/ija/champs.txt,,,19,0
25/07/2015,2015,3b 100m,"IJA, Quebec",Daniel Raum,M,AUT,0:00:17.03,?,IJA Database,,,17,0
25/07/2015,2015,3b 400m,"IJA, Quebec",Daniel Raum,M,AUT,0:01:15.10,?,IJA Database,,,75,16
25/07/2015,2015,3b 800m,"IJA, Quebec",Daniel Raum,M,AUT,0:02:42.80,?,IJA Database,,,162,79
25/07/2015,2015,3b 1600m,"IJA, Quebec",Daniel Raum,M,AUT,0:05:44.00,?,IJA Database,,,344,0
25/07/2015,2015,3b 100m,"IJA, Quebec",Daniel Van Hoomissen,M,0,0:00:19.99,?,IJA Database,,,19,0
25/07/2015,2015,5b 100m,"IJA, Quebec",Daniel Van Hoomissen,M,0,0:00:56.94,?,IJA Database,,,56,0
25/07/2015,2015,3b 400m,"IJA, Quebec",Daniel Van Hoomissen,M,0,0:01:21.90,?,IJA Database,,,81,0
25/07/2015,2015,7b 100m,"IJA, Quebec",Daniel van Hoomissen,M,0,0:03:20.30,?,IJA Database,,,200,0
25/07/2015,2015,3b 800m,"IJA, Quebec",Daniel Van Hoomissen,M,0,0:03:21.60,?,IJA Database,,,201,0
25/07/2015,2015,5b 400m,"IJA, Quebec",Daniel Van Hoomissen,M,0,0:03:43.60,?,IJA Database,,,223,0
25/07/2015,2015,5b 100m,"IJA, Quebec",Delaney Bayles,F,USA,0:00:37.50,?,IJA Database,,,37,0
25/07/2015,2015,7b 100m,"IJA, Quebec",Delaney Bayles,F,USA,0:01:56.50,?,IJA Database,,,116,0
25/07/2015,2015,5b 400m,"IJA, Quebec",Delaney Bayles,F,USA,0:03:33.70,?,IJA Database,,,213,0
25/07/2015,2015,3b 100m,"IJA, Quebec",Derek Holm,M,0,0:00:14.56,?,IJA Database,,,14,221
25/07/2015,2015,3b 100m,"IJA, Quebec",Dominic DiMarro,M,0,0:00:30.99,?,IJA Database,,,30,0
25/07/2015,2015,3b 4x100m,"IJA, Quebec","Dominic DiMarro, Seamus Whitford, Brendan McGreal, Bryce Polito",M,0,0:01:52.30,?,IJA Database,,,112,0
25/07/2015,2015,3b 100m,"IJA, Quebec",Ely Doan,M,0,0:00:19.99,?,IJA Database,,,19,0
25/07/2015,2015,3b 400m,"IJA, Quebec",Ely Doan,M,0,0:01:19.80,?,IJA Database,,,79,0
25/07/2015,2015,3b 1600m,"IJA, Quebec",Ely Doan,M,0,0:06:28.00,?,IJA Database,,,388,0
25/07/2015,2015,3b 400m,"IJA, Quebec",Eric Gunther,M,0,0:01:16.60,?,IJA Database,,,76,9
25/07/2015,2015,3b 1600m,"IJA, Quebec",Eric Gunther,M,0,0:07:12.00,?,IJA Database,,,432,0
25/07/2015,2015,3b 4x100m,"IJA, Quebec","Eric Gunther, Daniel Raum, Ben Fry, Michael Bergeron",M,0,0:01:04.00,?,IJA Database,,,64,37
25/07/2015,2015,3b 100m,"IJA, Quebec",Eric Reinhart,M,0,0:00:14.99,?,IJA Database,,,14,221
25/07/2015,2015,5b 100m,"IJA, Quebec",Eric Reinhart,M,0,0:00:54.03,?,IJA Database,,,54,0
25/07/2015,2015,3b 800m,"IJA, Quebec",Eric Reinhart,M,0,0:03:33.10,?,IJA Database,,,213,0
25/07/2015,2015,3b 100m,"IJA, Quebec",Gabrielle Foran,F,CAN,0:00:17.99,?,IJA Database,,,17,248
25/07/2015,2015,3b 400m,"IJA, Quebec",Gabrielle Foran,F,CAN,0:01:15.50,?,IJA Database,,,75,410
25/07/2015,2015,3b 800m,"IJA, Quebec",Gabrielle Foran,F,CAN,0:02:39.70,?,IJA Database,,,159,569
25/07/2015,2015,3b 1600m,"IJA, Quebec",Gabrielle Foran,F,CAN,0:05:25.00,?,IJA Database,,,325,0
25/07/2015,2015,3b 100m,"IJA, Quebec",Gerry Daher,M,0,0:00:29.99,?,IJA Database,,,29,0
25/07/2015,2015,3b 400m,"IJA, Quebec",Gerry Daher,M,0,0:01:44.00,?,IJA Database,,,104,0
25/07/2015,2015,3b 100m,"IJA, Quebec",Ian O'Donnell,M,0,0:00:16.59,?,IJA Database,,,16,24
25/07/2015,2015,3b 4x100m,"IJA, Quebec","Ian O'Donnell, Gerry Daher, Nick Showman, Adam Eckman",M,0,0:01:45.50,?,IJA Database,,,105,0
25/07/2015,2015,3b 100m,"IJA, Quebec",Jack Hirschowitz,M,USA,0:00:21.99,?,IJA Database,,,21,0
25/07/2015,2015,3b 400m,"IJA, Quebec",Jack Hirschowitz,M,USA,0:01:34.30,?,IJA Database,,,94,0
25/07/2015,2015,3b 800m,"IJA, Quebec",Jack Hirschowitz,M,USA,0:03:40.00,?,IJA Database,,,220,0
25/07/2015,2015,3b 1600m,"IJA, Quebec",Jack Hirschowitz,M,USA,0:07:40.00,?,IJA Database,,,460,0
25/07/2015,1992,3b 100m,"IJA, Quebec",Jamie Cordes,M,0,0:00:21.20,?,http://www.juggling.org/orgs/ija/champs.txt,,,21,0
25/07/2015,1992,3b 100m,"IJA, Quebec",Jay Casper,M,0,0:00:16.19,?,http://www.juggling.org/orgs/ija/champs.txt,,,16,24
25/07/2015,2015,3b 100m,"IJA, Quebec",Jean-Guy Beaudry,M,CAN,0:00:17.99,?,IJA Database,,,17,0
25/07/2015,2015,3b 400m,"IJA, Quebec",Jean-Guy Beaudry,M,CAN,0:01:28.70,?,IJA Database,,,88,0
25/07/2015,2015,3b 800m,"IJA, Quebec",Jean-Guy Beaudry,M,CAN,0:03:39.10,?,IJA Database,,,219,0
25/07/2015,2015,3b 1600m,"IJA, Quebec",Jean-Guy Beaudry,M,CAN,0:07:43.00,?,IJA Database,,,463,0
25/07/2015,2015,3b 1600m,"IJA, Quebec",Jeri Kalvan,F,0,0:08:25.00,?,IJA Database,,,505,0
25/07/2015,1992,3b 100m,"IJA, Quebec",Joanne Dintzis,F,0,0:00:29.07,?,http://www.juggling.org/orgs/ija/champs.txt,,,29,0
25/07/2015,1992,3b 100m,"IJA, Quebec",Joanne Swaim,F,0,0:00:18.87,?,http://www.juggling.org/orgs/ija/champs.txt,,,18,158
25/07/2015,1992,3b 100m,"IJA, Quebec",Joanne Swaim,F,0,0:00:18.91,?,http://www.juggling.org/orgs/ija/champs.txt,,,18,158
25/07/2015,1992,3b 400m,"IJA, Quebec",Joanne Swaim,F,0,0:01:46.83,?,http://www.juggling.org/orgs/ija/champs.txt,,,106,5
25/07/2015,1992,3b 100m,"IJA, Quebec",Joe Lyons,M,0,0:00:14.52,?,http://www.juggling.org/orgs/ija/champs.txt,,,14,221
25/07/2015,1992,3b Mile,"IJA, Quebec",Joe Lyons,M,0,0:06:13.66,?,http://www.juggling.org/orgs/ija/champs.txt,,,373,61
25/07/2015,1992,3b 100m,"IJA, Quebec",Johan DuHoffman,M,0,0:00:20.16,?,http://www.juggling.org/orgs/ija/champs.txt,,,20,0
25/07/2015,2015,3b 100m,"IJA, Quebec",Jonah Botinick-Greenhouse,M,USA,0:00:16.58,?,IJA Database,,,16,24
25/07/2015,2015,5b 100m,"IJA, Quebec",Jonah Botinick-Greenhouse,M,USA,0:00:28.31,?,IJA Database,,,28,0
25/07/2015,2015,7b 100m,"IJA, Quebec",Jonah Botinick-Greenhouse,M,USA,0:01:43.40,?,IJA Database,,,103,0
25/07/2015,1992,3b 400m,"IJA, Quebec",Kathy Glynn,F,USA,0:01:30.43,?,http://www.juggling.org/orgs/ija/champs.txt,,,90,134
25/07/2015,1992,3b 4x400m,"IJA, Quebec","Kathy Glynn, Laura Green, Joanne Swaim, Laurie Young",F,0,0:07:08.48,?,http://www.juggling.org/orgs/ija/champs.txt,,,428,42
25/07/2015,2015,3b 100m,"IJA, Quebec",Katie Burgess,F,0,0:00:18.99,?,IJA Database,,,18,158
25/07/2015,2015,3b 400m,"IJA, Quebec",Katie Burgess,F,0,0:01:23.80,?,IJA Database,,,83,244
25/07/2015,2015,3b 800m,"IJA, Quebec",Katie Burgess,F,0,0:03:20.00,?,IJA Database,,,200,172
25/07/2015,2015,3b 1600m,"IJA, Quebec",Katie Burgess,F,0,0:06:31.00,?,IJA Database,,,391,0
25/07/2015,1992,3b Mile,"IJA, Quebec",Kay Caskey,F,0,0:08:45.11,?,http://www.juggling.org/orgs/ija/champs.txt,,,525,35
25/07/2015,2015,3b 100m,"IJA, Quebec",Kyle Hahn,M,0,0:00:18.99,?,IJA Database,,,18,0
25/07/2015,2015,3b 400m,"IJA, Quebec",Kyle Hahn,M,0,0:01:28.30,?,IJA Database,,,88,0
25/07/2015,2015,3b 1600m,"IJA, Quebec",Kyle Hahn,M,0,0:07:42.00,?,IJA Database,,,462,0
25/07/2015,1992,3b 400m,"IJA, Quebec",Laura Green,F,0,0:01:48.61,?,http://www.juggling.org/orgs/ija/champs.txt,,,108,1
25/07/2015,2015,3b 100m,"IJA, Quebec",Laura Schroeder,F,0,0:00:20.99,?,IJA Database,,,20,39
25/07/2015,2015,3b 400m,"IJA, Quebec",Laura Schroeder,F,0,0:01:37.70,?,IJA Database,,,97,56
25/07/2015,2015,5b 100m,"IJA, Quebec",Laura Schroeder,F,0,0:01:45.70,?,IJA Database,,,105,0
25/07/2015,2015,3b 800m,"IJA, Quebec",Laura Schroeder,F,0,0:04:18.00,?,IJA Database,,,258,0
25/07/2015,1992,3b 5km,"IJA, Quebec",Laurie Young,F,0,0:27:42.04,?,http://www.juggling.org/orgs/ija/champs.txt,,,1662,155
25/07/2015,2015,3b 100m,"IJA, Quebec",Maddie Rodbourne,F,0,0:00:22.99,?,IJA Database,,,22,0
25/07/2015,2015,5b 100m,"IJA, Quebec",Maddie Rodbourne,F,0,0:01:00.70,?,IJA Database,,,60,0
25/07/2015,2015,7b 100m,"IJA, Quebec",Maddie Rodbourne,F,0,0:03:13.80,?,IJA Database,,,193,0
25/07/2015,2015,5b 400m,"IJA, Quebec",Maddie Rodbourne,F,0,0:04:30.80,?,IJA Database,,,270,0
25/07/2015,2015,3b 100m,"IJA, Quebec",Mark Fiore,M,USA,0:00:13.85,?,IJA Database,,,13,394
25/07/2015,2015,5b 100m,"IJA, Quebec",Mark Fiore,M,USA,0:00:26.03,?,IJA Database,,,26,0
25/07/2015,2015,3b 400m,"IJA, Quebec",Mark Fiore,M,USA,0:01:02.70,?,IJA Database,,,62,295
25/07/2015,2015,3b 1600m,"IJA, Quebec",Mark Fiore,M,USA,0:05:53.00,?,IJA Database,,,353,0
25/07/2015,2015,3b 100m,"IJA, Quebec",Mark Furniss,M,0,0:00:19.16,?,IJA Database,,,19,0
25/07/2015,2015,5b 100m,"IJA, Quebec",Mark Furniss,M,0,0:01:00.00,?,IJA Database,,,60,0
25/07/2015,2015,3b 400m,"IJA, Quebec",Mark Furniss,M,0,0:01:22.50,?,IJA Database,,,82,0
25/07/2015,2015,3b 1600m,"IJA, Quebec",Mark Furniss,M,0,0:06:54.00,?,IJA Database,,,414,0
25/07/2015,1992,5b 100m,"IJA, Quebec",Marlin Ballard,M,0,0:00:32.66,?,http://www.juggling.org/orgs/ija/champs.txt,,,32,0
25/07/2015,2015,3b 100m,"IJA, Quebec",Mary Geeves,F,0,0:00:57.97,?,IJA Database,,,57,0
25/07/2015,2015,3b 800m,"IJA, Quebec",Mary Geeves,F,0,0:09:57.50,?,IJA Database,,,597,0
25/07/2015,2015,3b 100m,"IJA, Quebec",Matan Presberg,M,USA,0:00:13.16,?,IJA Database,,,13,394
25/07/2015,2015,5b 100m,"IJA, Quebec",Matan Presberg,M,USA,0:00:24.87,?,IJA Database,,,24,0
25/07/2015,2015,7b 100m,"IJA, Quebec",Matan Presberg,M,USA,0:01:05.10,?,IJA Database,,,65,0
25/07/2015,2015,5b 400m,"IJA, Quebec",Matan Presberg,M,USA,0:01:57.00,?,IJA Database,,,117,0
25/07/2015,2015,3b 100m,"IJA, Quebec",Max Schlech,M,0,0:00:16.58,?,IJA Database,,,16,24
25/07/2015,2015,5b 100m,"IJA, Quebec",Max Schlech,M,0,0:00:52.37,?,IJA Database,,,52,0
25/07/2015,1992,3b 100m,"IJA, Quebec",Michael Nance,M,0,0:00:14.64,?,http://www.juggling.org/orgs/ija/champs.txt,,,14,221
25/07/2015,2015,3b 100m,"IJA, Quebec",Michael-Lucien Bergeron,M,CAN,0:00:13.57,?,IJA Database,,,13,394
25/07/2015,2015,3b 400m,"IJA, Quebec",Michael-Lucien Bergeron,M,CAN,0:01:01.90,?,IJA Database,,,61,330
25/07/2015,2015,3b 800m,"IJA, Quebec",Michael-Lucien Bergeron,M,CAN,0:02:21.80,?,IJA Database,,,141,332
25/07/2015,2015,3b 1600m,"IJA, Quebec",Michael-Lucien Bergeron,M,CAN,0:05:13.00,?,IJA Database,,,313,0
25/07/2015,1992,3b 100m,"IJA, Quebec",Mike Hout,M,USA,0:00:13.42,?,http://www.juggling.org/orgs/ija/champs.txt,,,13,394
25/07/2015,1992,3b 4x400m,"IJA, Quebec","Mike Hout, Michael Nance, Eric Norby, Paul Williamson",M,0,0:04:53.56,?,http://www.juggling.org/orgs/ija/champs.txt,,,293,84
25/07/2015,2015,3b 100m,"IJA, Quebec",Mike Moore,M,USA,0:00:25.88,?,IJA Database,,,25,0
25/07/2015,2015,5b 100m,"IJA, Quebec",Mike Moore,M,USA,0:00:38.45,?,IJA Database,,,38,0
25/07/2015,2015,3b 400m,"IJA, Quebec",Mike Moore,M,USA,0:01:13.60,?,IJA Database,,,73,36
25/07/2015,2015,3b 800m,"IJA, Quebec",Mike Moore,M,USA,0:03:12.20,?,IJA Database,,,192,0
25/07/2015,2015,3b 1600m,"IJA, Quebec",Mike Moore,M,USA,0:06:20.00,?,IJA Database,,,380,0
25/07/2015,2015,3b 100m,"IJA, Quebec",Nathan Wakefield,M,0,0:00:21.00,?,IJA Database,,,21,0
25/07/2015,2015,3b 400m,"IJA, Quebec",Nathan Wakefield,M,0,0:01:29.30,?,IJA Database,,,89,0
25/07/2015,2015,3b 800m,"IJA, Quebec",Nathan Wakefield,M,0,0:03:26.80,?,IJA Database,,,206,0
25/07/2015,2015,3b 1600m,"IJA, Quebec",Nathan Wakefield,M,0,0:07:25.00,?,IJA Database,,,445,0
25/07/2015,1992,3b 100m,"IJA, Quebec",Nicholas Tackis,M,0,0:00:21.19,?,http://www.juggling.org/orgs/ija/champs.txt,,,21,0
25/07/2015,2015,3b 100m,"IJA, Quebec",Nick Deboom,M,0,0:00:19.99,?,IJA Database,,,19,0
25/07/2015,2015,5b 100m,"IJA, Quebec",Nick Deboom,M,0,0:01:21.90,?,IJA Database,,,81,0
25/07/2015,2015,3b 100m,"IJA, Quebec",Nick Showman,M,0,0:00:24.99,?,IJA Database,,,24,0
25/07/2015,2015,3b 400m,"IJA, Quebec",Nick Showman,M,0,0:01:56.40,?,IJA Database,,,116,0
25/07/2015,2015,3b 100m,"IJA, Quebec",Nick Thomas,M,0,0:00:15.75,?,IJA Database,,,15,98
25/07/2015,2015,5b 100m,"IJA, Quebec",Nick Thomas,M,0,0:00:24.71,?,IJA Database,,,24,0
25/07/2015,2015,7b 100m,"IJA, Quebec",Nick Thomas,M,0,0:01:02.50,?,IJA Database,,,62,0
25/07/2015,2015,5b 400m,"IJA, Quebec",Nick Thomas,M,0,0:02:17.40,?,IJA Database,,,137,0
25/07/2015,2015,3b 4x100m,"IJA, Quebec","Nick Thomas, Mark Furniss, Ben Thompson, Mark Fiore",M,0,0:01:10.50,?,IJA Database,,,70,0
25/07/2015,2015,5b 100m,"IJA, Quebec",Patrick Russell,M,0,0:02:17.30,?,IJA Database,,,137,0
25/07/2015,1992,3b 4x400m,"IJA, Quebec","Paul Ballard, Richard Courter, Mark Fontaine, Barry Goldmeier",M,0,0:05:00.66,?,http://www.juggling.org/orgs/ija/champs.txt,,,300,58
25/07/2015,1992,3b 100m,"IJA, Quebec",Paul Williamson,M,0,0:00:20.07,?,http://www.juggling.org/orgs/ija/champs.txt,,,20,0
25/07/2015,2015,3b 100m,"IJA, Quebec",Peter Hedberg,M,0,0:00:18.99,?,IJA Database,,,18,0
25/07/2015,2015,3b 400m,"IJA, Quebec",Peter Hedberg,M,0,0:01:32.90,?,IJA Database,,,92,0
25/07/2015,2015,3b 1600m,"IJA, Quebec",Peter Hedberg,M,0,0:07:29.00,?,IJA Database,,,449,0
25/07/2015,2015,3b 4x100m,"IJA, Quebec","Peter Hedberg, Jack Hirschowitz, Jean-Guy Beaudry, Gabrielle Foran",M,0,0:01:23.00,?,IJA Database,,,83,0
25/07/2015,2015,3b 100m,"IJA, Quebec",Peter Holmquist,M,0,0:00:15.99,?,IJA Database,,,15,98
25/07/2015,2015,3b 400m,"IJA, Quebec",Peter Holmquist,M,0,0:01:33.60,?,IJA Database,,,93,0
25/07/2015,2015,3b 4x100m,"IJA, Quebec","Peter Holmquist, Patrick Russell, Bennett Santora, Mike Moore",M,0,0:01:19.70,?,IJA Database,,,79,0
25/07/2015,1992,3b 400m,"IJA, Quebec",Richard Courter,M,0,0:01:09.51,?,http://www.juggling.org/orgs/ija/champs.txt,,,69,102
25/07/2015,2015,3b 100m,"IJA, Quebec",Riga Moettus,F,USA,0:00:19.99,?,IJA Database,,,19,89
25/07/2015,2015,5b 100m,"IJA, Quebec",Riga Moettus,F,USA,0:01:00.20,?,IJA Database,,,60,0
25/07/2015,2015,3b 400m,"IJA, Quebec",Riga Moettus,F,USA,0:01:42.50,?,IJA Database,,,102,21
25/07/2015,2015,3b 4x100m,"IJA, Quebec","Riga Moettus, Alda Moettus, Mary Geeves, Laura Schroeder",F,0,0:02:28.90,?,IJA Database,,,148,0
25/07/2015,1992,3b Mile,"IJA, Quebec",Robin Chestnut,M,0,0:05:54.29,?,http://www.juggling.org/orgs/ija/champs.txt,,,354,130
25/07/2015,1992,3b 4x400m,"IJA, Quebec","Robin Chestnut, Troy Fitzgerald, Bob Hartman, Sean McKinney",M,0,0:05:01.85,?,http://www.juggling.org/orgs/ija/champs.txt,,,301,54
25/07/2015,1992,3b 5km,"IJA, Quebec",Roni Lynn,F,0,0:32:48.00,?,http://www.juggling.org/orgs/ija/champs.txt,,,1968,14
25/07/2015,2015,3b 400m,"IJA, Quebec",Ryan Gerrity,M,0,0:01:16.60,?,IJA Database,,,76,9
25/07/2015,2015,3b 800m,"IJA, Quebec",Ryan Gerrity,M,0,0:03:07.00,?,IJA Database,,,187,0
25/07/2015,2015,3b 1600m,"IJA, Quebec",Ryan Gerrity,M,0,0:06:47.00,?,IJA Database,,,407,0
25/07/2015,2015,3b 4x100m,"IJA, Quebec","Ryan Gerrity, Kyle Hahn, Bryan Nguyen, Eric Reinhart",M,0,0:01:22.20,?,IJA Database,,,82,0
25/07/2015,1992,3b 5km,"IJA, Quebec",Sam Wildofsky,M,0,0:20:25.78,?,http://www.juggling.org/orgs/ija/champs.txt,,,1225,128
25/07/2015,2015,5b 100m,"IJA, Quebec",Sarah Earl,F,0,0:01:00.40,?,IJA Database,,,60,0
25/07/2015,2015,3b 800m,"IJA, Quebec",Sarah Earl,F,0,0:03:20.90,?,IJA Database,,,200,172
25/07/2015,2015,3b 1600m,"IJA, Quebec",Sarah Earl,F,0,0:07:06.00,?,IJA Database,,,426,0
25/07/2015,2015,3b 100m,"IJA, Quebec",Seamus Whitford,M,0,0:00:27.99,?,IJA Database,,,27,0
25/07/2015,1992,3b Mile,"IJA, Quebec",Troy Fitzgerald,M,0,0:05:30.09,?,http://www.juggling.org/orgs/ija/champs.txt,,,330,253
25/07/2015,1992,3b 5km,"IJA, Quebec",Troy Fitzgerald,M,0,0:20:00.77,?,http://www.juggling.org/orgs/ija/champs.txt,,,1200,160
05/07/2015,2015,3b 5km,Guelph 5km,Ben Sayles,M,0,0:20:40.00,?,https://sites.google.com/site/guelph5kjoggling/results,,,1240,111
05/07/2015,2015,3b 5km,Guelph 5km,Cameron Edmunds,M,0,0:26:27.00,?,https://sites.google.com/site/guelph5kjoggling/results,,,1587,0
05/07/2015,2015,3b 5km,Guelph 5km,Ely Doan,M,0,0:23:52.00,?,https://sites.google.com/site/guelph5kjoggling/results,,,1432,0
05/07/2015,2015,3b 5km,Guelph 5km,Gabrielle Foran,F,CAN,0:18:12.00,?,https://sites.google.com/site/guelph5kjoggling/results,,,1092,820
05/07/2015,2015,3b 5km,Guelph 5km,Greg Philips,M,0,0:26:12.00,?,https://sites.google.com/site/guelph5kjoggling/results,,,1572,0
05/07/2015,2015,3b 5km,Guelph 5km,Mike Moore,M,USA,0:23:30.00,?,https://sites.google.com/site/guelph5kjoggling/results,,,1410,2
05/07/2015,2015,3b 5km,Guelph 5km,Randy Papple,M,CAN,0:24:27.00,?,https://sites.google.com/site/guelph5kjoggling/results,,,1467,0
31/05/2015,2015,3b Marathon,"Winterthur Marathon, Switzerland",Daniel Raum,M,AUT,3:50:07.00,?,https://www.alphafoto.com/images.php?runID=637&sn=188        https://www.datasport.com/live/startlist/?racenr=21167,,,13807,61
26/05/2015,2015,3b 800m,Time Trial,Jannik Weiss,M,DEU,0:02:09.29,0,https://www.youtube.com/watch?v=-29JenoyYgg,,,129,556
17/05/2015,2015,3b Half Marathon,"Blue Nose Half Marathon, Halifax, Nova Scotia",Michael-Lucien Bergeron,M,CAN,1:28:28.00,?,https://www.sportstats.ca/display-results.xhtml?raceid=25949&status=results&lastname=Bergeron    https://www.facebook.com/664250217053533/posts/pfbid02AgUtA5gMLKM8xnTKednYBmKC4xshKLLrVbZs8PcD2xoLobwPAifzwaotF4kj43N2l/?app=fbl,,,5308,298
09/05/2015,2015,3b Half Marathon,Fargo Half Marathon,Ivan Schleppenbach,M,USA,1:37:59.00,?,https://www.mtecresults.com/runner/show?race=3013&rid=6623,,,5879,132
25/04/2015,2015,3b Half Marathon,"St. Jude Country Music Half Marathon, Nashville TN",David Quint,M,USA,2:25:15.00,?,"https://b5.caspio.com/dp/07f73000ef783b24a2834080a6c2      
    https://eu.tennessean.com/story/sports/2015/02/28/running-juggler-plans-return-half-marathon/24206411/",,,8715,0
11/01/2015,2015,5b Marathon,"Disney Marathon, Orlando, FL",Barry Goldmeier,M,USA,6:09:31.00,?,http://www.marathonguide.com/results/browse.cfm?MIDD=481150111&Gen=B&Begin=13321&End=13420&Max=19959,,,22171,0
16/11/2014,2014,3b Marathon,Istanbul Marathon,Levent Denizci,M,TUR,4:28:48.00,11,https://www.instagram.com/p/B8fnCXJAdqf/?hl=en  https://marathonview.net/search?query=levent%20denizci  https://www.instagram.com/p/BI34IF9jS2e/,,,16128,0
02/11/2014,2014,3b Marathon,New York City Marathon,Jack Hirschowitz,M,USA,4:41:49.00,?,https://results.nyrr.org/event/M2014/finishers#search=Jack%2520Hirschowitz,,,16909,0
19/10/2014,2014,3b Half Marathon,Toronto Waterfront Half Marathon,Michal Kapral,M,CAN,1:20:40.00,?,,,,4840,484
12/10/2014,2014,3b Marathon,Chicago Marathon,Perry Romanowski,M,USA,3:40:45.00,?,https://chicago-history.r.mikatiming.com/2021/?pid=search,,,13245,105
28/09/2014,2014,3b Marathon,"Yonkers Marathon, New York",Chris Pert,M,USA,3:40:40.00,0,https://marathonview.net/search?query=christopher%20pert,,,13240,106
27/09/2014,2014,3b 50 Miles,Time Trial,Daniel Raum,M,AUT,8:23:20.00,?,https://www.donaukurier.de/archiv/der-jonglierende-marathonlaeufer-3387708,,,30200,0
27/09/2014,2014,3b 100km,Time Trial,Daniel Raum,M,AUT,11:05:18.00,?,https://www.donaukurier.de/archiv/der-jonglierende-marathonlaeufer-3387708,,,39918,0
02/08/2014,2014,3b 400m,"IJA, West Lafayette",Alayna Bowlin,F,0,0:01:37.60,?,IJA Database,,,97,56
02/08/2014,2014,3b 800m,"IJA, West Lafayette",Alayna Bowlin,F,0,0:03:52.20,?,IJA Database,,,232,22
02/08/2014,2014,3b 1600m,"IJA, West Lafayette",Alayna Bowlin,F,0,0:07:31.80,?,IJA Database,,,451,0
02/08/2014,2014,3b 100m,"IJA, West Lafayette",Anders Kierulf,M,0,0:00:15.40,?,IJA Database,,,15,98
02/08/2014,2014,3b 400m,"IJA, West Lafayette",Anders Kierulf,M,0,0:01:17.20,?,IJA Database,,,77,4
02/08/2014,2014,3b 800m,"IJA, West Lafayette",Anders Kierulf,M,0,0:03:28.80,?,IJA Database,,,208,0
02/08/2014,2014,5b 100m,"IJA, West Lafayette",Ben Thompson,M,0,0:00:20.10,?,IJA Database,,,20,0
02/08/2014,2014,3b 400m,"IJA, West Lafayette",Ben Thompson,M,0,0:01:14.90,?,IJA Database,,,74,25
02/08/2014,2014,7b 100m,"IJA, West Lafayette",Ben Thompson,M,0,0:01:17.80,?,IJA Database,,,77,0
02/08/2014,2014,5b 400m,"IJA, West Lafayette",Ben Thompson,M,0,0:02:38.70,?,IJA Database,,,158,0
02/08/2014,2014,3b 100m,"IJA, West Lafayette",Bennett Santora,M,0,0:00:23.10,?,IJA Database,,,23,0
02/08/2014,2014,5b 100m,"IJA, West Lafayette",Bennett Santora,M,0,0:01:11.70,?,IJA Database,,,71,0
02/08/2014,2014,3b 400m,"IJA, West Lafayette",Bennett Santora,M,0,0:02:10.90,?,IJA Database,,,130,0
02/08/2014,2014,3b 800m,"IJA, West Lafayette",Bennett Santora,M,0,0:03:40.20,?,IJA Database,,,220,0
02/08/2014,2014,5b 400m,"IJA, West Lafayette",Bennett Santora,M,0,0:05:21.20,?,IJA Database,,,321,0
02/08/2014,2014,3b 100m,"IJA, West Lafayette",Bryan Harris,M,0,0:00:16.20,?,IJA Database,,,16,24
02/08/2014,2014,3b 400m,"IJA, West Lafayette",Bryan Harris,M,0,0:01:17.90,?,IJA Database,,,77,4
02/08/2014,2014,3b 800m,"IJA, West Lafayette",Cooper Williams,M,0,0:02:37.60,?,IJA Database,,,157,123
02/08/2014,2014,3b 1600m,"IJA, West Lafayette",Cooper Williams,M,0,0:05:45.40,?,IJA Database,,,345,0
02/08/2014,2014,3b 100m,"IJA, West Lafayette",Daniel Van Hoomissen,M,0,0:00:21.40,?,IJA Database,,,21,0
02/08/2014,2014,5b 100m,"IJA, West Lafayette",Daniel Van Hoomissen,M,0,0:01:06.20,?,IJA Database,,,66,0
02/08/2014,2014,3b 400m,"IJA, West Lafayette",Daniel Van Hoomissen,M,0,0:01:23.00,?,IJA Database,,,83,0
02/08/2014,2014,3b 800m,"IJA, West Lafayette",Daniel Van Hoomissen,M,0,0:03:18.80,?,IJA Database,,,198,0
02/08/2014,2014,5b 100m,"IJA, West Lafayette",Delaney Bayles,F,USA,0:00:29.90,?,IJA Database,,,29,0
02/08/2014,2014,7b 100m,"IJA, West Lafayette",Delaney Bayles,F,USA,0:01:52.70,?,IJA Database,,,112,0
02/08/2014,2014,5b 400m,"IJA, West Lafayette",Delaney Bayles,F,USA,0:02:33.30,?,IJA Database,,,153,0
02/08/2014,2014,3b 100m,"IJA, West Lafayette",Elizabeth Cain,F,0,0:00:37.90,?,IJA Database,,,37,0
02/08/2014,2014,3b 400m,"IJA, West Lafayette",Ely Doan,M,0,0:01:23.70,?,IJA Database,,,83,0
02/08/2014,2014,3b 800m,"IJA, West Lafayette",Ely Doan,M,0,0:03:08.00,?,IJA Database,,,188,0
02/08/2014,2014,3b 1600m,"IJA, West Lafayette",Ely Doan,M,0,0:06:38.00,?,IJA Database,,,398,0
02/08/2014,2014,3b 100m,"IJA, West Lafayette",Gabrielle Foran,F,CAN,0:00:17.70,?,IJA Database,,,17,248
02/08/2014,2014,3b 400m,"IJA, West Lafayette",Gabrielle Foran,F,CAN,0:01:16.60,?,IJA Database,,,76,387
02/08/2014,2014,3b 800m,"IJA, West Lafayette",Gabrielle Foran,F,CAN,0:02:41.90,?,IJA Database,,,161,544
02/08/2014,2014,3b 1600m,"IJA, West Lafayette",Gabrielle Foran,F,CAN,0:05:51.60,?,IJA Database,,,351,0
02/08/2014,2014,3b 4x100m,"IJA, West Lafayette","Gabrielle Foran, Heather Marriott, Delaney Bayles, Chloe Hirschowitz",F,0,0:01:26.00,?,IJA Database,,,86,56
02/08/2014,2014,3b 100m,"IJA, West Lafayette",Heather Marriott,F,USA,0:00:18.60,?,IJA Database,,,18,158
02/08/2014,2014,5b 100m,"IJA, West Lafayette",Heather Marriott,F,USA,0:01:11.40,?,IJA Database,,,71,0
02/08/2014,2014,3b 400m,"IJA, West Lafayette",Heather Marriott,F,USA,0:01:36.30,?,IJA Database,,,96,65
02/08/2014,2014,3b 800m,"IJA, West Lafayette",Heather Marriott,F,USA,0:03:38.90,?,IJA Database,,,218,70
02/08/2014,2014,5b 400m,"IJA, West Lafayette",Heather Marriott,F,USA,0:04:09.40,?,IJA Database,,,249,0
02/08/2014,2014,3b 1600m,"IJA, West Lafayette",Heather Marriott,F,USA,0:07:49.10,?,IJA Database,,,469,0
02/08/2014,2014,3b 100m,"IJA, West Lafayette",Jack Hirschowitz,M,USA,0:00:23.40,?,IJA Database,,,23,0
02/08/2014,2014,3b 400m,"IJA, West Lafayette",Jack Hirschowitz,M,USA,0:01:38.80,?,IJA Database,,,98,0
02/08/2014,2014,3b 800m,"IJA, West Lafayette",Jack Hirschowitz,M,USA,0:03:39.30,?,IJA Database,,,219,0
02/08/2014,2014,3b 1600m,"IJA, West Lafayette",Jack Hirschowitz,M,USA,0:07:46.40,?,IJA Database,,,466,0
02/08/2014,2014,3b 4x100m,"IJA, West Lafayette","Jack Hirschowitz, Neil Jordan, Anders Kierulf, Tom McClintock",M,0,0:01:19.60,?,IJA Database,,,79,0
02/08/2014,2014,3b 100m,"IJA, West Lafayette",Jared Janssen,M,0,0:00:13.90,?,IJA Database,,,13,394
02/08/2014,2014,5b 100m,"IJA, West Lafayette",Jared Janssen,M,0,0:00:44.50,?,IJA Database,,,44,0
02/08/2014,2014,3b 400m,"IJA, West Lafayette",Jared Janssen,M,0,0:01:14.80,?,IJA Database,,,74,25
02/08/2014,2014,5b 400m,"IJA, West Lafayette",Jared Janssen,M,0,0:03:04.20,?,IJA Database,,,184,0
02/08/2014,2014,3b 800m,"IJA, West Lafayette",Jared Janssen,M,0,0:03:20.10,?,IJA Database,,,200,0
02/08/2014,2014,3b 1600m,"IJA, West Lafayette",Jared Janssen,M,0,0:06:50.50,?,IJA Database,,,410,0
02/08/2014,2014,3b 4x100m,"IJA, West Lafayette","Jared Janssen, Ely Doan, Kyler McClintock, Mike Moore",M,0,0:01:12.30,?,IJA Database,,,72,0
02/08/2014,2014,3b 100m,"IJA, West Lafayette",Jason Hollandsworth,M,0,0:00:16.80,?,IJA Database,,,16,24
02/08/2014,2014,3b 400m,"IJA, West Lafayette",Jason Hollandsworth,M,0,0:01:15.60,?,IJA Database,,,75,16
02/08/2014,2014,3b 100m,"IJA, West Lafayette",Katie Burgess,F,0,0:00:19.10,?,IJA Database,,,19,89
02/08/2014,2014,3b 400m,"IJA, West Lafayette",Katie Burgess,F,0,0:01:21.70,?,IJA Database,,,81,281
02/08/2014,2014,3b 800m,"IJA, West Lafayette",Katie Burgess,F,0,0:03:02.20,?,IJA Database,,,182,318
02/08/2014,2014,3b 1600m,"IJA, West Lafayette",Katie Burgess,F,0,0:06:33.10,?,IJA Database,,,393,0
02/08/2014,2014,3b 100m,"IJA, West Lafayette",Kyler McClintock,M,0,0:00:15.10,?,IJA Database,,,15,98
02/08/2014,2014,5b 100m,"IJA, West Lafayette",Kyler McClintock,M,0,0:00:22.20,?,IJA Database,,,22,0
02/08/2014,2014,3b 400m,"IJA, West Lafayette",Kyler McClintock,M,0,0:01:08.30,?,IJA Database,,,68,123
02/08/2014,2014,7b 100m,"IJA, West Lafayette",Kyler McClintock,M,0,0:02:06.30,?,IJA Database,,,126,0
02/08/2014,2014,5b 400m,"IJA, West Lafayette",Kyler McClintock,M,0,0:02:29.40,?,IJA Database,,,149,0
02/08/2014,2014,3b 800m,"IJA, West Lafayette",Kyler McClintock,M,0,0:02:41.50,?,IJA Database,,,161,87
02/08/2014,2014,3b 100m,"IJA, West Lafayette",Laura Schroeder,F,0,0:00:19.10,?,IJA Database,,,19,89
02/08/2014,2014,3b 400m,"IJA, West Lafayette",Laura Schroeder,F,0,0:01:45.10,?,IJA Database,,,105,8
02/08/2014,2014,5b 100m,"IJA, West Lafayette",Laura Schroeder,F,0,0:01:50.10,?,IJA Database,,,110,0
02/08/2014,2014,3b 800m,"IJA, West Lafayette",Laura Schroeder,F,0,0:04:44.20,?,IJA Database,,,284,0
02/08/2014,2014,5b 400m,"IJA, West Lafayette",Laura Schroeder,F,0,0:09:20.20,?,IJA Database,,,560,0
02/08/2014,2014,3b 100m,"IJA, West Lafayette",Len Ferman,M,USA,0:00:16.60,?,IJA Database,,,16,24
02/08/2014,2014,5b 100m,"IJA, West Lafayette",Len Ferman,M,USA,0:01:11.80,?,IJA Database,,,71,0
02/08/2014,2014,3b 800m,"IJA, West Lafayette",Len Ferman,M,USA,0:02:26.40,?,IJA Database,,,146,256
02/08/2014,2014,5b 100m,"IJA, West Lafayette",Maddie Rodbourne,F,0,0:01:12.60,?,IJA Database,,,72,0
02/08/2014,2014,5b 400m,"IJA, West Lafayette",Maddie Rodbourne,F,0,0:04:53.80,?,IJA Database,,,293,0
02/08/2014,2014,5b 100m,"IJA, West Lafayette",Mark Fiore,M,USA,0:00:23.70,?,IJA Database,,,23,0
02/08/2014,2014,7b 100m,"IJA, West Lafayette",Mark Fiore,M,USA,0:01:47.50,?,IJA Database,,,107,0
02/08/2014,2014,3b 1600m,"IJA, West Lafayette",Mark Fiore,M,USA,0:05:46.10,?,IJA Database,,,346,0
02/08/2014,2014,3b 400m,"IJA, West Lafayette",Mary Geeves,F,0,0:03:39.50,?,IJA Database,,,219,0
02/08/2014,2014,3b 1600m,"IJA, West Lafayette",Mary Geeves,F,0,0:16:34.20,?,IJA Database,,,994,0
02/08/2014,2014,3b 4x100m,"IJA, West Lafayette","Mary Geeves, Laura Schroeder, Riga Moettus, Alayna Bowlin",F,0,0:01:53.80,?,IJA Database,,,113,0
02/08/2014,2014,5b 100m,"IJA, West Lafayette",Mike Moore,M,USA,0:00:44.50,?,IJA Database,,,44,0
02/08/2014,2014,3b 400m,"IJA, West Lafayette",Mike Moore,M,USA,0:01:18.30,?,IJA Database,,,78,1
02/08/2014,2014,5b 400m,"IJA, West Lafayette",Mike Moore,M,USA,0:03:18.00,?,IJA Database,,,198,0
02/08/2014,2014,3b 1600m,"IJA, West Lafayette",Mike Moore,M,USA,0:07:17.50,?,IJA Database,,,437,0
02/08/2014,2014,3b 100m,"IJA, West Lafayette",Nathan Wakefield,M,0,0:00:30.70,?,IJA Database,,,30,0
02/08/2014,2014,3b 400m,"IJA, West Lafayette",Nathan Wakefield,M,0,0:01:34.80,?,IJA Database,,,94,0
02/08/2014,2014,3b 800m,"IJA, West Lafayette",Nathan Wakefield,M,0,0:03:15.40,?,IJA Database,,,195,0
02/08/2014,2014,3b 1600m,"IJA, West Lafayette",Nathan Wakefield,M,0,0:07:23.00,?,IJA Database,,,443,0
02/08/2014,2014,3b 100m,"IJA, West Lafayette",Neil Jordan,M,0,0:00:23.50,?,IJA Database,,,23,0
02/08/2014,2014,3b 400m,"IJA, West Lafayette",Neil Jordan,M,0,0:01:24.30,?,IJA Database,,,84,0
02/08/2014,2014,3b 800m,"IJA, West Lafayette",Neil Jordan,M,0,0:03:26.00,?,IJA Database,,,206,0
02/08/2014,2014,3b 1600m,"IJA, West Lafayette",Neil Jordan,M,0,0:07:21.20,?,IJA Database,,,441,0
02/08/2014,2014,3b 100m,"IJA, West Lafayette",Nick Deboom,M,0,0:00:28.20,?,IJA Database,,,28,0
02/08/2014,2014,5b 100m,"IJA, West Lafayette",Nick Deboom,M,0,0:00:56.40,?,IJA Database,,,56,0
02/08/2014,2014,3b 400m,"IJA, West Lafayette",Nick Deboom,M,0,0:01:40.40,?,IJA Database,,,100,0
02/08/2014,2014,5b 100m,"IJA, West Lafayette",Nick Thomas,M,0,0:00:32.70,?,IJA Database,,,32,0
02/08/2014,2014,7b 100m,"IJA, West Lafayette",Nick Thomas,M,0,0:01:10.10,?,IJA Database,,,70,0
02/08/2014,2014,5b 400m,"IJA, West Lafayette",Nick Thomas,M,0,0:02:04.20,?,IJA Database,,,124,0
02/08/2014,2014,3b 4x100m,"IJA, West Lafayette","Nick Thomas, Ben Thompson, Jason Hollandsworth, Mark Fiore",M,0,0:01:02.40,?,IJA Database,,,62,69
02/08/2014,2014,3b 100m,"IJA, West Lafayette",Nicolas Souren,M,0,0:00:18.80,?,IJA Database,,,18,0
02/08/2014,2014,5b 100m,"IJA, West Lafayette",Nicolas Souren,M,0,0:00:28.50,?,IJA Database,,,28,0
02/08/2014,2014,3b 400m,"IJA, West Lafayette",Nicolas Souren,M,0,0:01:17.10,?,IJA Database,,,77,4
02/08/2014,2014,5b 400m,"IJA, West Lafayette",Nicolas Souren,M,0,0:02:14.20,?,IJA Database,,,134,0
02/08/2014,2014,3b 800m,"IJA, West Lafayette",Nicolas Souren,M,0,0:02:44.10,?,IJA Database,,,164,64
02/08/2014,2014,3b 4x100m,"IJA, West Lafayette","Nicolas Souren, Cooper Williams, Len Ferman, Susan Hubbard",M,0,0:01:25.00,?,IJA Database,,,85,0
02/08/2014,2014,3b 100m,"IJA, West Lafayette",Riga Moettus,F,USA,0:00:20.90,?,IJA Database,,,20,39
02/08/2014,2014,5b 100m,"IJA, West Lafayette",Riga Moettus,F,USA,0:01:13.90,?,IJA Database,,,73,0
02/08/2014,2014,3b 400m,"IJA, West Lafayette",Riga Moettus,F,USA,0:01:48.00,?,IJA Database,,,108,1
02/08/2014,2014,5b 400m,"IJA, West Lafayette",Riga Moettus,F,USA,0:05:33.20,?,IJA Database,,,333,0
02/08/2014,2014,3b 100m,"IJA, West Lafayette",Samuel Karschnia,M,0,0:00:19.20,?,IJA Database,,,19,0
02/08/2014,2014,5b 100m,"IJA, West Lafayette",Samuel Karschnia,M,0,0:00:44.30,?,IJA Database,,,44,0
02/08/2014,2014,3b 4x100m,"IJA, West Lafayette","Samuel Karschnia, Steven Karschnia, Daniel Van Hoomissen, Nick Deboom",M,0,0:01:24.80,?,IJA Database,,,84,0
02/08/2014,2014,3b 400m,"IJA, West Lafayette",Sarah Earl,F,0,0:01:30.80,?,IJA Database,,,90,134
02/08/2014,2014,3b 800m,"IJA, West Lafayette",Sarah Earl,F,0,0:03:21.30,?,IJA Database,,,201,165
02/08/2014,2014,3b 1600m,"IJA, West Lafayette",Sarah Earl,F,0,0:07:26.10,?,IJA Database,,,446,0
02/08/2014,2014,3b 400m,"IJA, West Lafayette",Stevan Clipson,M,0,0:01:54.00,?,IJA Database,,,114,0
02/08/2014,2014,3b 800m,"IJA, West Lafayette",Stevan Clipson,M,0,0:04:21.70,?,IJA Database,,,261,0
02/08/2014,2014,3b 100m,"IJA, West Lafayette",Steven Karschnia,M,0,0:00:32.90,?,IJA Database,,,32,0
02/08/2014,2014,3b 400m,"IJA, West Lafayette",Steven Karschnia,M,0,0:01:54.50,?,IJA Database,,,114,0
02/08/2014,2014,3b 100m,"IJA, West Lafayette",Susan Hubbard,F,0,0:00:41.70,?,IJA Database,,,41,0
02/08/2014,2014,3b 400m,"IJA, West Lafayette",Susan Hubbard,F,0,0:02:09.60,?,IJA Database,,,129,0
02/08/2014,2014,3b 100m,"IJA, West Lafayette",Tom McClintock,M,0,0:00:23.70,?,IJA Database,,,23,0
02/08/2014,2014,3b 400m,"IJA, West Lafayette",Tom McClintock,M,0,0:01:27.20,?,IJA Database,,,87,0
02/08/2014,2014,3b 800m,"IJA, West Lafayette",Tom McClintock,M,0,0:03:29.80,?,IJA Database,,,209,0
02/08/2014,2014,3b 1600m,"IJA, West Lafayette",Tom McClintock,M,0,0:08:06.40,?,IJA Database,,,486,0
21/06/2014,2014,3b Half Marathon,Garry Bjorklund Half Marathon,Ivan Schleppenbach,M,USA,1:36:15.00,?,https://www.mtecresults.com/runner/show?race=2165&rid=11928,,,5775,158
21/06/2014,2014,3b 5km,"Bangor Parkrun, Northern Ireland",Nathan Agnew,M,GBR,0:27:43.00,?,https://www.parkrun.org.uk/bangor/results/13/ https://www.parkrun.org.uk/bangor/news/2014/06/24/parkrun-achieves-over-2600-runners-200-volunteers/  https://www.facebook.com/bangorparkruncountydown/photos/a.244373859082050/274325329420236/?type=3&mibextid=rS40aB7S9Ucbxw6v,,,1663,0
08/06/2014,2014,3b 5km,"Rocky Neck 5k, Gloucester, MA",Richard Ross,M,USA,0:20:27.00,?,https://goodmorninggloucester.files.wordpress.com/2014/06/image25.png     https://youtu.be/GoE4pZ39SAY,,,1227,126
10/05/2014,2014,3b Half Marathon,Fargo Half Marathon,Ivan Schleppenbach,M,USA,1:38:58.00,?,https://www.mtecresults.com/runner/show?race=2183&rid=8438,,,5938,119
06/04/2014,2014,3b 5km,"CoDependency 5k, Cooper River Park",Dana Giuglielmo,F,USA,0:20:40.00,3,https://tomahawktiming.com/road-races/2014-season/46-codependency-5k-cooper-river/  https://medium.com/the-moorestown-sun/dana-guglielmo-breaks-guinness-world-record-for-joggling-8f1a107d5774,,,1240,597
06/04/2014,2014,3b Marathon,Brighton Marathon,Kevin Williams,M,GBR,4:38:18.00,?,https://www.theargus.co.uk/news/11010177.brighton-man-to-run-half-marathon-while-juggling-after-recovering-from-brain-injury/?fbclid=IwAR1USEy4inlcpMOKmdBCvst5ie4hlTLXAmXm0OyXbXI8X3sHv9V34gs7V68  https://marathonview.net/search?query=kevin%20williams,,,16698,0
28/02/2014,2014,3b Marathon,Tel Aviv Marathon,Shahar Cohen,M,ISR,4:25:17.00,?,https://marathonview.net/search?query=Shahar%20Cohen  https://www.israel21c.org/israeli-juggler-sets-new-record-at-the-sea-of-galilee/,,,15917,0
17/11/2013,2013,3b Marathon,Brooklyn Marathon,Chris Pert,M,USA,3:52:33.00,2,https://marathonview.net/search?query=christopher%20pert,,,13953,51
16/11/2013,2013,3b Half Marathon,"Richmon Half Marathon, VA",Dana Giuglielmo,F,USA,1:35:03.00,?,https://www.huffpost.com/entry/the-invention-of-joggling_b_6512928  https://www.albanyrunningexchange.org/results/search.php?ID=3667,,,5703,621
09/11/2013,2013,3b 5km,Anthem 5km,Andrew Pratt,M,USA,0:30:04.30,?,https://www.broomfieldenterprise.com/2013/11/11/jogglers-hit-broomfield-trails-to-set-world-record/  https://www.webscorer.com/racedetails?raceid=15527  https://recordsetter.com/world-record/people-running-5k-race-while-juggling/33978?autoplay=false,,,1804,0
09/11/2013,2013,3b 5km,Anthem 5km,Bekah Smith,F,USA,0:31:05.20,?,https://www.broomfieldenterprise.com/2013/11/11/jogglers-hit-broomfield-trails-to-set-world-record/  https://www.webscorer.com/racedetails?raceid=15527  https://recordsetter.com/world-record/people-running-5k-race-while-juggling/33978?autoplay=false,,,1865,44
09/11/2013,2013,3b 5km,Anthem 5km,Bucky Buckbinder,M,USA,0:29:21.60,?,https://www.broomfieldenterprise.com/2013/11/11/jogglers-hit-broomfield-trails-to-set-world-record/  https://www.webscorer.com/racedetails?raceid=15527  https://recordsetter.com/world-record/people-running-5k-race-while-juggling/33978?autoplay=false,,,1761,0
09/11/2013,2013,3b 5km,Anthem 5km,Chris Hooper,M,USA,0:26:21.50,?,https://www.broomfieldenterprise.com/2013/11/11/jogglers-hit-broomfield-trails-to-set-world-record/  https://www.webscorer.com/racedetails?raceid=15527  https://recordsetter.com/world-record/people-running-5k-race-while-juggling/33978?autoplay=false,,,1581,0
09/11/2013,2013,3b 5km,Anthem 5km,Jamie Tucker-Foltz,M,USA,0:28:52.60,?,https://www.broomfieldenterprise.com/2013/11/11/jogglers-hit-broomfield-trails-to-set-world-record/  https://www.webscorer.com/racedetails?raceid=15527  https://recordsetter.com/world-record/people-running-5k-race-while-juggling/33978?autoplay=false,,,1732,0
09/11/2013,2013,3b 5km,Anthem 5km,Jeff Lutkus,M,USA,0:23:20.80,?,https://www.broomfieldenterprise.com/2013/11/11/jogglers-hit-broomfield-trails-to-set-world-record/  https://www.webscorer.com/racedetails?raceid=15527  https://recordsetter.com/world-record/people-running-5k-race-while-juggling/33978?autoplay=false,,,1400,4
09/11/2013,2013,3b 5km,Anthem 5km,Jesse Carpenter,M,USA,0:29:21.40,?,https://www.broomfieldenterprise.com/2013/11/11/jogglers-hit-broomfield-trails-to-set-world-record/  https://www.webscorer.com/racedetails?raceid=15527  https://recordsetter.com/world-record/people-running-5k-race-while-juggling/33978?autoplay=false,,,1761,0
09/11/2013,2013,3b 5km,Anthem 5km,Jon Conley,M,USA,0:36:31.90,?,https://www.broomfieldenterprise.com/2013/11/11/jogglers-hit-broomfield-trails-to-set-world-record/  https://www.webscorer.com/racedetails?raceid=15527  https://recordsetter.com/world-record/people-running-5k-race-while-juggling/33978?autoplay=false,,,2191,0
09/11/2013,2013,3b 5km,Anthem 5km,William Murphy,M,USA,0:37:08.30,?,https://www.broomfieldenterprise.com/2013/11/11/jogglers-hit-broomfield-trails-to-set-world-record/  https://www.webscorer.com/racedetails?raceid=15527  https://recordsetter.com/world-record/people-running-5k-race-while-juggling/33978?autoplay=false,,,2228,0
03/11/2013,2013,3b Marathon,New York City Marathon,Jack Hirschowitz,M,USA,4:42:07.00,?,https://results.nyrr.org/event/40/finishers#search=Jack%2520Hirschowitz,,,16927,0
13/10/2013,2013,3b Marathon,Chicago Marathon,Perry Romanowski,M,USA,3:42:23.00,?,https://chicago-history.r.mikatiming.com/2021/?pid=search,,,13343,97
29/09/2013,2013,3b Marathon,"Yonkers Marathon, New York",Chris Pert,M,USA,3:51:43.00,4,https://acrotrekker.wordpress.com/tag/christopher-pert-joggler/,,,13903,55
22/09/2013,2013,3b Marathon,Quad Cities Marathon,Joe Salter,M,USA,5:51:25.00,?,Backwards. https://www.guinnessworldrecords.com/world-records/100547-fastest-marathon-joggling-backwards,,,21085,0
25/08/2013,2013,3b 800m,Time Trial,Michal Kapral,M,CAN,0:02:15.61,0,https://www.youtube.com/watch?v=Odw5gytllio,,,135,437
20/07/2013,2013,3b 100m,"IJA, Bowling Green",Aaron Rosenberg,M,0,0:00:21.00,?,IJA Database,,,21,0
20/07/2013,2013,5b 100m,"IJA, Bowling Green",Aaron Rosenberg,M,0,0:01:02.80,?,IJA Database,,,62,0
20/07/2013,2013,3b 400m,"IJA, Bowling Green",Aaron Rosenberg,M,0,0:01:38.50,?,IJA Database,,,98,0
20/07/2013,2013,3b 100m,"IJA, Bowling Green",Alayna Bowlin,F,0,0:00:28.20,?,IJA Database,,,28,0
20/07/2013,2013,3b 400m,"IJA, Bowling Green",Alayna Bowlin,F,0,0:01:47.70,?,IJA Database,,,107,3
20/07/2013,2013,3b 800m,"IJA, Bowling Green",Alayna Bowlin,F,0,0:03:52.00,?,IJA Database,,,232,22
20/07/2013,2013,3b 1600m,"IJA, Bowling Green",Alayna Bowlin,F,0,0:08:19.00,?,IJA Database,,,499,0
20/07/2013,2013,3b 100m,"IJA, Bowling Green",Anna Voelker,F,0,0:00:17.80,?,IJA Database,,,17,248
20/07/2013,2013,3b 400m,"IJA, Bowling Green",Anna Voelker,F,0,0:01:40.40,?,IJA Database,,,100,33
20/07/2013,2013,3b 800m,"IJA, Bowling Green",Anna Voelker,F,0,0:04:27.00,?,IJA Database,,,267,0
20/07/2013,2013,3b 400m,"IJA, Bowling Green",Bradley Fox,M,0,0:01:17.40,?,IJA Database,,,77,4
20/07/2013,2013,3b 800m,"IJA, Bowling Green",Bradley Fox,M,0,0:02:43.00,?,IJA Database,,,163,71
20/07/2013,2013,3b 1600m,"IJA, Bowling Green",Bradley Fox,M,0,0:06:13.00,?,IJA Database,,,373,0
20/07/2013,2013,3b 100m,"IJA, Bowling Green",Bryan Nguyen,M,0,0:00:24.30,?,IJA Database,,,24,0
20/07/2013,2013,5b 100m,"IJA, Bowling Green",Bryan Nguyen,M,0,0:00:51.90,?,IJA Database,,,51,0
20/07/2013,2013,3b 400m,"IJA, Bowling Green",Bryan Nguyen,M,0,0:01:56.70,?,IJA Database,,,116,0
20/07/2013,2013,3b 100m,"IJA, Bowling Green",Chris Van Hoomissen,M,0,0:00:15.40,?,IJA Database,,,15,98
20/07/2013,2013,3b 400m,"IJA, Bowling Green",Chris Van Hoomissen,M,0,0:01:19.20,?,IJA Database,,,79,0
20/07/2013,2013,5b 100m,"IJA, Bowling Green",Chris Van Hoomissen,M,0,0:01:55.90,?,IJA Database,,,115,0
20/07/2013,2013,3b 100m,"IJA, Bowling Green",Christoph Mitasch,M,AUT,0:00:18.20,?,IJA Database,,,18,0
20/07/2013,2013,5b 100m,"IJA, Bowling Green",Christoph Mitasch,M,AUT,0:00:36.90,?,IJA Database,,,36,0
20/07/2013,2013,3b 400m,"IJA, Bowling Green",Christoph Mitasch,M,AUT,0:01:28.70,?,IJA Database,,,88,0
20/07/2013,2013,3b 800m,"IJA, Bowling Green",Christoph Mitasch,M,AUT,0:03:05.00,?,IJA Database,,,185,0
20/07/2013,2013,3b 1600m,"IJA, Bowling Green",Christoph Mitasch,M,AUT,0:06:07.00,?,IJA Database,,,367,0
20/07/2013,2013,3b 100m,"IJA, Bowling Green",Christopher Haaser,M,0,0:00:22.00,?,IJA Database,,,22,0
20/07/2013,2013,5b 100m,"IJA, Bowling Green",Christopher Haaser,M,0,0:00:51.50,?,IJA Database,,,51,0
20/07/2013,2013,3b 400m,"IJA, Bowling Green",Christopher Haaser,M,0,0:01:53.40,?,IJA Database,,,113,0
20/07/2013,2013,7b 100m,"IJA, Bowling Green",Christopher Haaser,M,0,0:02:58.00,?,IJA Database,,,178,0
20/07/2013,2013,3b 800m,"IJA, Bowling Green",Christopher Haaser,M,0,0:03:54.00,?,IJA Database,,,234,0
20/07/2013,2013,5b 400m,"IJA, Bowling Green",Christopher Haaser,M,0,0:04:02.90,?,IJA Database,,,242,0
20/07/2013,2013,3b 1600m,"IJA, Bowling Green",Christopher Haaser,M,0,0:08:50.00,?,IJA Database,,,530,0
20/07/2013,2013,3b 4x100m,"IJA, Bowling Green","Christopher Haaser, Nick Thomas, Sam Karschnia, Mark Fiore",M,0,0:01:14.00,?,IJA Database,,,74,0
20/07/2013,2013,3b 100m,"IJA, Bowling Green",Daniel Raum,M,AUT,0:00:18.80,?,IJA Database,,,18,0
20/07/2013,2013,3b 400m,"IJA, Bowling Green",Daniel Raum,M,AUT,0:01:18.40,?,IJA Database,,,78,1
20/07/2013,2013,3b 800m,"IJA, Bowling Green",Daniel Raum,M,AUT,0:02:46.00,?,IJA Database,,,166,50
20/07/2013,2013,3b 1600m,"IJA, Bowling Green",Daniel Raum,M,AUT,0:05:59.00,?,IJA Database,,,359,0
20/07/2013,2013,3b 100m,"IJA, Bowling Green",Delaney Bayles,F,USA,0:00:19.30,?,IJA Database,,,19,89
20/07/2013,2013,5b 100m,"IJA, Bowling Green",Delaney Bayles,F,USA,0:00:48.00,?,IJA Database,,,48,0
20/07/2013,2013,3b 100m,"IJA, Bowling Green",Derek Hahn,M,0,0:00:30.00,?,IJA Database,,,30,0
20/07/2013,2013,3b 400m,"IJA, Bowling Green",Derek Hahn,M,0,0:01:33.50,?,IJA Database,,,93,0
20/07/2013,2013,3b 100m,"IJA, Bowling Green",Elise Johnson,F,0,0:00:22.10,?,IJA Database,,,22,0
20/07/2013,2013,5b 100m,"IJA, Bowling Green",Elise Johnson,F,0,0:02:08.40,?,IJA Database,,,128,0
20/07/2013,2013,5b 100m,"IJA, Bowling Green",Eric Raivo,M,0,0:00:46.30,?,IJA Database,,,46,0
20/07/2013,2013,3b 100m,"IJA, Bowling Green",Eric Reinhart,M,0,0:00:19.80,?,IJA Database,,,19,0
20/07/2013,2013,3b 400m,"IJA, Bowling Green",Eric Reinhart,M,0,0:01:38.00,?,IJA Database,,,98,0
20/07/2013,2013,3b 800m,"IJA, Bowling Green",Eric Reinhart,M,0,0:03:57.00,?,IJA Database,,,237,0
20/07/2013,2013,3b 4x100m,"IJA, Bowling Green","Eric Reinhart, Derek Hahn, Erick Mori-Quimper, Ryan Gerrity",M,0,0:01:15.20,?,IJA Database,,,75,0
20/07/2013,2013,3b 400m,"IJA, Bowling Green",Eric Walter,M,USA,0:00:55.80,?,IJA Database,,,55,588
20/07/2013,2013,3b 800m,"IJA, Bowling Green",Eric Walter,M,USA,0:02:20.00,?,IJA Database,,,140,349
20/07/2013,2013,3b 100m,"IJA, Bowling Green",Erica Liddle,F,0,0:00:21.20,?,IJA Database,,,21,9
20/07/2013,2013,3b 100m,"IJA, Bowling Green",Erick Mori-Quimper,M,0,0:00:29.20,?,IJA Database,,,29,0
20/07/2013,2013,5b 100m,"IJA, Bowling Green",Erick Mori-Quimper,M,0,0:01:14.00,?,IJA Database,,,74,0
20/07/2013,2013,3b 100m,"IJA, Bowling Green",Erin Warfield,F,0,0:00:22.70,?,IJA Database,,,22,0
20/07/2013,2013,3b 400m,"IJA, Bowling Green",Erin Warfield,F,0,0:01:42.00,?,IJA Database,,,102,21
20/07/2013,2013,3b 800m,"IJA, Bowling Green",Erin Warfield,F,0,0:04:16.00,?,IJA Database,,,256,0
20/07/2013,2013,3b 1600m,"IJA, Bowling Green",Erin Warfield,F,0,0:08:44.00,?,IJA Database,,,524,0
20/07/2013,2013,3b 4x100m,"IJA, Bowling Green","Erin Warfield, Anna Voelker, Gabrielle Foran, Meagan Nouis",F,0,0:01:32.60,?,IJA Database,,,92,14
20/07/2013,2013,3b 100m,"IJA, Bowling Green",Gabrielle Foran,F,CAN,0:00:27.30,?,IJA Database,,,27,0
20/07/2013,2013,3b 400m,"IJA, Bowling Green",Gabrielle Foran,F,CAN,0:01:23.80,?,IJA Database,,,83,244
20/07/2013,2013,3b 800m,"IJA, Bowling Green",Gabrielle Foran,F,CAN,0:02:51.00,?,IJA Database,,,171,429
20/07/2013,2013,3b 1600m,"IJA, Bowling Green",Gabrielle Foran,F,CAN,0:05:58.00,?,IJA Database,,,358,0
20/07/2013,2013,3b 100m,"IJA, Bowling Green",Hannah Bowlin,F,0,0:00:23.10,?,IJA Database,,,23,0
20/07/2013,2013,3b 400m,"IJA, Bowling Green",Hannah Bowlin,F,0,0:02:02.10,?,IJA Database,,,122,0
20/07/2013,2013,5b 100m,"IJA, Bowling Green",Hannah Bowlin,F,0,0:02:36.00,?,IJA Database,,,156,0
20/07/2013,2013,3b 100m,"IJA, Bowling Green",Isabel Cain,F,0,0:00:44.90,?,IJA Database,,,44,0
20/07/2013,2013,3b 400m,"IJA, Bowling Green",Jacob Dudek,M,0,0:01:28.70,?,IJA Database,,,88,0
20/07/2013,2013,3b 1600m,"IJA, Bowling Green",Jacob Dudek,M,0,0:07:26.00,?,IJA Database,,,446,0
20/07/2013,2013,3b 100m,"IJA, Bowling Green",Jared Janssen,M,0,0:00:14.60,?,IJA Database,,,14,221
20/07/2013,2013,5b 100m,"IJA, Bowling Green",Jared Janssen,M,0,0:00:55.20,?,IJA Database,,,55,0
20/07/2013,2013,3b 400m,"IJA, Bowling Green",Jared Janssen,M,0,0:01:08.20,?,IJA Database,,,68,123
20/07/2013,2013,3b 1600m,"IJA, Bowling Green",Jared Janssen,M,0,0:06:32.00,?,IJA Database,,,392,0
20/07/2013,2013,3b 400m,"IJA, Bowling Green",Justice Seifert,M,0,0:01:28.90,?,IJA Database,,,88,0
20/07/2013,2013,3b 800m,"IJA, Bowling Green",Justice Seifert,M,0,0:03:18.00,?,IJA Database,,,198,0
20/07/2013,2013,5b 400m,"IJA, Bowling Green",Justice Seifert,M,0,0:06:17.70,?,IJA Database,,,377,0
20/07/2013,2013,3b 1600m,"IJA, Bowling Green",Justice Seifert,M,0,0:08:20.00,?,IJA Database,,,500,0
20/07/2013,2013,3b 4x100m,"IJA, Bowling Green","Justice Seifert, Chris Van Hoomissen, Steve Upmeyer, Nathan Wakefield",M,0,0:01:30.00,?,IJA Database,,,90,0
20/07/2013,2013,3b 100m,"IJA, Bowling Green",Laura Dickerson,F,0,0:01:43.00,?,IJA Database,,,103,0
20/07/2013,2013,3b 100m,"IJA, Bowling Green",Laura Schroeder,F,0,0:00:21.00,?,IJA Database,,,21,9
20/07/2013,2013,5b 100m,"IJA, Bowling Green",Laura Schroeder,F,0,0:01:28.30,?,IJA Database,,,88,0
20/07/2013,2013,3b 400m,"IJA, Bowling Green",Laura Schroeder,F,0,0:01:59.00,?,IJA Database,,,119,0
20/07/2013,2013,5b 100m,"IJA, Bowling Green",Len Ferman,M,USA,0:01:14.00,?,IJA Database,,,74,0
20/07/2013,2013,3b 1600m,"IJA, Bowling Green",Len Ferman,M,USA,0:05:37.00,?,IJA Database,,,337,0
20/07/2013,2013,3b 400m,"IJA, Bowling Green",Mark Dudek,M,0,0:01:37.20,?,IJA Database,,,97,0
20/07/2013,2013,3b 1600m,"IJA, Bowling Green",Mark Dudek,M,0,0:07:40.00,?,IJA Database,,,460,0
20/07/2013,2013,5b 100m,"IJA, Bowling Green",Mark Fiore,M,USA,0:00:22.40,?,IJA Database,,,22,0
20/07/2013,2013,3b 100m,"IJA, Bowling Green",Mark Fiore,M,USA,0:00:24.00,?,IJA Database,,,24,0
20/07/2013,2013,3b 400m,"IJA, Bowling Green",Mark Fiore,M,USA,0:01:11.90,?,IJA Database,,,71,65
20/07/2013,2013,5b 400m,"IJA, Bowling Green",Mark Fiore,M,USA,0:02:09.60,?,IJA Database,,,129,0
20/07/2013,2013,3b 800m,"IJA, Bowling Green",Mark Fiore,M,USA,0:02:50.00,?,IJA Database,,,170,28
20/07/2013,2013,3b 1600m,"IJA, Bowling Green",Mark Fiore,M,USA,0:06:08.00,?,IJA Database,,,368,0
20/07/2013,2013,3b 100m,"IJA, Bowling Green",Mary Geeves,F,0,0:00:53.70,?,IJA Database,,,53,0
20/07/2013,2013,3b 1600m,"IJA, Bowling Green",Mary Geeves,F,0,0:16:25.00,?,IJA Database,,,985,0
20/07/2013,2013,3b 100m,"IJA, Bowling Green",Meagan Nouis,F,0,0:00:21.50,?,IJA Database,,,21,9
20/07/2013,2013,5b 100m,"IJA, Bowling Green",Meagan Nouis,F,0,0:01:35.60,?,IJA Database,,,95,0
20/07/2013,2013,3b 400m,"IJA, Bowling Green",Meagan Nouis,F,0,0:01:43.00,?,IJA Database,,,103,16
20/07/2013,2013,3b 800m,"IJA, Bowling Green",Meagan Nouis,F,0,0:04:16.00,?,IJA Database,,,256,0
20/07/2013,2013,3b 1600m,"IJA, Bowling Green",Meagan Nouis,F,0,0:08:58.00,?,IJA Database,,,538,0
20/07/2013,2013,3b 1600m,"IJA, Bowling Green",Michael Mazur,M,0,0:09:02.00,?,IJA Database,,,542,0
20/07/2013,2013,3b 4x100m,"IJA, Bowling Green","Michael Mazur, Bryan Nguyen, Sean O'Brien, Nick Eaton",M,0,0:01:34.00,?,IJA Database,,,94,0
20/07/2013,2013,3b 100m,"IJA, Bowling Green",Mike Moore,M,USA,0:00:17.00,?,IJA Database,,,17,0
20/07/2013,2013,3b 1600m,"IJA, Bowling Green",Mike Moore,M,USA,0:07:19.00,?,IJA Database,,,439,0
20/07/2013,2013,3b 100m,"IJA, Bowling Green",Nathan Lane,M,0,0:00:17.50,?,IJA Database,,,17,0
20/07/2013,2013,5b 100m,"IJA, Bowling Green",Nathan Lane,M,0,0:00:56.80,?,IJA Database,,,56,0
20/07/2013,2013,3b 400m,"IJA, Bowling Green",Nathan Lane,M,0,0:01:09.30,?,IJA Database,,,69,102
20/07/2013,2013,3b 800m,"IJA, Bowling Green",Nathan Lane,M,0,0:02:31.00,?,IJA Database,,,151,190
20/07/2013,2013,3b 1600m,"IJA, Bowling Green",Nathan Lane,M,0,0:05:26.00,?,IJA Database,,,326,0
20/07/2013,2013,3b 100m,"IJA, Bowling Green",Nathan Wakefield,M,0,0:00:26.50,?,IJA Database,,,26,0
20/07/2013,2013,3b 400m,"IJA, Bowling Green",Nathan Wakefield,M,0,0:01:33.30,?,IJA Database,,,93,0
20/07/2013,2013,3b 800m,"IJA, Bowling Green",Nathan Wakefield,M,0,0:03:13.00,?,IJA Database,,,193,0
20/07/2013,2013,3b 1600m,"IJA, Bowling Green",Nathan Wakefield,M,0,0:07:17.00,?,IJA Database,,,437,0
20/07/2013,2013,3b 100m,"IJA, Bowling Green",Nick Eaton,M,0,0:00:30.50,?,IJA Database,,,30,0
20/07/2013,2013,3b 100m,"IJA, Bowling Green",Nick Thomas,M,0,0:00:16.80,?,IJA Database,,,16,24
20/07/2013,2013,5b 100m,"IJA, Bowling Green",Nick Thomas,M,0,0:00:25.90,?,IJA Database,,,25,0
20/07/2013,2013,7b 100m,"IJA, Bowling Green",Nick Thomas,M,0,0:01:11.90,?,IJA Database,,,71,0
20/07/2013,2013,3b 400m,"IJA, Bowling Green",Nick Thomas,M,0,0:01:25.80,?,IJA Database,,,85,0
20/07/2013,2013,5b 400m,"IJA, Bowling Green",Nick Thomas,M,0,0:02:09.60,?,IJA Database,,,129,0
20/07/2013,2013,3b 400m,"IJA, Bowling Green",Peter Prokop,M,0,0:01:21.00,?,IJA Database,,,81,0
20/07/2013,2013,3b 1600m,"IJA, Bowling Green",Peter Prokop,M,0,0:06:48.00,?,IJA Database,,,408,0
20/07/2013,2013,3b 1600m,"IJA, Bowling Green",Peter Prokop,M,0,0:07:30.00,?,IJA Database,,,450,0
20/07/2013,2013,3b 4x100m,"IJA, Bowling Green","Peter Prokop, Scott Geyman, Jared Janssen, Nathan Lane",M,0,0:01:04.70,?,IJA Database,,,64,37
20/07/2013,2013,3b 100m,"IJA, Bowling Green",Rebecca Kresser,F,0,0:00:25.60,?,IJA Database,,,25,0
20/07/2013,2013,3b 400m,"IJA, Bowling Green",Rebecca Kresser,F,0,0:01:58.60,?,IJA Database,,,118,0
20/07/2013,2013,3b 800m,"IJA, Bowling Green",Rebecca Kresser,F,0,0:04:34.00,?,IJA Database,,,274,0
20/07/2013,2013,3b 1600m,"IJA, Bowling Green",Rebecca Kresser,F,0,0:09:40.00,?,IJA Database,,,580,0
20/07/2013,2013,3b 100m,"IJA, Bowling Green",Riga Moettus,F,USA,0:00:19.00,?,IJA Database,,,19,89
20/07/2013,2013,5b 100m,"IJA, Bowling Green",Riga Moettus,F,USA,0:01:09.50,?,IJA Database,,,69,0
20/07/2013,2013,3b 4x100m,"IJA, Bowling Green","Riga Moettus, Laura Schroeder, Elise Johnson, Erica Liddle",F,0,0:01:30.40,?,IJA Database,,,90,24
20/07/2013,2013,3b 100m,"IJA, Bowling Green",Rory Bade,M,0,0:00:15.40,?,IJA Database,,,15,98
20/07/2013,2013,5b 100m,"IJA, Bowling Green",Rory Bade,M,0,0:00:32.70,?,IJA Database,,,32,0
20/07/2013,2013,3b 400m,"IJA, Bowling Green",Rory Bade,M,0,0:01:16.20,?,IJA Database,,,76,9
20/07/2013,2013,3b 400m,"IJA, Bowling Green",Ryan Gerrity,M,0,0:01:39.80,?,IJA Database,,,99,0
20/07/2013,2013,3b 1600m,"IJA, Bowling Green",Ryan Gerrity,M,0,0:08:15.00,?,IJA Database,,,495,0
20/07/2013,2013,3b 100m,"IJA, Bowling Green",Sam Karschnia,M,0,0:00:18.00,?,IJA Database,,,18,0
20/07/2013,2013,5b 100m,"IJA, Bowling Green",Sam Karschnia,M,0,0:00:42.50,?,IJA Database,,,42,0
20/07/2013,2013,3b 400m,"IJA, Bowling Green",Sam Karschnia,M,0,0:01:34.50,?,IJA Database,,,94,0
20/07/2013,2013,3b 100m,"IJA, Bowling Green",Sam Lowenburg,M,0,0:00:33.30,?,IJA Database,,,33,0
20/07/2013,2013,3b 400m,"IJA, Bowling Green",Sam Lowenburg,M,0,0:02:10.70,?,IJA Database,,,130,0
20/07/2013,2013,3b 100m,"IJA, Bowling Green",Scott Dudek,M,0,0:00:18.90,?,IJA Database,,,18,0
20/07/2013,2013,3b 400m,"IJA, Bowling Green",Scott Dudek,M,0,0:01:31.50,?,IJA Database,,,91,0
20/07/2013,2013,5b 100m,"IJA, Bowling Green",Scott Dudek,M,0,0:02:53.50,?,IJA Database,,,173,0
20/07/2013,2013,3b 1600m,"IJA, Bowling Green",Scott Dudek,M,0,0:07:37.00,?,IJA Database,,,457,0
20/07/2013,2013,3b 100m,"IJA, Bowling Green",Scott Geyman,M,0,0:00:22.80,?,IJA Database,,,22,0
20/07/2013,2013,5b 100m,"IJA, Bowling Green",Scott Geyman,M,0,0:01:15.30,?,IJA Database,,,75,0
20/07/2013,2013,3b 100m,"IJA, Bowling Green",Sean O'Brien,M,0,0:00:24.20,?,IJA Database,,,24,0
20/07/2013,2013,5b 100m,"IJA, Bowling Green",Sean O'Brien,M,0,0:01:26.30,?,IJA Database,,,86,0
20/07/2013,2013,3b 100m,"IJA, Bowling Green",Steve Upmeyer,M,0,0:00:26.60,?,IJA Database,,,26,0
20/07/2013,2013,3b 400m,"IJA, Bowling Green",Steve Upmeyer,M,0,0:01:51.80,?,IJA Database,,,111,0
20/07/2013,2013,3b 800m,"IJA, Bowling Green",Steve Upmeyer,M,0,0:04:19.00,?,IJA Database,,,259,0
20/07/2013,2013,3b 1600m,"IJA, Bowling Green",Steve Upmeyer,M,0,0:09:05.00,?,IJA Database,,,545,0
20/07/2013,2013,3b 100m,"IJA, Bowling Green",Sydney Paugh,F,0,0:00:17.80,?,IJA Database,,,17,248
20/07/2013,2013,3b 400m,"IJA, Bowling Green",Sydney Paugh,F,0,0:01:44.80,?,IJA Database,,,104,12
20/07/2013,2013,3b 800m,"IJA, Bowling Green",Sydney Paugh,F,0,0:04:19.00,?,IJA Database,,,259,0
20/07/2013,2013,3b 1600m,"IJA, Bowling Green",Sydney Paugh,F,0,0:08:58.00,?,IJA Database,,,538,0
20/07/2013,2013,3b 4x100m,"IJA, Bowling Green","Sydney Paugh, Hannah Bowlin, Alayna Bowlin, Mary Geeves",F,0,0:02:00.30,?,IJA Database,,,120,0
20/07/2013,2013,3b 100m,"IJA, Bowling Green",Thomas Dietz,M,DEU,0:00:15.40,?,IJA Database,,,15,98
20/07/2013,2013,5b 100m,"IJA, Bowling Green",Thomas Dietz,M,DEU,0:00:21.50,?,IJA Database,,,21,0
20/07/2013,2013,7b 100m,"IJA, Bowling Green",Thomas Dietz,M,DEU,0:00:53.60,?,IJA Database,,,53,0
20/07/2013,2013,3b 400m,"IJA, Bowling Green",Thomas Dietz,M,DEU,0:01:09.00,?,IJA Database,,,69,102
20/07/2013,2013,3b 800m,"IJA, Bowling Green",Thomas Dietz,M,DEU,0:03:08.00,?,IJA Database,,,188,0
20/07/2013,2013,3b 1600m,"IJA, Bowling Green",Thomas Dietz,M,DEU,0:06:27.00,?,IJA Database,,,387,0
20/07/2013,2013,3b 4x100m,"IJA, Bowling Green","Thomas Dietz, Eric Walter, Daniel Raum, Christoph Mitasch",M,0,0:01:06.30,?,IJA Database,,,66,15
22/06/2013,2013,3b Half Marathon,Garry Bjorklund Half Marathon,Ivan Schleppenbach,M,USA,1:41:10.00,?,https://www.mtecresults.com/runner/show?race=1394&rid=13151,,,6070,92
18/05/2013,2013,3b Half Marathon,Fargo Half Marathon,Ivan Schleppenbach,M,USA,1:47:04.00,?,https://www.mtecresults.com/runner/show?race=1386&rid=6886,,,6424,36
15/05/2013,2013,3b Mile,Time Trial,Emily Beaver,F,USA,0:05:58.00,?,https://missouristatebears.com/news/2013/5/15/Emily_Beaver_Sets_World_Record_for_Joggling https://www.guinnessworldrecords.com/world-records/fastest-mile-joggling-with-three-objects-women,,,358,574
05/05/2013,2013,3b Marathon,"Flying Pig Marathon, Cincinnati",Perry Romanowski,M,USA,3:46:34.00,?,https://marathonview.net/result/42981151,,,13594,76
07/04/2013,2013,3b Marathon,Paris Marathon,Richard Ross,M,USA,4:00:43.00,?,https://marathonview.net/result/66848234,,,14443,25
07/10/2012,2012,3b 50km,Sparkasse Marathon,Daniel Raum,M,AUT,4:55:24.00,?,https://www.recordholders.org/en/list/joggling.html,,,17724,0
07/10/2012,2012,3b Marathon,"Trapline Marathon, Labrador, Newfoundland",Michal Kapral,M,CAN,2:59:32.00,?,https://www.nlaa.ca/results/rr/2012/20121007traplinemarathon.php,,,10772,445
07/10/2012,2012,3b Marathon,Chicago Marathon,Perry Romanowski,M,USA,3:40:50.00,?,https://chicago-history.r.mikatiming.com/2021/?pid=search,,,13250,105
13/08/2012,2012,3b Mile,"Pride Stadium, Clio MI",Riley McLincha,M,USA,0:08:44.00,0,https://recordsetter.com/world-record/run-mile-while-dribbling-three-basketballs/17315?autoplay=false,,,524,0
27/07/2012,2012,5b Mile,Time Trial,Matthew Feldman,M,USA,0:06:33.00,?,https://www.youtube.com/watch?v=hYjbu2Bbj88,,,393,16
21/07/2012,2012,5b 100m,"IJA, Winston-Salem",Alayna Bowlin,F,0,0:03:05.10,?,IJA Database,,,185,0
21/07/2012,2012,3b 1600m,"IJA, Winston-Salem",Alayna Bowlin,F,0,0:09:24.00,?,IJA Database,,,564,0
21/07/2012,2012,3b 100m,"IJA, Winston-Salem",Albert Lucas,M,USA,0:00:14.10,?,IJA Database,,,14,221
21/07/2012,2012,5b 100m,"IJA, Winston-Salem",Albert Lucas,M,USA,0:00:16.80,?,IJA Database,,,16,24
21/07/2012,2012,7b 100m,"IJA, Winston-Salem",Albert Lucas,M,USA,0:01:51.90,?,IJA Database,,,111,0
21/07/2012,2012,3b 4x100m,"IJA, Winston-Salem","Albert Lucas, Nicolas Souren, Jason Matkowski, Chris Lovdal",M,0,0:00:58.00,?,IJA Database,,,58,163
21/07/2012,2012,3b 100m,"IJA, Winston-Salem",Alex Koren,M,0,0:00:16.30,?,IJA Database,,,16,24
21/07/2012,2012,5b 100m,"IJA, Winston-Salem",Alex Koren,M,0,0:01:02.20,?,IJA Database,,,62,0
21/07/2012,2012,3b 400m,"IJA, Winston-Salem",Alex Koren,M,0,0:01:21.80,?,IJA Database,,,81,0
21/07/2012,2012,3b 100m,"IJA, Winston-Salem",Anders Kierulf,M,0,0:00:15.80,?,IJA Database,,,15,98
21/07/2012,2012,3b 400m,"IJA, Winston-Salem",Anders Kierulf,M,0,0:01:27.90,?,IJA Database,,,87,0
21/07/2012,2012,3b 800m,"IJA, Winston-Salem",Anders Kierulf,M,0,0:03:21.00,?,IJA Database,,,201,0
21/07/2012,2012,3b 1600m,"IJA, Winston-Salem",Anders Kierulf,M,0,0:08:04.00,?,IJA Database,,,484,0
21/07/2012,2012,3b 100m,"IJA, Winston-Salem",Chris Dokler,M,0,0:00:16.90,?,IJA Database,,,16,24
21/07/2012,2012,5b 100m,"IJA, Winston-Salem",Chris Dokler,M,0,0:00:49.00,?,IJA Database,,,49,0
21/07/2012,2012,5b 400m,"IJA, Winston-Salem",Chris Dokler,M,0,0:03:37.40,?,IJA Database,,,217,0
21/07/2012,2012,3b 4x100m,"IJA, Winston-Salem","Chris Dokler, Joe Straitiff, Chuck Ritzler, Dylan Waickman",M,0,0:01:14.50,?,IJA Database,,,74,0
21/07/2012,2012,3b 100m,"IJA, Winston-Salem",Chris Lovdal,M,USA,0:00:16.90,?,IJA Database,,,16,24
21/07/2012,2012,5b 100m,"IJA, Winston-Salem",Chris Lovdal,M,USA,0:00:28.10,?,IJA Database,,,28,0
21/07/2012,2012,3b 400m,"IJA, Winston-Salem",Chris Lovdal,M,USA,0:01:03.80,?,IJA Database,,,63,261
21/07/2012,2012,7b 100m,"IJA, Winston-Salem",Chris Lovdal,M,USA,0:03:04.00,?,IJA Database,,,184,0
21/07/2012,2012,3b 100m,"IJA, Winston-Salem",Chuck Ritzler,M,0,0:00:18.90,?,IJA Database,,,18,0
21/07/2012,2012,3b 800m,"IJA, Winston-Salem",Chuck Ritzler,M,0,0:03:14.00,?,IJA Database,,,194,0
21/07/2012,2012,3b 400m,"IJA, Winston-Salem",Colin Bevis,M,0,0:01:09.80,?,IJA Database,,,69,102
21/07/2012,2012,3b 800m,"IJA, Winston-Salem",Colin Bevis,M,0,0:03:03.00,?,IJA Database,,,183,0
21/07/2012,2012,3b 1600m,"IJA, Winston-Salem",Colin Bevis,M,0,0:07:07.00,?,IJA Database,,,427,0
21/07/2012,2012,3b 100m,"IJA, Winston-Salem",Danny Hodge,M,0,0:00:23.50,?,IJA Database,,,23,0
21/07/2012,2012,5b 100m,"IJA, Winston-Salem",Danny Hodge,M,0,0:01:07.00,?,IJA Database,,,67,0
21/07/2012,2012,3b 400m,"IJA, Winston-Salem",Danny Hodge,M,0,0:01:57.50,?,IJA Database,,,117,0
21/07/2012,2012,7b 100m,"IJA, Winston-Salem",Danny Hodge,M,0,0:03:53.00,?,IJA Database,,,233,0
21/07/2012,2012,5b 400m,"IJA, Winston-Salem",Danny Hodge,M,0,0:04:39.10,?,IJA Database,,,279,0
21/07/2012,2012,3b 100m,"IJA, Winston-Salem",Derek Hahn,M,0,0:00:24.80,?,IJA Database,,,24,0
21/07/2012,2012,3b 400m,"IJA, Winston-Salem",Derek Hahn,M,0,0:02:20.40,?,IJA Database,,,140,0
21/07/2012,2012,3b 800m,"IJA, Winston-Salem",Derek Hahn,M,0,0:03:54.00,?,IJA Database,,,234,0
21/07/2012,2012,3b 1600m,"IJA, Winston-Salem",Derek Hahn,M,0,0:09:02.00,?,IJA Database,,,542,0
21/07/2012,2012,3b 100m,"IJA, Winston-Salem",Dylan Waickman,M,0,0:00:14.30,?,IJA Database,,,14,221
21/07/2012,2012,5b 100m,"IJA, Winston-Salem",Dylan Waickman,M,0,0:01:02.40,?,IJA Database,,,62,0
21/07/2012,2012,3b 400m,"IJA, Winston-Salem",Dylan Waickman,M,0,0:01:18.90,?,IJA Database,,,78,1
21/07/2012,2012,3b 800m,"IJA, Winston-Salem",Dylan Waickman,M,0,0:02:54.00,?,IJA Database,,,174,12
21/07/2012,2012,3b 1600m,"IJA, Winston-Salem",Dylan Waickman,M,0,0:06:22.00,?,IJA Database,,,382,0
21/07/2012,2012,3b 100m,"IJA, Winston-Salem",Elise Johnson,F,0,0:00:21.40,?,IJA Database,,,21,9
21/07/2012,2012,5b 100m,"IJA, Winston-Salem",Elise Johnson,F,0,0:01:58.80,?,IJA Database,,,118,0
21/07/2012,2012,3b 400m,"IJA, Winston-Salem",Elise Johnson,F,0,0:02:10.10,?,IJA Database,,,130,0
21/07/2012,2012,3b 800m,"IJA, Winston-Salem",Elise Johnson,F,0,0:04:10.00,?,IJA Database,,,250,0
21/07/2012,2012,3b 4x100m,"IJA, Winston-Salem","Elise Johnson, Riga Moettus, Laura Schroeder, Alayna Bowlin",F,0,0:01:35.60,?,IJA Database,,,95,3
21/07/2012,2012,3b 100m,"IJA, Winston-Salem",Erick Mori-Quimper,M,0,0:00:19.70,?,IJA Database,,,19,0
21/07/2012,2012,3b 100m,"IJA, Winston-Salem",Graham Rowe,M,0,0:00:16.90,?,IJA Database,,,16,24
21/07/2012,2012,3b 400m,"IJA, Winston-Salem",Graham Rowe,M,0,0:01:24.10,?,IJA Database,,,84,0
21/07/2012,2012,5b 100m,"IJA, Winston-Salem",Graham Rowe,M,0,0:01:42.00,?,IJA Database,,,102,0
21/07/2012,2012,3b 100m,"IJA, Winston-Salem",Hannah Bowlin,F,0,0:00:33.60,?,IJA Database,,,33,0
21/07/2012,2012,3b 400m,"IJA, Winston-Salem",Hannah Bowlin,F,0,0:02:17.10,?,IJA Database,,,137,0
21/07/2012,2012,3b 800m,"IJA, Winston-Salem",Hannah Bowlin,F,0,0:05:06.00,?,IJA Database,,,306,0
21/07/2012,2012,5b 100m,"IJA, Winston-Salem",Jack Denger,M,USA,0:00:28.50,?,IJA Database,,,28,0
21/07/2012,2012,3b 400m,"IJA, Winston-Salem",Jack Denger,M,USA,0:01:28.70,?,IJA Database,,,88,0
21/07/2012,2012,7b 100m,"IJA, Winston-Salem",Jack Denger,M,USA,0:01:29.90,?,IJA Database,,,89,0
21/07/2012,2012,5b 400m,"IJA, Winston-Salem",Jack Denger,M,USA,0:02:25.40,?,IJA Database,,,145,0
21/07/2012,2012,3b 100m,"IJA, Winston-Salem",Jack Hirschowitz,M,USA,0:00:22.00,?,IJA Database,,,22,0
21/07/2012,2012,3b 400m,"IJA, Winston-Salem",Jack Hirschowitz,M,USA,0:01:42.00,?,IJA Database,,,102,0
21/07/2012,2012,3b 1600m,"IJA, Winston-Salem",Jack Hirschowitz,M,USA,0:08:11.00,?,IJA Database,,,491,0
21/07/2012,2012,3b 100m,"IJA, Winston-Salem",Jacob Biesiada,M,0,0:00:24.40,?,IJA Database,,,24,0
21/07/2012,2012,3b 400m,"IJA, Winston-Salem",Jacob Biesiada,M,0,0:01:31.60,?,IJA Database,,,91,0
21/07/2012,2012,3b 800m,"IJA, Winston-Salem",Jacob Biesiada,M,0,0:03:33.00,?,IJA Database,,,213,0
21/07/2012,2012,3b 1600m,"IJA, Winston-Salem",Jacob Biesiada,M,0,0:08:29.00,?,IJA Database,,,509,0
21/07/2012,2012,3b 100m,"IJA, Winston-Salem",Jason Matkowksi,M,0,0:00:25.30,?,IJA Database,,,25,0
21/07/2012,2012,3b 400m,"IJA, Winston-Salem",Jason Matkowksi,M,0,0:01:06.40,?,IJA Database,,,66,172
21/07/2012,2012,3b 800m,"IJA, Winston-Salem",Jason Matkowksi,M,0,0:02:56.00,?,IJA Database,,,176,7
21/07/2012,2012,3b 100m,"IJA, Winston-Salem",Joe Spicola,M,0,0:00:14.60,?,IJA Database,,,14,221
21/07/2012,2012,3b 800m,"IJA, Winston-Salem",Joe Straitiff,M,0,0:03:50.00,?,IJA Database,,,230,0
21/07/2012,2012,5b 100m,"IJA, Winston-Salem",Joey Spicola,M,0,0:00:42.10,?,IJA Database,,,42,0
21/07/2012,2012,7b 100m,"IJA, Winston-Salem",Joey Spicola,M,0,0:04:02.00,?,IJA Database,,,242,0
21/07/2012,2012,5b 400m,"IJA, Winston-Salem",Joey Spicola,M,0,0:04:26.80,?,IJA Database,,,266,0
21/07/2012,2012,3b 100m,"IJA, Winston-Salem",Josh Jarosz,M,0,0:00:45.10,?,IJA Database,,,45,0
21/07/2012,2012,3b 4x100m,"IJA, Winston-Salem","Josh Jarosz, Erick Mori-Quimper, Derek Hahn, Michael Mazur",M,0,0:01:50.50,?,IJA Database,,,110,0
21/07/2012,2012,3b 100m,"IJA, Winston-Salem",Keith McNeill,M,0,0:00:21.30,?,IJA Database,,,21,0
21/07/2012,2012,5b 100m,"IJA, Winston-Salem",Keith McNeill,M,0,0:01:09.40,?,IJA Database,,,69,0
21/07/2012,2012,3b 400m,"IJA, Winston-Salem",Keith McNeill,M,0,0:01:25.50,?,IJA Database,,,85,0
21/07/2012,2012,3b 100m,"IJA, Winston-Salem",Larry Schonhofen,M,0,0:00:27.60,?,IJA Database,,,27,0
21/07/2012,2012,3b 400m,"IJA, Winston-Salem",Larry Schonhofen,M,0,0:02:00.90,?,IJA Database,,,120,0
21/07/2012,2012,3b 800m,"IJA, Winston-Salem",Larry Schonhofen,M,0,0:04:58.00,?,IJA Database,,,298,0
21/07/2012,2012,3b 100m,"IJA, Winston-Salem",Laura Dickerson,F,0,0:02:46.70,?,IJA Database,,,166,0
21/07/2012,2012,3b 400m,"IJA, Winston-Salem",Laura Dickerson,F,0,0:18:22.00,?,IJA Database,,,1102,0
21/07/2012,2012,3b 100m,"IJA, Winston-Salem",Laura Schroeder,F,0,0:00:24.30,?,IJA Database,,,24,0
21/07/2012,2012,3b 400m,"IJA, Winston-Salem",Laura Schroeder,F,0,0:02:30.80,?,IJA Database,,,150,0
21/07/2012,2012,5b 100m,"IJA, Winston-Salem",Laura Schroeder,F,0,0:03:03.80,?,IJA Database,,,183,0
21/07/2012,2012,3b 100m,"IJA, Winston-Salem",Len Ferman,M,USA,0:00:14.80,?,IJA Database,,,14,221
21/07/2012,2012,5b 100m,"IJA, Winston-Salem",Len Ferman,M,USA,0:01:10.80,?,IJA Database,,,70,0
21/07/2012,2012,3b 800m,"IJA, Winston-Salem",Len Ferman,M,USA,0:02:33.00,?,IJA Database,,,153,166
21/07/2012,2012,5b 400m,"IJA, Winston-Salem",Len Ferman,M,USA,0:05:29.40,?,IJA Database,,,329,0
21/07/2012,2012,3b 100m,"IJA, Winston-Salem",Maggie Armstrong,F,0,0:00:18.40,?,IJA Database,,,18,158
21/07/2012,2012,3b 400m,"IJA, Winston-Salem",Maggie Armstrong,F,0,0:01:34.30,?,IJA Database,,,94,85
21/07/2012,2012,5b 100m,"IJA, Winston-Salem",Maggie Armstrong,F,0,0:02:01.40,?,IJA Database,,,121,0
21/07/2012,2012,3b 800m,"IJA, Winston-Salem",Maggie Armstrong,F,0,0:03:44.00,?,IJA Database,,,224,46
21/07/2012,2012,3b 100m,"IJA, Winston-Salem",Mark Fiore,M,USA,0:00:16.40,?,IJA Database,,,16,24
21/07/2012,2012,5b 100m,"IJA, Winston-Salem",Mark Fiore,M,USA,0:00:25.50,?,IJA Database,,,25,0
21/07/2012,2012,3b 400m,"IJA, Winston-Salem",Mark Fiore,M,USA,0:01:29.00,?,IJA Database,,,89,0
21/07/2012,2012,7b 100m,"IJA, Winston-Salem",Mark Fiore,M,USA,0:02:54.40,?,IJA Database,,,174,0
21/07/2012,2012,3b 100m,"IJA, Winston-Salem",Mary Geeves,F,0,0:00:59.10,?,IJA Database,,,59,0
21/07/2012,2012,3b 400m,"IJA, Winston-Salem",Mary Geeves,F,0,0:03:56.50,?,IJA Database,,,236,0
21/07/2012,2012,3b 800m,"IJA, Winston-Salem",Mary Geeves,F,0,0:08:02.00,?,IJA Database,,,482,0
21/07/2012,2012,3b 1600m,"IJA, Winston-Salem",Mary Geeves,F,0,0:16:00.00,?,IJA Database,,,960,0
21/07/2012,2012,3b 100m,"IJA, Winston-Salem",Michael Mazur,M,0,0:00:32.00,?,IJA Database,,,32,0
21/07/2012,2012,3b 400m,"IJA, Winston-Salem",Michael Mazur,M,0,0:02:06.40,?,IJA Database,,,126,0
21/07/2012,2012,3b 800m,"IJA, Winston-Salem",Michael Mazur,M,0,0:04:14.00,?,IJA Database,,,254,0
21/07/2012,2012,3b 100m,"IJA, Winston-Salem",Nathan Wakefield,M,0,0:00:28.30,?,IJA Database,,,28,0
21/07/2012,2012,3b 400m,"IJA, Winston-Salem",Nathan Wakefield,M,0,0:01:27.30,?,IJA Database,,,87,0
21/07/2012,2012,3b 800m,"IJA, Winston-Salem",Nathan Wakefield,M,0,0:03:10.00,?,IJA Database,,,190,0
21/07/2012,2012,3b 1600m,"IJA, Winston-Salem",Nathan Wakefield,M,0,0:06:58.00,?,IJA Database,,,418,0
21/07/2012,2012,3b 100m,"IJA, Winston-Salem",Neelraj Arjune,M,0,0:00:22.10,?,IJA Database,,,22,0
21/07/2012,2012,3b 400m,"IJA, Winston-Salem",Neelraj Arjune,M,0,0:01:30.00,?,IJA Database,,,90,0
21/07/2012,2012,3b 800m,"IJA, Winston-Salem",Neelraj Arjune,M,0,0:03:29.00,?,IJA Database,,,209,0
21/07/2012,2012,3b 1600m,"IJA, Winston-Salem",Neelraj Arjune,M,0,0:08:33.00,?,IJA Database,,,513,0
21/07/2012,2012,3b 100m,"IJA, Winston-Salem",Nick Eaton,M,0,0:00:20.10,?,IJA Database,,,20,0
21/07/2012,2012,3b 100m,"IJA, Winston-Salem",Nicolas Souren,M,0,0:00:14.50,?,IJA Database,,,14,221
21/07/2012,2012,5b 100m,"IJA, Winston-Salem",Nicolas Souren,M,0,0:00:20.00,?,IJA Database,,,20,0
21/07/2012,2012,3b 400m,"IJA, Winston-Salem",Nicolas Souren,M,0,0:01:10.10,?,IJA Database,,,70,82
21/07/2012,2012,5b 400m,"IJA, Winston-Salem",Nicolas Souren,M,0,0:02:26.50,?,IJA Database,,,146,0
21/07/2012,2012,3b 100m,"IJA, Winston-Salem",Peter Prokop,M,0,0:00:21.60,?,IJA Database,,,21,0
21/07/2012,2012,3b 400m,"IJA, Winston-Salem",Peter Prokop,M,0,0:01:25.60,?,IJA Database,,,85,0
21/07/2012,2012,3b 4x100m,"IJA, Winston-Salem","Peter Prokop, Neelraj Arjune, Jacob Biesiada, Mark Fiore",M,0,0:01:13.00,?,IJA Database,,,73,0
21/07/2012,2012,3b 100m,"IJA, Winston-Salem",Reid Johnson,M,0,0:00:16.00,?,IJA Database,,,16,24
21/07/2012,2012,5b 100m,"IJA, Winston-Salem",Reid Johnson,M,0,0:00:36.20,?,IJA Database,,,36,0
21/07/2012,2012,3b 400m,"IJA, Winston-Salem",Reid Johnson,M,0,0:01:22.00,?,IJA Database,,,82,0
21/07/2012,2012,5b 400m,"IJA, Winston-Salem",Reid Johnson,M,0,0:03:23.40,?,IJA Database,,,203,0
21/07/2012,2012,3b 100m,"IJA, Winston-Salem",Riga Moettus,F,USA,0:00:18.90,?,IJA Database,,,18,158
21/07/2012,2012,5b 100m,"IJA, Winston-Salem",Riga Moettus,F,USA,0:01:14.10,?,IJA Database,,,74,0
21/07/2012,2012,5b 400m,"IJA, Winston-Salem",Riga Moettus,F,USA,0:05:23.80,?,IJA Database,,,323,0
21/07/2012,2012,3b 100m,"IJA, Winston-Salem",Scott Geyman,M,0,0:00:21.40,?,IJA Database,,,21,0
21/07/2012,2012,3b 100m,"IJA, Winston-Salem",Sean O'Brien,M,0,0:00:34.80,?,IJA Database,,,34,0
21/07/2012,2012,3b 100m,"IJA, Winston-Salem",Sydney Paugh,F,0,0:00:16.40,?,IJA Database,,,16,357
21/07/2012,2012,3b 400m,"IJA, Winston-Salem",Sydney Paugh,F,0,0:01:43.60,?,IJA Database,,,103,16
21/07/2012,2012,5b 100m,"IJA, Winston-Salem",Sydney Paugh,F,0,0:01:56.50,?,IJA Database,,,116,0
21/07/2012,2012,3b 800m,"IJA, Winston-Salem",Sydney Paugh,F,0,0:04:15.00,?,IJA Database,,,255,0
21/07/2012,2012,3b 4x100m,"IJA, Winston-Salem","Sydney Paugh, Hannah Bowlin, Maggie Armstrong, Mary Geeves",F,0,0:02:00.00,?,IJA Database,,,120,0
21/07/2012,2012,3b 100m,"IJA, Winston-Salem",Zachary Turner,M,0,0:00:27.80,?,IJA Database,,,27,0
21/07/2012,2012,5b 100m,"IJA, Winston-Salem",Zachary Turner,M,0,0:01:11.20,?,IJA Database,,,71,0
21/07/2012,2012,3b 400m,"IJA, Winston-Salem",Zachary Turner,M,0,0:01:22.70,?,IJA Database,,,82,0
23/06/2012,2012,3b 5km,"Fishers Freedom 5km, Indiana",Bob Evans,M,USA,0:16:34.00,?,https://www.onlineraceresults.com/race/view_race.php?race_id=25925&num=15&split=TIME&submit_action=Refresh+Leaders#racetop,,,994,552
23/06/2012,2012,3b 5km,"Fishers Freedom 5km, Indiana",Trish Evans,F,USA,0:20:10.00,?,https://www.onlineraceresults.com/race/view_race.php?race_id=25925&num=15&split=TIME&submit_action=Refresh+Leaders#racetop,,,1210,640
16/04/2012,2012,3b Marathon,Boston Marathon,Tom Gounley,M,USA,3:52:33.00,?,http://registration.baa.org/2012/cf/public/iframe_ResultsSearch.cfm?mode=results  https://www.youtube.com/watch?v=LYoont-ebxA,,,13953,51
04/03/2012,2012,3b 5km,"Super Kids Sunday 5k, Long Beach, California",Bob Evans,M,USA,0:16:42.00,?,https://thejoggler.blogspot.com/2012/03/bob-evans-lowers-5k-joggling-record-to.html,,,1002,532
18/02/2012,2012,3b 5km,Highbury Fields Parkrun,Ralph Kidner,M,GBR,0:25:37.00,?,https://www.parkrun.org.uk/highburyfields/results/15/,,,1537,0
16/11/2011,2011,3b Half Marathon,"Des Moines Half Marathon, Iowa",Tyler Wishau,M,USA,1:25:45.00,?,https://www.onlineraceresults.com/race/view_race.php?race_id=21745&re_NO=e.g.%2C+1946&re_FN=e.g.%2C+Joe&re_LN=Wishau&re_CITY=&re_STATE=&re_DIVISION=&submit_action=select_result&race_id=21745#results      https://www.dmu.edu/blog/2012/03/joggler-juggles-more-than-medical-school/,,,5145,358
12/11/2011,2011,3b 10km,"Mandarin Run, Jacksonville, Florida",Bob Evans,M,USA,0:35:41.00,?,http://1stplacesports.com/man11gradedres.htm,,,2141,537
12/11/2011,2011,3b Marathon,SunTrust Richmond (Virginia) Marathon,Jesse Joyner,M,USA,5:48:17.00,4,https://www.trackshackresults.com/richmond/results/2011/mar_results.php?Link=5&Type=3&LName=Joyner&FName=Jesse&City=&State=&Country=,,,20897,0
12/11/2011,2011,3b 10km,"Mandarin Run, Jacksonville, Florida",Trish Evans,F,USA,0:42:58.00,?,http://www.recordholders.org/en/list/joggling.html,,,2578,643
06/11/2011,2011,3b Marathon,New York City Marathon,Jack Hirschowitz,M,USA,4:43:53.00,?,http://www.marathonguide.com/results/search.cfm,,,17033,0
29/10/2011,2011,3b 5km,"Race for the Cure in Nashville, Tennessee",Bob Evans,M,USA,0:16:51.00,?,https://www.prweb.com/releases/catchitearly/joggling-world-record/prweb8929941.htm,,,1011,511
09/10/2011,2011,3b Marathon,Chicago Marathon,Perry Romanowski,M,USA,3:35:58.00,?,https://chicago-history.r.mikatiming.com/2021/?pid=search,,,12958,133
28/08/2011,2011,3b Ultra (57m),Boston 12 Hour Race,Tim Butler,M,GBR,12:00:00.00,?,Marathon #7: https://www.joggling.co.uk/Marathon-List,,,43200,0
09/08/2011,2011,5b 400m,Time Trial,Matthew Feldman,M,USA,0:01:10.50,0,https://www.youtube.com/watch?v=cLH2TQC3KiQ  https://www.guinnessworldrecords.com/world-records/fastest-400-m-joggling-with-five-objects-male,,,70,82
20/07/2011,2011,3b 100m,"IJA, Rochester",Alayna Bowlin,F,0,0:00:20.46,?,IJA Database,,,20,39
20/07/2011,2011,3b 200m,"IJA, Rochester",Alayna Bowlin,F,0,0:00:50.25,?,IJA Database,,,50,0
20/07/2011,2011,3b 800m,"IJA, Rochester",Alayna Bowlin,F,0,0:04:17.60,?,IJA Database,,,257,0
20/07/2011,2011,3b 100m,"IJA, Rochester",Alda Moettus,F,0,0:01:47.80,?,IJA Database,,,107,0
20/07/2011,2011,3b 200m,"IJA, Rochester",Alec Bennett,M,0,0:00:40.00,?,IJA Database,,,40,0
20/07/2011,2011,3b 400m,"IJA, Rochester",Alec Bennett,M,0,0:01:21.70,?,IJA Database,,,81,0
20/07/2011,2011,3b 800m,"IJA, Rochester",Alec Bennett,M,0,0:03:17.20,?,IJA Database,,,197,0
20/07/2011,2011,3b 1600m,"IJA, Rochester",Alec Bennett,M,0,0:08:08.40,?,IJA Database,,,488,0
20/07/2011,2011,3b 100m,"IJA, Rochester",Alex Koren,M,0,0:00:29.02,?,IJA Database,,,29,0
20/07/2011,2011,3b 400m,"IJA, Rochester",Alex Koren,M,0,0:01:32.90,?,IJA Database,,,92,0
20/07/2011,2011,3b 100m,"IJA, Rochester",Anders Kierulf,M,0,0:00:15.81,?,IJA Database,,,15,98
20/07/2011,2011,3b 200m,"IJA, Rochester",Anders Kierulf,M,0,0:00:33.86,?,IJA Database,,,33,31
20/07/2011,2011,3b 400m,"IJA, Rochester",Anders Kierulf,M,0,0:01:15.20,?,IJA Database,,,75,16
20/07/2011,2011,3b 100m,"IJA, Rochester",Andrew Hodge,M,0,0:00:15.83,?,IJA Database,,,15,98
20/07/2011,2011,5b 100m,"IJA, Rochester",Andrew Hodge,M,0,0:00:33.03,?,IJA Database,,,33,0
20/07/2011,2011,3b 400m,"IJA, Rochester",Andrew Hodge,M,0,0:01:13.70,?,IJA Database,,,73,36
20/07/2011,2011,7b 100m,"IJA, Rochester",Andrew Hodge,M,0,0:01:30.90,?,IJA Database,,,90,0
20/07/2011,2011,3b 800m,"IJA, Rochester",Andrew Hodge,M,0,0:03:02.20,?,IJA Database,,,182,0
20/07/2011,2011,3b 1600m,"IJA, Rochester",Andrew Hodge,M,0,0:07:02.70,?,IJA Database,,,422,0
20/07/2011,2011,3b 100m,"IJA, Rochester",Andrew Ruiz,M,0,0:00:16.91,?,IJA Database,,,16,24
20/07/2011,2011,5b 100m,"IJA, Rochester",Andrew Ruiz,M,0,0:00:28.66,?,IJA Database,,,28,0
20/07/2011,2011,3b 200m,"IJA, Rochester",Andrew Ruiz,M,0,0:00:51.71,?,IJA Database,,,51,0
20/07/2011,2011,7b 100m,"IJA, Rochester",Andrew Ruiz,M,0,0:01:05.00,?,IJA Database,,,65,0
20/07/2011,2011,3b 100m,"IJA, Rochester",Anna Gratzer,F,0,0:00:25.10,?,IJA Database,,,25,0
20/07/2011,2011,3b 200m,"IJA, Rochester",Anna Gratzer,F,0,0:01:02.60,?,IJA Database,,,62,0
20/07/2011,2011,3b 4x100m,"IJA, Rochester","Anna Gratzer, Megan Hussey, Riga Moettus, Alayna Bowlin",F,0,0:01:38.90,?,IJA Database,,,98,0
20/07/2011,2011,7b 100m,"IJA, Rochester",Billy Watson,M,0,0:01:23.30,?,IJA Database,,,83,0
20/07/2011,2011,3b 1600m,"IJA, Rochester",Billy Watson,M,0,0:05:42.00,?,IJA Database,,,342,0
20/07/2011,2011,3b 5km,"IJA, Rochester",Billy Watson,M,0,0:20:00.00,?,IJA Database,,,1200,160
20/07/2011,2011,3b 5km,"IJA, Rochester",Bob Evans,M,USA,0:19:01.60,?,IJA Database,,,1141,248
20/07/2011,2011,3b 5km,"IJA, Rochester",Charles Schweitzer,M,USA,0:17:57.40,?,IJA Database,,,1077,366
20/07/2011,2011,3b 100m,"IJA, Rochester",Chris Dokler,M,0,0:00:20.80,?,IJA Database,,,20,0
20/07/2011,2011,5b 100m,"IJA, Rochester",Chris Dokler,M,0,0:00:58.82,?,IJA Database,,,58,0
20/07/2011,2011,3b 100m,"IJA, Rochester",Chris Lovdal,M,USA,0:00:14.28,?,IJA Database,,,14,221
20/07/2011,2011,3b 200m,"IJA, Rochester",Chris Lovdal,M,USA,0:00:28.91,?,IJA Database,,,28,285
20/07/2011,2011,5b 100m,"IJA, Rochester",Chris Lovdal,M,USA,0:00:41.52,?,IJA Database,,,41,0
20/07/2011,2011,3b 400m,"IJA, Rochester",Chris Lovdal,M,USA,0:01:03.10,?,IJA Database,,,63,261
20/07/2011,2011,3b 4x100m,"IJA, Rochester","Chris Lovdal, Eric Walter, Tyler Wishau, Charles Schweitzer",M,0,0:00:55.82,?,IJA Database,,,55,259
20/07/2011,2011,3b 800m,"IJA, Rochester",Chris Merra,M,0,0:02:48.00,?,IJA Database,,,168,38
20/07/2011,2011,3b 5km,"IJA, Rochester",Chris Merra,M,0,0:21:41.40,?,IJA Database,,,1301,53
20/07/2011,2011,5b 100m,"IJA, Rochester",Chris Olson,M,0,0:00:55.83,?,IJA Database,,,55,0
20/07/2011,2011,3b 100m,"IJA, Rochester",Chuck Ritzler,M,0,0:00:23.58,?,IJA Database,,,23,0
20/07/2011,2011,3b 400m,"IJA, Rochester",Chuck Ritzler,M,0,0:01:31.30,?,IJA Database,,,91,0
20/07/2011,2011,3b 100m,"IJA, Rochester",Colin Revere,M,0,0:00:16.66,?,IJA Database,,,16,24
20/07/2011,2011,5b 100m,"IJA, Rochester",Colin Revere,M,0,0:01:08.60,?,IJA Database,,,68,0
20/07/2011,2011,5b 100m,"IJA, Rochester",Conor Hussey,M,0,0:00:54.31,?,IJA Database,,,54,0
20/07/2011,2011,3b 800m,"IJA, Rochester",Conor Hussey,M,0,0:03:16.00,?,IJA Database,,,196,0
20/07/2011,2011,3b 400m,"IJA, Rochester",Daniel Burke,M,0,0:01:18.30,?,IJA Database,,,78,1
20/07/2011,2011,3b 100m,"IJA, Rochester",Daniel Rose,M,0,0:00:16.69,?,IJA Database,,,16,24
20/07/2011,2011,5b 100m,"IJA, Rochester",Daniel Rose,M,0,0:00:57.81,?,IJA Database,,,57,0
20/07/2011,2011,5b 100m,"IJA, Rochester",Danny Gratzer,M,0,0:00:52.76,?,IJA Database,,,52,0
20/07/2011,2011,7b 100m,"IJA, Rochester",Danny Gratzer,M,0,0:02:22.80,?,IJA Database,,,142,0
20/07/2011,2011,3b 100m,"IJA, Rochester",Danny Hodge,M,0,0:00:19.35,?,IJA Database,,,19,0
20/07/2011,2011,3b 200m,"IJA, Rochester",Danny Hodge,M,0,0:00:42.14,?,IJA Database,,,42,0
20/07/2011,2011,5b 100m,"IJA, Rochester",Danny Hodge,M,0,0:01:01.80,?,IJA Database,,,61,0
20/07/2011,2011,3b 400m,"IJA, Rochester",Danny Hodge,M,0,0:02:09.10,?,IJA Database,,,129,0
20/07/2011,2011,7b 100m,"IJA, Rochester",Danny Hodge,M,0,0:05:21.80,?,IJA Database,,,321,0
20/07/2011,2011,3b 4x100m,"IJA, Rochester","Danny Rose, Alex Koren, Andrew Ruiz, Colin Revere",M,0,0:01:17.50,?,IJA Database,,,77,0
20/07/2011,2011,3b 100m,"IJA, Rochester",Dave Kadlec,M,0,0:00:16.30,?,IJA Database,,,16,24
20/07/2011,2011,5b 100m,"IJA, Rochester",Dave Kadlec,M,0,0:01:03.30,?,IJA Database,,,63,0
20/07/2011,2011,3b 100m,"IJA, Rochester",David Mlakar,M,0,0:00:15.21,?,IJA Database,,,15,98
20/07/2011,2011,5b 100m,"IJA, Rochester",David Mlakar,M,0,0:00:47.45,?,IJA Database,,,47,0
20/07/2011,2011,3b 1600m,"IJA, Rochester",Dean Bennett,M,0,0:08:25.60,?,IJA Database,,,505,0
20/07/2011,2011,3b 5km,"IJA, Rochester",Dean Bennett,M,0,0:28:54.10,?,IJA Database,,,1734,0
20/07/2011,2011,3b 100m,"IJA, Rochester",Dylan Waickman,M,0,0:00:15.71,?,IJA Database,,,15,98
20/07/2011,2011,3b 200m,"IJA, Rochester",Dylan Waickman,M,0,0:00:31.16,?,IJA Database,,,31,102
20/07/2011,2011,5b 100m,"IJA, Rochester",Dylan Waickman,M,0,0:01:05.50,?,IJA Database,,,65,0
20/07/2011,2011,3b 400m,"IJA, Rochester",Dylan Waickman,M,0,0:01:09.00,?,IJA Database,,,69,102
20/07/2011,2011,3b 200m,"IJA, Rochester",Eric Walter,M,USA,0:00:26.81,?,IJA Database,,,26,458
20/07/2011,2011,3b 400m,"IJA, Rochester",Eric Walter,M,USA,0:00:57.66,?,IJA Database,,,57,494
20/07/2011,2011,3b 800m,"IJA, Rochester",Eric Walter,M,USA,0:02:13.20,?,IJA Database,,,133,475
20/07/2011,2011,3b 200m,"IJA, Rochester",Grace Boatman,F,0,0:00:31.87,?,IJA Database,,,31,471
20/07/2011,2011,5b 100m,"IJA, Rochester",Grace Boatman,F,0,0:01:14.20,?,IJA Database,,,74,0
20/07/2011,2011,3b 800m,"IJA, Rochester",Grace Boatman,F,0,0:02:47.40,?,IJA Database,,,167,473
20/07/2011,2011,3b 4x400m,"IJA, Rochester","Grace Boatman, Maggie Armstrong, Sydney Paugh, Danny Gratzer",Mixed,0,0:08:01.80,?,IJA Database,,,481,0
20/07/2011,2011,3b 100m,"IJA, Rochester",Graham Rowe,M,0,0:00:18.95,?,IJA Database,,,18,0
20/07/2011,2011,3b 400m,"IJA, Rochester",Graham Rowe,M,0,0:01:32.40,?,IJA Database,,,92,0
20/07/2011,2011,3b 4x100m,"IJA, Rochester","Graham Rowe, Dave Kadlec, Conor Hussey, Daniel Burke",M,0,0:01:13.50,?,IJA Database,,,73,0
20/07/2011,2011,3b 4x400m,"IJA, Rochester","Graham Rowe, Dave Kadlec, Conor Hussey, Daniel Burke",M,0,0:06:31.80,?,IJA Database,,,391,0
20/07/2011,2011,3b 100m,"IJA, Rochester",Griffin Kelley,M,0,0:00:32.80,?,IJA Database,,,32,0
20/07/2011,2011,5b 100m,"IJA, Rochester",Griffin Kelley,M,0,0:00:43.94,?,IJA Database,,,43,0
20/07/2011,2011,3b 400m,"IJA, Rochester",Griffin Kelley,M,0,0:01:05.70,?,IJA Database,,,65,200
20/07/2011,2011,3b 100m,"IJA, Rochester",Hannah Bowlin,F,0,0:00:21.33,?,IJA Database,,,21,9
20/07/2011,2011,5b 100m,"IJA, Rochester",Hannah Bowlin,F,0,0:02:10.60,?,IJA Database,,,130,0
20/07/2011,2011,3b 1600m,"IJA, Rochester",Hannah Bowlin,F,0,0:10:44.00,?,IJA Database,,,644,0
20/07/2011,2011,3b 100m,"IJA, Rochester",Hannah Stoehr,F,0,0:00:22.15,?,IJA Database,,,22,0
20/07/2011,2011,3b 200m,"IJA, Rochester",Hannah Stoehr,F,0,0:00:50.29,?,IJA Database,,,50,0
20/07/2011,2011,3b 400m,"IJA, Rochester",Hannah Stoehr,F,0,0:01:45.80,?,IJA Database,,,105,8
20/07/2011,2011,5b 100m,"IJA, Rochester",Hannah Stoehr,F,0,0:02:25.20,?,IJA Database,,,145,0
20/07/2011,2011,3b 800m,"IJA, Rochester",Hannah Stoehr,F,0,0:04:31.70,?,IJA Database,,,271,0
20/07/2011,2011,5b 100m,"IJA, Rochester",Jack Denger,M,USA,0:00:27.15,?,IJA Database,,,27,0
20/07/2011,2011,7b 100m,"IJA, Rochester",Jack Denger,M,USA,0:01:02.80,?,IJA Database,,,62,0
20/07/2011,2011,3b 400m,"IJA, Rochester",Jack Denger,M,USA,0:01:29.20,?,IJA Database,,,89,0
20/07/2011,2011,3b 200m,"IJA, Rochester",Jack Hirschowitz,M,USA,0:00:44.80,?,IJA Database,,,44,0
20/07/2011,2011,3b 800m,"IJA, Rochester",Jack Hirschowitz,M,USA,0:04:00.30,?,IJA Database,,,240,0
20/07/2011,2011,3b 5km,"IJA, Rochester",Jack Hirschowitz,M,USA,0:28:54.10,?,IJA Database,,,1734,0
20/07/2011,2011,5b 100m,"IJA, Rochester",Jack Levy,M,0,0:00:29.48,?,IJA Database,,,29,0
20/07/2011,2011,3b 200m,"IJA, Rochester",Jack Levy,M,0,0:00:32.75,?,IJA Database,,,32,62
20/07/2011,2011,3b 400m,"IJA, Rochester",Jack Levy,M,0,0:01:16.00,?,IJA Database,,,76,9
20/07/2011,2011,3b 4x400m,"IJA, Rochester","Jack Levy, Joey Spicola, Joe Gould, Billy Watson",M,0,0:05:51.00,?,IJA Database,,,351,0
20/07/2011,2011,3b 100m,"IJA, Rochester",Jacob Biesiada,M,0,0:00:21.25,?,IJA Database,,,21,0
20/07/2011,2011,5b 100m,"IJA, Rochester",Joe Gould,M,0,0:01:01.40,?,IJA Database,,,61,0
20/07/2011,2011,3b 400m,"IJA, Rochester",Joe Gould,M,0,0:01:27.20,?,IJA Database,,,87,0
20/07/2011,2011,3b 4x100m,"IJA, Rochester","Joe Gould, Jack Levy, David Mlakar, Joey Spicola",M,0,0:01:02.20,?,IJA Database,,,62,69
20/07/2011,2011,3b 100m,"IJA, Rochester",Joey Spicola,M,0,0:00:17.21,?,IJA Database,,,17,0
20/07/2011,2011,3b 200m,"IJA, Rochester",Joey Spicola,M,0,0:00:38.24,?,IJA Database,,,38,0
20/07/2011,2011,5b 100m,"IJA, Rochester",Joey Spicola,M,0,0:00:45.22,?,IJA Database,,,45,0
20/07/2011,2011,3b 400m,"IJA, Rochester",Joey Spicola,M,0,0:01:32.60,?,IJA Database,,,92,0
20/07/2011,2011,7b 100m,"IJA, Rochester",Joey Spicola,M,0,0:03:10.70,?,IJA Database,,,190,0
20/07/2011,2011,3b 100m,"IJA, Rochester",John Kilgust,M,0,0:00:18.80,?,IJA Database,,,18,0
20/07/2011,2011,3b 200m,"IJA, Rochester",John Kilgust,M,0,0:00:49.95,?,IJA Database,,,49,0
20/07/2011,2011,3b 5km,"IJA, Rochester",John Kilgust,M,0,0:27:18.50,?,IJA Database,,,1638,0
20/07/2011,2011,3b 4x100m,"IJA, Rochester","John Kilgust, Tom McClintock, Jack Hirschowitz, Anders Kierulf",M,0,0:01:26.60,?,IJA Database,,,86,0
20/07/2011,2011,3b 4x400m,"IJA, Rochester","John Kilgust, Tom McClintock, Jack Hirschowitz, Anders Kierulf",M,0,0:06:38.00,?,IJA Database,,,398,0
20/07/2011,2011,5b 100m,"IJA, Rochester",Jonah Freed,M,0,0:01:00.20,?,IJA Database,,,60,0
20/07/2011,2011,3b 400m,"IJA, Rochester",Jonah Freed,M,0,0:01:24.00,?,IJA Database,,,84,0
20/07/2011,2011,3b 100m,"IJA, Rochester",Katie Evans,F,0,0:00:30.23,?,IJA Database,,,30,0
20/07/2011,2011,3b 200m,"IJA, Rochester",Katie Evans,F,0,0:00:48.49,?,IJA Database,,,48,0
20/07/2011,2011,3b 400m,"IJA, Rochester",Katie Evans,F,0,0:01:59.40,?,IJA Database,,,119,0
20/07/2011,2011,3b 100m,"IJA, Rochester",Kevin Giblin,M,0,0:00:16.40,?,IJA Database,,,16,24
20/07/2011,2011,3b 400m,"IJA, Rochester",Kevin Giblin,M,0,0:01:18.40,?,IJA Database,,,78,1
20/07/2011,2011,3b 4x100m,"IJA, Rochester","Kevin Giblin, Chris Dokler, Chuck Ritzler, Dylan Waickman",M,0,0:01:06.60,?,IJA Database,,,66,15
20/07/2011,2011,3b 100m,"IJA, Rochester",Len Ferman,M,USA,0:00:15.60,?,IJA Database,,,15,98
20/07/2011,2011,3b 200m,"IJA, Rochester",Len Ferman,M,USA,0:00:31.03,?,IJA Database,,,31,102
20/07/2011,2011,5b 100m,"IJA, Rochester",Len Ferman,M,USA,0:00:54.35,?,IJA Database,,,54,0
20/07/2011,2011,3b 400m,"IJA, Rochester",Len Ferman,M,USA,0:01:05.40,?,IJA Database,,,65,200
20/07/2011,2011,3b 1600m,"IJA, Rochester",Len Ferman,M,USA,0:06:25.80,?,IJA Database,,,385,0
20/07/2011,2011,3b 100m,"IJA, Rochester",Maggie Armstrong,F,0,0:00:19.10,?,IJA Database,,,19,89
20/07/2011,2011,3b 200m,"IJA, Rochester",Maggie Armstrong,F,0,0:00:46.51,?,IJA Database,,,46,0
20/07/2011,2011,5b 100m,"IJA, Rochester",Maggie Armstrong,F,0,0:01:35.10,?,IJA Database,,,95,0
20/07/2011,2011,3b 400m,"IJA, Rochester",Maggie Armstrong,F,0,0:01:36.30,?,IJA Database,,,96,65
20/07/2011,2011,3b 4x100m,"IJA, Rochester","Maggie Armstrong, Sydney Paugh, Danny Gratzer, Grace Boatman",Mixed,0,0:01:18.00,?,IJA Database,,,78,0
20/07/2011,2011,3b 100m,"IJA, Rochester",Mara Moettus,F,USA,0:00:19.16,?,IJA Database,,,19,89
20/07/2011,2011,3b 400m,"IJA, Rochester",Mara Moettus,F,USA,0:01:57.30,?,IJA Database,,,117,0
20/07/2011,2011,5b 100m,"IJA, Rochester",Mara Moettus,F,USA,0:01:59.90,?,IJA Database,,,119,0
20/07/2011,2011,3b 100m,"IJA, Rochester",Megan Hussey,F,0,0:00:26.46,?,IJA Database,,,26,0
20/07/2011,2011,3b 200m,"IJA, Rochester",Megan Hussey,F,0,0:01:10.20,?,IJA Database,,,70,0
20/07/2011,2011,3b 800m,"IJA, Rochester",Megan Hussey,F,0,0:05:04.30,?,IJA Database,,,304,0
20/07/2011,2011,3b 100m,"IJA, Rochester",Michael Barreto,M,0,0:00:22.84,?,IJA Database,,,22,0
20/07/2011,2011,3b 400m,"IJA, Rochester",Michael Barreto,M,0,0:01:14.80,?,IJA Database,,,74,25
20/07/2011,2011,3b 100m,"IJA, Rochester",Michael Mazur,M,0,0:00:36.84,?,IJA Database,,,36,0
20/07/2011,2011,3b 400m,"IJA, Rochester",Michael Mazur,M,0,0:02:11.00,?,IJA Database,,,131,0
20/07/2011,2011,3b 4x100m,"IJA, Rochester","Michael Mazur, Scott Geyman, Mike DeSalvo, Nicholas Eaton",M,0,0:01:50.60,?,IJA Database,,,110,0
20/07/2011,2011,3b 100m,"IJA, Rochester",Mike DeSalvo,M,0,0:00:24.69,?,IJA Database,,,24,0
20/07/2011,2011,3b 100m,"IJA, Rochester",Mike Moore,M,USA,0:00:16.61,?,IJA Database,,,16,24
20/07/2011,2011,5b 100m,"IJA, Rochester",Mike Moore,M,USA,0:00:50.36,?,IJA Database,,,50,0
20/07/2011,2011,3b 800m,"IJA, Rochester",Nathan Lane,M,0,0:02:38.70,?,IJA Database,,,158,114
20/07/2011,2011,3b 1600m,"IJA, Rochester",Nathan Lane,M,0,0:06:09.60,?,IJA Database,,,369,0
20/07/2011,2011,3b 5km,"IJA, Rochester",Nathan Wakefield,M,0,0:29:29.00,?,IJA Database,,,1769,0
20/07/2011,2011,3b 100m,"IJA, Rochester",Nicholas Eaton,M,0,0:00:28.83,?,IJA Database,,,28,0
20/07/2011,2011,3b 100m,"IJA, Rochester",Nick Hiniker,M,0,0:00:31.21,?,IJA Database,,,31,0
20/07/2011,2011,5b 100m,"IJA, Rochester",Nick Hiniker,M,0,0:01:05.00,?,IJA Database,,,65,0
20/07/2011,2011,3b 100m,"IJA, Rochester",Paul Arneberg,M,0,0:00:16.04,?,IJA Database,,,16,24
20/07/2011,2011,3b 400m,"IJA, Rochester",Paul Arneberg,M,0,0:01:28.20,?,IJA Database,,,88,0
20/07/2011,2011,5b 100m,"IJA, Rochester",Paul Arneberg,M,0,0:01:50.10,?,IJA Database,,,110,0
20/07/2011,2011,3b 800m,"IJA, Rochester",Paul Arneberg,M,0,0:02:50.80,?,IJA Database,,,170,28
20/07/2011,2011,3b 100m,"IJA, Rochester",Peter Brunette,M,0,0:00:20.87,?,IJA Database,,,20,0
20/07/2011,2011,5b 100m,"IJA, Rochester",Peter Brunette,M,0,0:00:58.93,?,IJA Database,,,58,0
20/07/2011,2011,3b 400m,"IJA, Rochester",Peter Brunette,M,0,0:01:28.40,?,IJA Database,,,88,0
20/07/2011,2011,3b 800m,"IJA, Rochester",Peter Brunette,M,0,0:03:23.90,?,IJA Database,,,203,0
20/07/2011,2011,3b 100m,"IJA, Rochester",Reid Johnson,M,0,0:00:17.86,?,IJA Database,,,17,0
20/07/2011,2011,3b 200m,"IJA, Rochester",Reid Johnson,M,0,0:00:36.52,?,IJA Database,,,36,0
20/07/2011,2011,5b 100m,"IJA, Rochester",Reid Johnson,M,0,0:00:52.83,?,IJA Database,,,52,0
20/07/2011,2011,3b 400m,"IJA, Rochester",Reid Johnson,M,0,0:01:15.70,?,IJA Database,,,75,16
20/07/2011,2011,3b 1600m,"IJA, Rochester",Reid Johnson,M,0,0:08:06.60,?,IJA Database,,,486,0
20/07/2011,2011,3b 4x100m,"IJA, Rochester","Reid Johnson, Nick Hiniker, Trish Evans, Unknown",Mixed,0,0:01:31.90,?,IJA Database,,,91,0
20/07/2011,2011,3b 100m,"IJA, Rochester",Riga Moettus,F,USA,0:00:23.15,?,IJA Database,,,23,0
20/07/2011,2011,3b 200m,"IJA, Rochester",Riga Moettus,F,USA,0:00:43.97,?,IJA Database,,,43,14
20/07/2011,2011,5b 100m,"IJA, Rochester",Riga Moettus,F,USA,0:01:16.80,?,IJA Database,,,76,0
20/07/2011,2011,3b 100m,"IJA, Rochester",Ryan Paul,M,0,0:00:20.66,?,IJA Database,,,20,0
20/07/2011,2011,3b 100m,"IJA, Rochester",Scott Geyman,M,0,0:00:22.69,?,IJA Database,,,22,0
20/07/2011,2011,3b 100m,"IJA, Rochester",Sofia Meyer,F,0,0:00:27.77,?,IJA Database,,,27,0
20/07/2011,2011,3b 200m,"IJA, Rochester",Sofia Meyer,F,0,0:00:45.25,?,IJA Database,,,45,0
20/07/2011,2011,5b 100m,"IJA, Rochester",Sofia Meyer,F,0,0:01:41.80,?,IJA Database,,,101,0
20/07/2011,2011,3b 100m,"IJA, Rochester",Sydney Paugh,F,0,0:00:17.79,?,IJA Database,,,17,248
20/07/2011,2011,3b 200m,"IJA, Rochester",Sydney Paugh,F,0,0:00:42.82,?,IJA Database,,,42,27
20/07/2011,2011,3b 400m,"IJA, Rochester",Sydney Paugh,F,0,0:01:39.50,?,IJA Database,,,99,40
20/07/2011,2011,5b 100m,"IJA, Rochester",Sydney Paugh,F,0,0:01:53.20,?,IJA Database,,,113,0
20/07/2011,2011,3b 1600m,"IJA, Rochester",Sydney Paugh,F,0,0:10:18.30,?,IJA Database,,,618,0
20/07/2011,2011,3b 100m,"IJA, Rochester",Taylor Glenn,F,USA,0:00:24.39,?,IJA Database,,,24,0
20/07/2011,2011,5b 100m,"IJA, Rochester",Taylor Glenn,F,USA,0:01:12.00,?,IJA Database,,,72,0
20/07/2011,2011,7b 100m,"IJA, Rochester",Taylor Glenn,F,USA,0:05:21.10,?,IJA Database,,,321,0
20/07/2011,2011,3b 4x100m,"IJA, Rochester","Taylor Glenn, Mara Moettus, Sofia Meyer, Hannah Stoehr",F,0,0:01:28.70,?,IJA Database,,,88,38
20/07/2011,2011,3b 100m,"IJA, Rochester",Tom McClintock,M,0,0:00:19.58,?,IJA Database,,,19,0
20/07/2011,2011,3b 200m,"IJA, Rochester",Tom McClintock,M,0,0:00:39.52,?,IJA Database,,,39,0
20/07/2011,2011,3b 800m,"IJA, Rochester",Tom McClintock,M,0,0:03:37.40,?,IJA Database,,,217,0
20/07/2011,2011,3b 1600m,"IJA, Rochester",Tom McClintock,M,0,0:08:14.60,?,IJA Database,,,494,0
20/07/2011,2011,3b 100m,"IJA, Rochester",Trish Evans,F,USA,0:00:16.29,?,IJA Database,,,16,357
20/07/2011,2011,3b 200m,"IJA, Rochester",Trish Evans,F,USA,0:00:31.83,?,IJA Database,,,31,471
20/07/2011,2011,3b 800m,"IJA, Rochester",Trish Evans,F,USA,0:02:44.70,?,IJA Database,,,164,508
20/07/2011,2011,3b 5km,"IJA, Rochester",Trish Evans,F,USA,0:21:46.30,?,IJA Database,,,1306,509
20/07/2011,2011,3b 100m,"IJA, Rochester",Ty Evans,M,0,0:00:24.27,?,IJA Database,,,24,0
20/07/2011,2011,3b 200m,"IJA, Rochester",Ty Evans,M,0,0:00:49.12,?,IJA Database,,,49,0
20/07/2011,2011,3b 400m,"IJA, Rochester",Ty Evans,M,0,0:01:52.50,?,IJA Database,,,112,0
20/07/2011,2011,3b 100m,"IJA, Rochester",Tyler Wishau,M,USA,0:00:14.48,?,IJA Database,,,14,221
20/07/2011,2011,3b 200m,"IJA, Rochester",Tyler Wishau,M,USA,0:00:30.06,?,IJA Database,,,30,153
20/07/2011,2011,3b 400m,"IJA, Rochester",Tyler Wishau,M,USA,0:01:03.60,?,IJA Database,,,63,261
20/07/2011,2011,5b 100m,"IJA, Rochester",Tyler Wishau,M,USA,0:01:17.10,?,IJA Database,,,77,0
20/07/2011,2011,3b 5km,"IJA, Rochester",Tyler Wishau,M,USA,0:18:38.80,?,IJA Database,,,1118,288
24/05/2011,2011,5b 5km,Time Trial,Matthew Feldman,M,USA,0:27:06.00,?,https://www.youtube.com/watch?v=04xkFcyPr4A,,,1626,0
22/05/2011,2011,3b Marathon,Edinburgh Marathon,Ralph Kidner,M,GBR,4:37:31.00,48,https://www.edinburghmarathon.com/results?name=ralph+kidner&running_number=&event=28&gender=&age_category=,,,16651,0
22/05/2011,2011,3b Half Marathon,Edinburgh Half Marathon,Steve Portwine,M,GBR,2:04:03.00,6,https://www.podiumrunner.com/events/the-tale-of-the-scottish-joggler/  https://www.getreading.co.uk/news/local-news/woodley-man-steve-portwine-juggle-4214204,,,7443,0
05/05/2011,2011,3b 400m,Time Trial,David Ferman,M,USA,0:00:56.23,0,https://www.youtube.com/watch?v=YhcXu01bUzE,,,56,540
24/04/2011,2011,3b Marathon,London Marathon,Tim Butler,M,GBR,5:06:20.00,?,Marathon #6: https://www.joggling.co.uk/Marathon-List,,,18380,0
17/04/2011,2011,3c Marathon,London Marathon,Colin Francome,M,GBR,7:32:23.00,?,https://www.justgiving.com/fundraising/colinfrancome https://marathonview.net/search?query=colin%20francome,,,27143,0
10/04/2011,2011,3b Marathon,Paris Marathon,Perry Romanowski,M,USA,3:58:05.00,?,https://marathonview.net/result/43416935,,,14285,33
29/01/2011,2011,3b 50 Miles,Yorkshire Frostbite 50,Tim Butler,M,GBR,13:34:00.00,?,Marathon #5: https://www.joggling.co.uk/Marathon-List,,,48840,0
07/11/2010,2010,3b Marathon,Rutland Water Marathon,Tim Butler,M,GBR,4:34:19.00,?,Marathon #4: https://www.joggling.co.uk/Marathon-List,,,16459,0
10/10/2010,2010,5b Marathon,Chicago Marathon,Barry Goldmeier,M,USA,5:51:41.00,?,http://www.marathonguide.com/results/browse.cfm?MIDD=67101010&Gen=B&Begin=31706&End=31805&Max=36159,,,21101,0
10/10/2010,2010,3b Marathon,Chicago Marathon,Perry Romanowski,M,USA,3:38:08.00,?,https://chicago-history.r.mikatiming.com/2021/?pid=search,,,13088,120
10/10/2010,2010,4b Half Marathon,Munich Half Marathon,Peter Meyer,M,DEU,2:21:07.00,15,99% 4 balls - this is close enough! https://muenchen.r.mikatiming.de/2010/?pid=search  http://home.mnet-online.de/joggling/aboutme_d.htm,,,8467,0
08/08/2010,2010,3c Half Marathon,Newark Half Marathon,Tim Butler,M,GBR,2:24:00.00,?,https://www.youtube.com/watch?v=K0y6jjFVx7o  https://www.facebook.com/photo/?fbid=1467928150956&set=a.1200853594259,,,8640,0
23/07/2010,2010,3b Ultra (70m),Grimsthorpe Ultramarathon,Tim Butler,M,GBR,20:28:00.00,?,Marathon #3: https://www.joggling.co.uk/Marathon-List,,,73680,0
20/07/2010,2010,3b 100m,"IJA, Nevada",Alec Bennett,M,0,0:00:29.20,?,https://dev.juggle.org/history/champs/champs2010.php,,,29,0
20/07/2010,2010,3b 400m,"IJA, Nevada",Alec Bennett,M,0,0:01:45.50,?,https://dev.juggle.org/history/champs/champs2010.php,,,105,0
20/07/2010,2010,3b 1600m,"IJA, Nevada",Alec Bennett,M,0,0:09:02.00,?,https://dev.juggle.org/history/champs/champs2010.php,,,542,0
20/07/2010,2010,3b 4x100m,"IJA, Nevada","Anders Kierfulf, Andrew Swan, Jack Hirshowitz, Tom McClintock",M,0,0:01:27.20,?,https://dev.juggle.org/history/champs/champs2010.php,,,87,0
20/07/2010,2010,3b 100m,"IJA, Nevada",Anders Kierulf,M,0,0:00:14.90,?,https://dev.juggle.org/history/champs/champs2010.php,,,14,221
20/07/2010,2010,3b 200m,"IJA, Nevada",Anders Kierulf,M,0,0:00:33.00,?,https://dev.juggle.org/history/champs/champs2010.php,,,33,31
20/07/2010,2010,3b 400m,"IJA, Nevada",Anders Kierulf,M,0,0:01:23.90,?,https://dev.juggle.org/history/champs/champs2010.php,,,83,0
20/07/2010,2010,3b 800m,"IJA, Nevada",Anders Kierulf,M,0,0:03:25.30,?,https://dev.juggle.org/history/champs/champs2010.php,,,205,0
20/07/2010,2010,3b 100m,"IJA, Nevada",Andrew Hodge,M,0,0:00:15.30,?,https://dev.juggle.org/history/champs/champs2010.php,,,15,98
20/07/2010,2010,3b 200m,"IJA, Nevada",Andrew Hodge,M,0,0:00:37.40,?,https://dev.juggle.org/history/champs/champs2010.php,,,37,0
20/07/2010,2010,5b 100m,"IJA, Nevada",Andrew Hodge,M,0,0:00:51.60,?,https://dev.juggle.org/history/champs/champs2010.php,,,51,0
20/07/2010,2010,3b 400m,"IJA, Nevada",Andrew Hodge,M,0,0:01:21.30,?,https://dev.juggle.org/history/champs/champs2010.php,,,81,0
20/07/2010,2010,7b 100m,"IJA, Nevada",Andrew Hodge,M,0,0:02:58.90,?,https://dev.juggle.org/history/champs/champs2010.php,,,178,0
20/07/2010,2010,3b 800m,"IJA, Nevada",Andrew Hodge,M,0,0:03:22.10,?,https://dev.juggle.org/history/champs/champs2010.php,,,202,0
20/07/2010,2010,3b 1600m,"IJA, Nevada",Andrew Hodge,M,0,0:08:06.00,?,https://dev.juggle.org/history/champs/champs2010.php,,,486,0
20/07/2010,2010,3b 5km,"IJA, Nevada",Andrew Hodge,M,0,0:29:01.00,?,https://dev.juggle.org/history/champs/champs2010.php,,,1741,0
20/07/2010,2010,3b 4x100m,"IJA, Nevada","Andrew Hodge, Conor Hussey, Justin Kolas, Kyler McClintock",M,0,0:01:19.80,?,https://dev.juggle.org/history/champs/champs2010.php,,,79,0
20/07/2010,2010,3b 4x400m,"IJA, Nevada","Andrew Hodge, Kyler McClintock, Kevin Giblin, Greg Meehan",M,0,0:05:59.20,?,https://dev.juggle.org/history/champs/champs2010.php,,,359,0
20/07/2010,2010,3b 100m,"IJA, Nevada",Andrew Ruiz,M,0,0:00:27.40,?,https://dev.juggle.org/history/champs/champs2010.php,,,27,0
20/07/2010,2010,5b 100m,"IJA, Nevada",Andrew Ruiz,M,0,0:00:32.40,?,https://dev.juggle.org/history/champs/champs2010.php,,,32,0
20/07/2010,2010,3b 800m,"IJA, Nevada",Andrew Ruiz,M,0,0:03:13.70,?,https://dev.juggle.org/history/champs/champs2010.php,,,193,0
20/07/2010,2010,3b 100m,"IJA, Nevada",Andrew Swan,M,0,0:00:15.20,?,https://dev.juggle.org/history/champs/champs2010.php,,,15,98
20/07/2010,2010,5b 100m,"IJA, Nevada",Andrew Swan,M,0,0:00:54.90,?,https://dev.juggle.org/history/champs/champs2010.php,,,54,0
20/07/2010,2010,3b 400m,"IJA, Nevada",Andrew Swan,M,0,0:01:41.20,?,https://dev.juggle.org/history/champs/champs2010.php,,,101,0
20/07/2010,2010,3b 800m,"IJA, Nevada",Andrew Swan,M,0,0:03:08.60,?,https://dev.juggle.org/history/champs/champs2010.php,,,188,0
20/07/2010,2010,3b 5km,"IJA, Nevada",Andrew Swan,M,0,0:27:23.00,?,https://dev.juggle.org/history/champs/champs2010.php,,,1643,0
20/07/2010,2010,3b 4x400m,"IJA, Nevada","Andrew Swan, Tom McClintock, Anders Kierulf, Jack Hirshowitz",M,0,0:06:46.00,?,https://dev.juggle.org/history/champs/champs2010.php,,,406,0
20/07/2010,2010,3b 1600m,"IJA, Nevada",Billy Watson,M,0,0:05:27.00,?,https://dev.juggle.org/history/champs/champs2010.php,,,327,0
20/07/2010,2010,3b 4x100m,"IJA, Nevada","Bob, Gordon Cornell, Paul Arneberg, Mike Swan",M,0,0:01:34.50,?,https://dev.juggle.org/history/champs/champs2010.php,,,94,0
20/07/2010,2010,3b 100m,"IJA, Nevada",Brendan Cogan,M,0,0:00:28.60,?,https://dev.juggle.org/history/champs/champs2010.php,,,28,0
20/07/2010,2010,3b 4x100m,"IJA, Nevada","Brendan Cogan, Jake Biesiada, Greg Meehan, Scott Geyman",M,0,0:01:27.40,?,https://dev.juggle.org/history/champs/champs2010.php,,,87,0
20/07/2010,2010,3b 100m,"IJA, Nevada",Chris Dokler,M,0,0:00:20.70,?,https://dev.juggle.org/history/champs/champs2010.php,,,20,0
20/07/2010,2010,3b 200m,"IJA, Nevada",Chris Dokler,M,0,0:00:41.90,?,https://dev.juggle.org/history/champs/champs2010.php,,,41,0
20/07/2010,2010,5b 100m,"IJA, Nevada",Chris Dokler,M,0,0:01:06.50,?,https://dev.juggle.org/history/champs/champs2010.php,,,66,0
20/07/2010,2010,3b 4x100m,"IJA, Nevada","Chris Dokler, Evan Peter, Kevin GIblin, Jon Bozak",M,0,0:01:26.40,?,https://dev.juggle.org/history/champs/champs2010.php,,,86,0
20/07/2010,2010,3b 100m,"IJA, Nevada",Chris Garcia,M,0,0:00:15.50,?,https://dev.juggle.org/history/champs/champs2010.php,,,15,98
20/07/2010,2010,5b 100m,"IJA, Nevada",Chris Garcia,M,0,0:01:15.30,?,https://dev.juggle.org/history/champs/champs2010.php,,,75,0
20/07/2010,2010,3b 800m,"IJA, Nevada",Chris Garcia,M,0,0:03:07.80,?,https://dev.juggle.org/history/champs/champs2010.php,,,187,0
20/07/2010,2010,3b 5km,"IJA, Nevada",Chris Garcia,M,0,0:23:52.00,?,https://dev.juggle.org/history/champs/champs2010.php,,,1432,0
20/07/2010,2010,3b 100m,"IJA, Nevada",Chris Lovdal,M,USA,0:00:13.90,?,https://dev.juggle.org/history/champs/champs2010.php,,,13,394
20/07/2010,2010,3b 200m,"IJA, Nevada",Chris Lovdal,M,USA,0:00:34.40,?,https://dev.juggle.org/history/champs/champs2010.php,,,34,11
20/07/2010,2010,3b 400m,"IJA, Nevada",Chris Lovdal,M,USA,0:01:07.90,?,https://dev.juggle.org/history/champs/champs2010.php,,,67,147
20/07/2010,2010,3b 4x400m,"IJA, Nevada","Chris Lovdal, Paul Arneberg, Billy Watson, Sean Carney",M,0,0:04:42.80,?,https://dev.juggle.org/history/champs/champs2010.php,,,282,135
20/07/2010,2010,3b 100m,"IJA, Nevada",Chris Olson,M,0,0:00:16.00,?,https://dev.juggle.org/history/champs/champs2010.php,,,16,24
20/07/2010,2010,3b 400m,"IJA, Nevada",Chris Olson,M,0,0:01:17.00,?,https://dev.juggle.org/history/champs/champs2010.php,,,77,4
20/07/2010,2010,3b 100m,"IJA, Nevada",Colin Revere,M,0,0:00:16.00,?,https://dev.juggle.org/history/champs/champs2010.php,,,16,24
20/07/2010,2010,3b 200m,"IJA, Nevada",Colin Revere,M,0,0:00:39.20,?,https://dev.juggle.org/history/champs/champs2010.php,,,39,0
20/07/2010,2010,5b 100m,"IJA, Nevada",Colin Revere,M,0,0:00:58.00,?,https://dev.juggle.org/history/champs/champs2010.php,,,58,0
20/07/2010,2010,3b 400m,"IJA, Nevada",Colin Revere,M,0,0:01:49.50,?,https://dev.juggle.org/history/champs/champs2010.php,,,109,0
20/07/2010,2010,3b 800m,"IJA, Nevada",Colin Revere,M,0,0:03:30.20,?,https://dev.juggle.org/history/champs/champs2010.php,,,210,0
20/07/2010,2010,3b 800m,"IJA, Nevada",Conor Hussey,M,0,0:03:03.10,?,https://dev.juggle.org/history/champs/champs2010.php,,,183,0
20/07/2010,2010,3b 1600m,"IJA, Nevada",Conor Hussey,M,0,0:07:04.00,?,https://dev.juggle.org/history/champs/champs2010.php,,,424,0
20/07/2010,2010,3b 100m,"IJA, Nevada",Dan Burke,M,0,0:00:15.40,?,https://dev.juggle.org/history/champs/champs2010.php,,,15,98
20/07/2010,2010,3b 400m,"IJA, Nevada",Dan Burke,M,0,0:01:20.10,?,https://dev.juggle.org/history/champs/champs2010.php,,,80,0
20/07/2010,2010,3b 100m,"IJA, Nevada",Dan Chan,M,0,0:00:24.60,?,https://dev.juggle.org/history/champs/champs2010.php,,,24,0
20/07/2010,2010,3b 200m,"IJA, Nevada",Dan Chan,M,0,0:00:47.80,?,https://dev.juggle.org/history/champs/champs2010.php,,,47,0
20/07/2010,2010,3b 400m,"IJA, Nevada",Dan Chan,M,0,0:01:50.20,?,https://dev.juggle.org/history/champs/champs2010.php,,,110,0
20/07/2010,2010,3b 1600m,"IJA, Nevada",Dan Chan,M,0,0:11:22.00,?,https://dev.juggle.org/history/champs/champs2010.php,,,682,0
20/07/2010,2010,3b 100m,"IJA, Nevada",Daniel Rose,M,0,0:00:21.50,?,https://dev.juggle.org/history/champs/champs2010.php,,,21,0
20/07/2010,2010,3b 200m,"IJA, Nevada",Daniel Rose,M,0,0:00:38.50,?,https://dev.juggle.org/history/champs/champs2010.php,,,38,0
20/07/2010,2010,5b 100m,"IJA, Nevada",Daniel Rose,M,0,0:00:57.80,?,https://dev.juggle.org/history/champs/champs2010.php,,,57,0
20/07/2010,2010,3b 100m,"IJA, Nevada",Danny Hodge,M,0,0:00:36.50,?,https://dev.juggle.org/history/champs/champs2010.php,,,36,0
20/07/2010,2010,3b 200m,"IJA, Nevada",Danny Hodge,M,0,0:00:55.70,?,https://dev.juggle.org/history/champs/champs2010.php,,,55,0
20/07/2010,2010,5b 100m,"IJA, Nevada",Danny Hodge,M,0,0:01:42.00,?,https://dev.juggle.org/history/champs/champs2010.php,,,102,0
20/07/2010,2010,3b 400m,"IJA, Nevada",Danny Hodge,M,0,0:02:08.40,?,https://dev.juggle.org/history/champs/champs2010.php,,,128,0
20/07/2010,2010,3b 800m,"IJA, Nevada",Danny Hodge,M,0,0:05:16.80,?,https://dev.juggle.org/history/champs/champs2010.php,,,316,0
20/07/2010,2010,3b 4x100m,"IJA, Nevada","Danny Rose, Colin Revere, Jack Levy, Ricky Harr",M,0,0:01:10.80,?,https://dev.juggle.org/history/champs/champs2010.php,,,70,0
20/07/2010,2010,3b 4x400m,"IJA, Nevada","Dave Mlakar, Dylan Waickman, Tim Hark, Tyler Wishau",M,0,0:04:41.40,?,https://dev.juggle.org/history/champs/champs2010.php,,,281,141
20/07/2010,2010,3b 100m,"IJA, Nevada",David Mlakar,M,0,0:00:20.90,?,https://dev.juggle.org/history/champs/champs2010.php,,,20,0
20/07/2010,2010,3b 200m,"IJA, Nevada",David Mlakar,M,0,0:00:32.30,?,https://dev.juggle.org/history/champs/champs2010.php,,,32,62
20/07/2010,2010,5b 100m,"IJA, Nevada",David Mlakar,M,0,0:00:46.00,?,https://dev.juggle.org/history/champs/champs2010.php,,,46,0
20/07/2010,2010,3b 400m,"IJA, Nevada",David Mlakar,M,0,0:01:12.80,?,https://dev.juggle.org/history/champs/champs2010.php,,,72,50
20/07/2010,2010,3b 800m,"IJA, Nevada",David Mlakar,M,0,0:03:07.00,?,https://dev.juggle.org/history/champs/champs2010.php,,,187,0
20/07/2010,2010,3b 4x100m,"IJA, Nevada","David Mlakar, Dylan Waickman, Tim Hark, Tyler Wishau",M,0,0:00:59.80,?,https://dev.juggle.org/history/champs/champs2010.php,,,59,136
20/07/2010,2010,3b 5km,"IJA, Nevada",Dean Bennett,M,0,0:27:40.00,?,https://dev.juggle.org/history/champs/champs2010.php,,,1660,0
20/07/2010,2010,3b 100m,"IJA, Nevada",Dylan Waickman,M,0,0:00:14.20,?,https://dev.juggle.org/history/champs/champs2010.php,,,14,221
20/07/2010,2010,3b 200m,"IJA, Nevada",Dylan Waickman,M,0,0:00:42.80,?,https://dev.juggle.org/history/champs/champs2010.php,,,42,0
20/07/2010,2010,3b 400m,"IJA, Nevada",Dylan Waickman,M,0,0:01:08.50,?,https://dev.juggle.org/history/champs/champs2010.php,,,68,123
20/07/2010,2010,5b 100m,"IJA, Nevada",Dylan Waickman,M,0,0:01:14.00,?,https://dev.juggle.org/history/champs/champs2010.php,,,74,0
20/07/2010,2010,3b 800m,"IJA, Nevada",Dylan Waickman,M,0,0:02:57.60,?,https://dev.juggle.org/history/champs/champs2010.php,,,177,4
20/07/2010,2010,3b 100m,"IJA, Nevada",Evan Peter,M,0,0:00:16.30,?,https://dev.juggle.org/history/champs/champs2010.php,,,16,24
20/07/2010,2010,5b 100m,"IJA, Nevada",Evan Peter,M,0,0:00:43.90,?,https://dev.juggle.org/history/champs/champs2010.php,,,43,0
20/07/2010,2010,3b 400m,"IJA, Nevada",Evan Peter,M,0,0:01:26.70,?,https://dev.juggle.org/history/champs/champs2010.php,,,86,0
20/07/2010,2010,3b 100m,"IJA, Nevada",Gay Shope,F,0,0:01:22.30,?,https://dev.juggle.org/history/champs/champs2010.php,,,82,0
20/07/2010,2010,3b 100m,"IJA, Nevada",Gordon Cornell,M,0,0:00:42.40,?,https://dev.juggle.org/history/champs/champs2010.php,,,42,0
20/07/2010,2010,3b 200m,"IJA, Nevada",Gordon Cornell,M,0,0:00:59.30,?,https://dev.juggle.org/history/champs/champs2010.php,,,59,0
20/07/2010,2010,3b 400m,"IJA, Nevada",Gordon Cornell,M,0,0:02:18.70,?,https://dev.juggle.org/history/champs/champs2010.php,,,138,0
20/07/2010,2010,3b 800m,"IJA, Nevada",Gordon Cornell,M,0,0:04:59.30,?,https://dev.juggle.org/history/champs/champs2010.php,,,299,0
20/07/2010,2010,3b 5km,"IJA, Nevada",Gordon Cornell,M,0,0:37:43.00,?,https://dev.juggle.org/history/champs/champs2010.php,,,2263,0
20/07/2010,2010,3b 100m,"IJA, Nevada",Greg Meehan,M,0,0:00:18.80,?,https://dev.juggle.org/history/champs/champs2010.php,,,18,0
20/07/2010,2010,3b 200m,"IJA, Nevada",Hannah Bowlin,F,0,0:01:08.40,?,https://dev.juggle.org/history/champs/champs2010.php,,,68,0
20/07/2010,2010,3b 400m,"IJA, Nevada",Hannah Bowlin,F,0,0:02:06.40,?,https://dev.juggle.org/history/champs/champs2010.php,,,126,0
20/07/2010,2010,3b 100m,"IJA, Nevada",Heather Marriott,F,USA,0:00:20.10,?,https://dev.juggle.org/history/champs/champs2010.php,,,20,39
20/07/2010,2010,3b 200m,"IJA, Nevada",Heather Marriott,F,USA,0:00:42.10,?,https://dev.juggle.org/history/champs/champs2010.php,,,42,27
20/07/2010,2010,3b 400m,"IJA, Nevada",Heather Marriott,F,USA,0:01:38.30,?,https://dev.juggle.org/history/champs/champs2010.php,,,98,48
20/07/2010,2010,3b 800m,"IJA, Nevada",Heather Marriott,F,USA,0:03:39.50,?,https://dev.juggle.org/history/champs/champs2010.php,,,219,66
20/07/2010,2010,3b 100m,"IJA, Nevada",Jack Hirschowitz,M,USA,0:00:19.70,?,https://dev.juggle.org/history/champs/champs2010.php,,,19,0
20/07/2010,2010,3b 200m,"IJA, Nevada",Jack Hirschowitz,M,USA,0:00:41.40,?,https://dev.juggle.org/history/champs/champs2010.php,,,41,0
20/07/2010,2010,3b 800m,"IJA, Nevada",Jack Hirschowitz,M,USA,0:03:59.50,?,https://dev.juggle.org/history/champs/champs2010.php,,,239,0
20/07/2010,2010,3b 5km,"IJA, Nevada",Jack Hirschowitz,M,USA,0:27:33.00,?,https://dev.juggle.org/history/champs/champs2010.php,,,1653,0
20/07/2010,2010,3b 100m,"IJA, Nevada",Jack Levy,M,0,0:00:20.30,?,https://dev.juggle.org/history/champs/champs2010.php,,,20,0
20/07/2010,2010,5b 100m,"IJA, Nevada",Jack Levy,M,0,0:00:31.10,?,https://dev.juggle.org/history/champs/champs2010.php,,,31,0
20/07/2010,2010,3b 200m,"IJA, Nevada",Jack Levy,M,0,0:00:32.20,?,https://dev.juggle.org/history/champs/champs2010.php,,,32,62
20/07/2010,2010,3b 400m,"IJA, Nevada",Jack Levy,M,0,0:01:15.70,?,https://dev.juggle.org/history/champs/champs2010.php,,,75,16
20/07/2010,2010,7b 100m,"IJA, Nevada",Jack Levy,M,0,0:01:54.60,?,https://dev.juggle.org/history/champs/champs2010.php,,,114,0
20/07/2010,2010,3b 100m,"IJA, Nevada",Jacob Biesiada,M,0,0:00:25.00,?,https://dev.juggle.org/history/champs/champs2010.php,,,25,0
20/07/2010,2010,3b 1600m,"IJA, Nevada",Jacob Biesiada,M,0,0:09:35.00,?,https://dev.juggle.org/history/champs/champs2010.php,,,575,0
20/07/2010,2010,3b 100m,"IJA, Nevada",Joey Spicola,M,0,0:00:14.60,?,https://dev.juggle.org/history/champs/champs2010.php,,,14,221
20/07/2010,2010,3b 200m,"IJA, Nevada",Joey Spicola,M,0,0:00:32.50,?,https://dev.juggle.org/history/champs/champs2010.php,,,32,62
20/07/2010,2010,5b 100m,"IJA, Nevada",Joey Spicola,M,0,0:00:37.70,?,https://dev.juggle.org/history/champs/champs2010.php,,,37,0
20/07/2010,2010,7b 100m,"IJA, Nevada",Joey Spicola,M,0,0:03:28.40,?,https://dev.juggle.org/history/champs/champs2010.php,,,208,0
20/07/2010,2010,3b 4x400m,"IJA, Nevada","Joey Spicola, Colin Revere, Jack Levy, Len Ferman",M,0,0:05:31.70,?,https://dev.juggle.org/history/champs/champs2010.php,,,331,0
20/07/2010,2010,3b 100m,"IJA, Nevada",Jon Bozak,M,0,0:00:40.00,?,https://dev.juggle.org/history/champs/champs2010.php,,,40,0
20/07/2010,2010,3b 100m,"IJA, Nevada",Justin Kolas,M,0,0:00:18.90,?,https://dev.juggle.org/history/champs/champs2010.php,,,18,0
20/07/2010,2010,3b 800m,"IJA, Nevada",Justin Kolas,M,0,0:02:58.10,?,https://dev.juggle.org/history/champs/champs2010.php,,,178,3
20/07/2010,2010,3b 1600m,"IJA, Nevada",Justin Kolas,M,0,0:06:48.00,?,https://dev.juggle.org/history/champs/champs2010.php,,,408,0
20/07/2010,2010,3b 100m,"IJA, Nevada",Kevin Giblin,M,0,0:00:24.10,?,https://dev.juggle.org/history/champs/champs2010.php,,,24,0
20/07/2010,2010,3b 200m,"IJA, Nevada",Kevin Giblin,M,0,0:00:33.30,?,https://dev.juggle.org/history/champs/champs2010.php,,,33,31
20/07/2010,2010,3b 800m,"IJA, Nevada",Kevin Giblin,M,0,0:03:07.00,?,https://dev.juggle.org/history/champs/champs2010.php,,,187,0
20/07/2010,2010,3b 100m,"IJA, Nevada",Kyler McClintock,M,0,0:00:16.60,?,https://dev.juggle.org/history/champs/champs2010.php,,,16,24
20/07/2010,2010,5b 100m,"IJA, Nevada",Kyler McClintock,M,0,0:00:35.80,?,https://dev.juggle.org/history/champs/champs2010.php,,,35,0
20/07/2010,2010,3b 200m,"IJA, Nevada",Kyler McClintock,M,0,0:00:36.00,?,https://dev.juggle.org/history/champs/champs2010.php,,,36,0
20/07/2010,2010,3b 400m,"IJA, Nevada",Kyler McClintock,M,0,0:01:23.50,?,https://dev.juggle.org/history/champs/champs2010.php,,,83,0
20/07/2010,2010,3b 800m,"IJA, Nevada",Kyler McClintock,M,0,0:03:14.60,?,https://dev.juggle.org/history/champs/champs2010.php,,,194,0
20/07/2010,2010,3b 1600m,"IJA, Nevada",Larry Kluger,M,0,0:09:29.00,?,https://dev.juggle.org/history/champs/champs2010.php,,,569,0
20/07/2010,2010,3b 100m,"IJA, Nevada",Lauge Benjaminson,M,DNK,0:00:15.20,?,https://dev.juggle.org/history/champs/champs2010.php,,,15,98
20/07/2010,2010,5b 100m,"IJA, Nevada",Lauge Benjaminson,M,DNK,0:00:24.00,?,https://dev.juggle.org/history/champs/champs2010.php,,,24,0
20/07/2010,2010,7b 100m,"IJA, Nevada",Lauge Benjaminson,M,DNK,0:00:58.40,?,https://dev.juggle.org/history/champs/champs2010.php,,,58,0
20/07/2010,2010,3b 200m,"IJA, Nevada",Len Ferman,M,USA,0:00:31.90,?,https://dev.juggle.org/history/champs/champs2010.php,,,31,102
20/07/2010,2010,3b 800m,"IJA, Nevada",Len Ferman,M,USA,0:02:32.60,?,https://dev.juggle.org/history/champs/champs2010.php,,,152,178
20/07/2010,2010,3b 1600m,"IJA, Nevada",Len Ferman,M,USA,0:05:51.00,?,https://dev.juggle.org/history/champs/champs2010.php,,,351,0
20/07/2010,2010,5b 100m,"IJA, Nevada",Mara Moettus,F,USA,0:01:38.00,?,https://dev.juggle.org/history/champs/champs2010.php,,,98,0
20/07/2010,2010,7b 100m,"IJA, Nevada",Mara Moettus,F,USA,0:06:09.50,?,https://dev.juggle.org/history/champs/champs2010.php,,,369,0
20/07/2010,2010,5b 100m,"IJA, Nevada",Meagan Nouis,F,0,0:01:49.00,?,https://dev.juggle.org/history/champs/champs2010.php,,,109,0
20/07/2010,2010,3b 400m,"IJA, Nevada",Meagan Nouis,F,0,0:02:00.80,?,https://dev.juggle.org/history/champs/champs2010.php,,,120,0
20/07/2010,2010,7b 100m,"IJA, Nevada",Meagan Nouis,F,0,0:03:05.80,?,https://dev.juggle.org/history/champs/champs2010.php,,,185,0
20/07/2010,2010,3b 200m,"IJA, Nevada",Mike Swan,M,0,0:00:47.90,?,https://dev.juggle.org/history/champs/champs2010.php,,,47,0
20/07/2010,2010,3b 4x400m,"IJA, Nevada","Mike Swan, Larry Kluger, Gordon Cornell, Bob The Jockey",M,0,0:07:50.70,?,https://dev.juggle.org/history/champs/champs2010.php,,,470,0
20/07/2010,2010,3b 100m,"IJA, Nevada",Neil Jordan,M,0,0:00:20.90,?,https://dev.juggle.org/history/champs/champs2010.php,,,20,0
20/07/2010,2010,3b 200m,"IJA, Nevada",Neil Jordan,M,0,0:00:36.80,?,https://dev.juggle.org/history/champs/champs2010.php,,,36,0
20/07/2010,2010,3b 400m,"IJA, Nevada",Neil Jordan,M,0,0:01:19.30,?,https://dev.juggle.org/history/champs/champs2010.php,,,79,0
20/07/2010,2010,3b 800m,"IJA, Nevada",Neil Jordan,M,0,0:03:09.30,?,https://dev.juggle.org/history/champs/champs2010.php,,,189,0
20/07/2010,2010,3b 1600m,"IJA, Nevada",Neil Jordan,M,0,0:07:54.00,?,https://dev.juggle.org/history/champs/champs2010.php,,,474,0
20/07/2010,2010,3b 100m,"IJA, Nevada",Nick Hiniker,M,0,0:00:18.80,?,https://dev.juggle.org/history/champs/champs2010.php,,,18,0
20/07/2010,2010,5b 100m,"IJA, Nevada",Nick Hiniker,M,0,0:01:11.80,?,https://dev.juggle.org/history/champs/champs2010.php,,,71,0
20/07/2010,2010,3b 100m,"IJA, Nevada",Paul Arneberg,M,0,0:00:14.90,?,https://dev.juggle.org/history/champs/champs2010.php,,,14,221
20/07/2010,2010,3b 200m,"IJA, Nevada",Paul Arneberg,M,0,0:00:45.80,?,https://dev.juggle.org/history/champs/champs2010.php,,,45,0
20/07/2010,2010,3b 400m,"IJA, Nevada",Paul Arneberg,M,0,0:01:14.50,?,https://dev.juggle.org/history/champs/champs2010.php,,,74,25
20/07/2010,2010,3b 800m,"IJA, Nevada",Paul Arneberg,M,0,0:02:49.80,?,https://dev.juggle.org/history/champs/champs2010.php,,,169,33
20/07/2010,2010,3b 200m,"IJA, Nevada",Ricky Harr,M,0,0:00:37.30,?,https://dev.juggle.org/history/champs/champs2010.php,,,37,0
20/07/2010,2010,3b 100m,"IJA, Nevada",Scott Geyman,M,0,0:00:26.90,?,https://dev.juggle.org/history/champs/champs2010.php,,,26,0
20/07/2010,2010,3b 4x400m,"IJA, Nevada","Scott Geyman, Brendan Cogan, Jon Bozak, Chris Dokler",M,0,0:07:20.90,?,https://dev.juggle.org/history/champs/champs2010.php,,,440,0
20/07/2010,2010,3b 100m,"IJA, Nevada",Sean Carney,M,USA,0:00:27.60,?,https://dev.juggle.org/history/champs/champs2010.php,,,27,0
20/07/2010,2010,3b 200m,"IJA, Nevada",Sean Carney,M,USA,0:00:29.50,?,https://dev.juggle.org/history/champs/champs2010.php,,,29,214
20/07/2010,2010,3b 800m,"IJA, Nevada",Sean Carney,M,USA,0:02:51.00,?,https://dev.juggle.org/history/champs/champs2010.php,,,171,23
20/07/2010,2010,3b 4x100m,"IJA, Nevada","Sean Carney, Chris Lovdal, Daniel Burke, Joey Spicola",M,0,0:00:58.80,?,https://dev.juggle.org/history/champs/champs2010.php,,,58,163
20/07/2010,2010,3b 100m,"IJA, Nevada",Tim Hark,M,0,0:00:14.80,?,https://dev.juggle.org/history/champs/champs2010.php,,,14,221
20/07/2010,2010,3b 200m,"IJA, Nevada",Tim Hark,M,0,0:00:30.90,?,https://dev.juggle.org/history/champs/champs2010.php,,,30,153
20/07/2010,2010,5b 100m,"IJA, Nevada",Tim Hark,M,0,0:00:34.80,?,https://dev.juggle.org/history/champs/champs2010.php,,,34,0
20/07/2010,2010,3b 400m,"IJA, Nevada",Tim Hark,M,0,0:01:13.10,?,https://dev.juggle.org/history/champs/champs2010.php,,,73,36
20/07/2010,2010,3b 100m,"IJA, Nevada",Tom McClintock,M,0,0:00:19.30,?,https://dev.juggle.org/history/champs/champs2010.php,,,19,0
20/07/2010,2010,3b 200m,"IJA, Nevada",Tom McClintock,M,0,0:00:39.30,?,https://dev.juggle.org/history/champs/champs2010.php,,,39,0
20/07/2010,2010,3b 400m,"IJA, Nevada",Tom McClintock,M,0,0:01:33.90,?,https://dev.juggle.org/history/champs/champs2010.php,,,93,0
20/07/2010,2010,5b 100m,"IJA, Nevada",Tom McClintock,M,0,0:01:58.80,?,https://dev.juggle.org/history/champs/champs2010.php,,,118,0
20/07/2010,2010,3b 1600m,"IJA, Nevada",Tom McClintock,M,0,0:08:15.00,?,https://dev.juggle.org/history/champs/champs2010.php,,,495,0
20/07/2010,2010,3b 100m,"IJA, Nevada",Tyler Wishau,M,USA,0:00:13.90,?,https://dev.juggle.org/history/champs/champs2010.php,,,13,394
20/07/2010,2010,3b 200m,"IJA, Nevada",Tyler Wishau,M,USA,0:00:30.50,?,https://dev.juggle.org/history/champs/champs2010.php,,,30,153
20/07/2010,2010,5b 100m,"IJA, Nevada",Tyler Wishau,M,USA,0:01:05.00,?,https://dev.juggle.org/history/champs/champs2010.php,,,65,0
20/07/2010,2010,3b 400m,"IJA, Nevada",Tyler Wishau,M,USA,0:01:09.70,?,https://dev.juggle.org/history/champs/champs2010.php,,,69,102
20/07/2010,2010,3b 800m,"IJA, Nevada",Tyler Wishau,M,USA,0:02:23.60,?,https://dev.juggle.org/history/champs/champs2010.php,,,143,301
20/07/2010,2010,3b 1600m,"IJA, Nevada",Tyler Wishau,M,USA,0:06:05.00,?,https://dev.juggle.org/history/champs/champs2010.php,,,365,0
20/07/2010,2010,3b 5km,"IJA, Nevada",Tyler Wishau,M,USA,0:19:41.00,?,https://dev.juggle.org/history/champs/champs2010.php,,,1181,186
24/04/2010,2010,3b Marathon,Nashville Country Music Marathon,Perry Romanowski,M,USA,3:48:25.00,?,,,,13705,68
06/12/2009,2009,3b Marathon,Rock 'n' Roll Las Vegas,Perry Romanowski,M,USA,4:08:48.00,?,,,,14928,8
22/11/2009,2009,3b Marathon,Philadelphia Marathon,Barry Goldmeier,M,USA,5:53:46.00,?,https://marathonview.net/search?query=Barry%20Goldmeier  https://www.facebook.com/photo/?fbid=1770227386337053&set=gm.717510868420766,,,21226,0
22/11/2009,2009,3b Marathon,Philadelphia Marathon,Joe Salter,M,USA,3:31:11.00,?,,,,12671,163
22/11/2009,2009,3b Marathon,Philadelphia Marathon,Perry Romanowski,M,USA,3:27:29.00,?,https://marathonview.net/result/60673065,,,12449,189
18/10/2009,2009,3b Marathon,Spires and Steeples,Tim Butler,M,GBR,4:35:16.00,?,Marathon #2: https://www.joggling.co.uk/Marathon-List,,,16516,0
11/10/2009,2009,3b Marathon,Munich Marathon,Peter Meyer,M,DEU,4:28:54.00,12,80% with 4 balls. https://marathonview.net/search?query=peter%20meyer  http://home.mnet-online.de/joggling/aboutme_d.htm,,,16134,0
26/09/2009,2009,3b Marathon,Akron Marathon,David Livingston,M,USA,3:28:56.00,?,https://eu.beaconjournal.com/story/news/local/2015/09/24/wooster-runner-hopes-to-set/10301568007/  https://marathonview.net/search?query=david%20livingston,,,12536,179
14/07/2009,2009,3b 100m,"IJA, Winston-Salem",Amanda Richter,F,0,0:00:16.13,?,https://dev.juggle.org/history/champs/champs2009.php,,,16,357
14/07/2009,2009,3b 200m,"IJA, Winston-Salem",Amanda Richter,F,0,0:00:41.53,?,https://dev.juggle.org/history/champs/champs2009.php,,,41,45
14/07/2009,2009,5b 100m,"IJA, Winston-Salem",Amanda Richter,F,0,0:01:09.00,?,https://dev.juggle.org/history/champs/champs2009.php,,,69,0
14/07/2009,2009,3b 400m,"IJA, Winston-Salem",Amanda Richter,F,0,0:01:41.11,?,https://dev.juggle.org/history/champs/champs2009.php,,,101,27
14/07/2009,2009,3b 4x100m,"IJA, Winston-Salem","Amanda Richter, Jack Levy, Colin Revere, Ricky Harr",Mixed,0,0:01:13.87,?,https://dev.juggle.org/history/champs/champs2009.php,,,73,0
14/07/2009,2009,3b 100m,"IJA, Winston-Salem",Anders Kierulf,M,0,0:00:15.36,?,https://dev.juggle.org/history/champs/champs2009.php,,,15,98
14/07/2009,2009,3b 200m,"IJA, Winston-Salem",Anders Kierulf,M,0,0:00:33.49,?,https://dev.juggle.org/history/champs/champs2009.php,,,33,31
14/07/2009,2009,3b 400m,"IJA, Winston-Salem",Anders Kierulf,M,0,0:01:20.18,?,https://dev.juggle.org/history/champs/champs2009.php,,,80,0
14/07/2009,2009,3b 800m,"IJA, Winston-Salem",Anders Kierulf,M,0,0:03:10.25,?,https://dev.juggle.org/history/champs/champs2009.php,,,190,0
14/07/2009,2009,3b 4x400m,"IJA, Winston-Salem","Anders Kierulf, Jean-Guy  Beaudry, Andrew Swan, Jack Hirschowitz",M,0,0:06:26.47,?,https://dev.juggle.org/history/champs/champs2009.php,,,386,0
14/07/2009,2009,3b 100m,"IJA, Winston-Salem",Andrew Hodge,M,0,0:00:17.25,?,https://dev.juggle.org/history/champs/champs2009.php,,,17,0
14/07/2009,2009,3b 200m,"IJA, Winston-Salem",Andrew Hodge,M,0,0:00:42.87,?,https://dev.juggle.org/history/champs/champs2009.php,,,42,0
14/07/2009,2009,5b 100m,"IJA, Winston-Salem",Andrew Hodge,M,0,0:00:43.34,?,https://dev.juggle.org/history/champs/champs2009.php,,,43,0
14/07/2009,2009,3b 400m,"IJA, Winston-Salem",Andrew Hodge,M,0,0:01:25.25,?,https://dev.juggle.org/history/champs/champs2009.php,,,85,0
14/07/2009,2009,3b 800m,"IJA, Winston-Salem",Andrew Hodge,M,0,0:03:12.00,?,https://dev.juggle.org/history/champs/champs2009.php,,,192,0
14/07/2009,2009,3b 1600m,"IJA, Winston-Salem",Andrew Hodge,M,0,0:07:31.00,?,https://dev.juggle.org/history/champs/champs2009.php,,,451,0
14/07/2009,2009,3b 100m,"IJA, Winston-Salem",Andrew Ruiz,M,0,0:00:17.66,?,https://dev.juggle.org/history/champs/champs2009.php,,,17,0
14/07/2009,2009,5b 100m,"IJA, Winston-Salem",Andrew Ruiz,M,0,0:00:34.03,?,https://dev.juggle.org/history/champs/champs2009.php,,,34,0
14/07/2009,2009,7b 100m,"IJA, Winston-Salem",Andrew Ruiz,M,0,0:01:20.00,?,https://dev.juggle.org/history/champs/champs2009.php,,,80,0
14/07/2009,2009,3b 800m,"IJA, Winston-Salem",Andrew Ruiz,M,0,0:03:48.46,?,https://dev.juggle.org/history/champs/champs2009.php,,,228,0
14/07/2009,2009,3b 5km,"IJA, Winston-Salem",Andrew Ruiz,M,0,0:32:33.00,?,https://dev.juggle.org/history/champs/champs2009.php,,,1953,0
14/07/2009,2009,3b 100m,"IJA, Winston-Salem",Andrew Swan,M,0,0:00:17.47,?,https://dev.juggle.org/history/champs/champs2009.php,,,17,0
14/07/2009,2009,3b 200m,"IJA, Winston-Salem",Andrew Swan,M,0,0:01:00.38,?,https://dev.juggle.org/history/champs/champs2009.php,,,60,0
14/07/2009,2009,5b 100m,"IJA, Winston-Salem",Andrew Swan,M,0,0:01:04.01,?,https://dev.juggle.org/history/champs/champs2009.php,,,64,0
14/07/2009,2009,3b 400m,"IJA, Winston-Salem",Andrew Swan,M,0,0:01:32.37,?,https://dev.juggle.org/history/champs/champs2009.php,,,92,0
14/07/2009,2009,3b 5km,"IJA, Winston-Salem",Andrew Swan,M,0,0:30:52.00,?,https://dev.juggle.org/history/champs/champs2009.php,,,1852,0
14/07/2009,2009,3b 4x100m,"IJA, Winston-Salem","Andrew Swan, Jean-Guy Beaudry, Anders Kierulf, Jack Hirschowitz",M,0,0:01:12.30,?,https://dev.juggle.org/history/champs/champs2009.php,,,72,0
14/07/2009,2009,3b 100m,"IJA, Winston-Salem",Austin Bruckner,M,0,0:00:16.60,?,https://dev.juggle.org/history/champs/champs2009.php,,,16,24
14/07/2009,2009,5b 100m,"IJA, Winston-Salem",Austin Bruckner,M,0,0:00:34.79,?,https://dev.juggle.org/history/champs/champs2009.php,,,34,0
14/07/2009,2009,3b 200m,"IJA, Winston-Salem",Austin Bruckner,M,0,0:00:38.31,?,https://dev.juggle.org/history/champs/champs2009.php,,,38,0
14/07/2009,2009,7b 100m,"IJA, Winston-Salem",Austin Bruckner,M,0,0:01:13.00,?,https://dev.juggle.org/history/champs/champs2009.php,,,73,0
14/07/2009,2009,3b 400m,"IJA, Winston-Salem",Austin Bruckner,M,0,0:01:31.19,?,https://dev.juggle.org/history/champs/champs2009.php,,,91,0
14/07/2009,2009,3b 800m,"IJA, Winston-Salem",Austin Bruckner,M,0,0:03:58.83,?,https://dev.juggle.org/history/champs/champs2009.php,,,238,0
14/07/2009,2009,3b 100m,"IJA, Winston-Salem",Ben Fry,M,0,0:00:15.20,?,https://dev.juggle.org/history/champs/champs2009.php,,,15,98
14/07/2009,2009,3b 200m,"IJA, Winston-Salem",Ben Fry,M,0,0:00:31.65,?,https://dev.juggle.org/history/champs/champs2009.php,,,31,102
14/07/2009,2009,3b 400m,"IJA, Winston-Salem",Ben Fry,M,0,0:01:10.68,?,https://dev.juggle.org/history/champs/champs2009.php,,,70,82
14/07/2009,2009,3b 800m,"IJA, Winston-Salem",Ben Fry,M,0,0:02:52.69,?,https://dev.juggle.org/history/champs/champs2009.php,,,172,19
14/07/2009,2009,3b 100m,"IJA, Winston-Salem",Chloe Hirschowitz,F,USA,0:00:28.10,?,https://dev.juggle.org/history/champs/champs2009.php,,,28,0
14/07/2009,2009,3b 200m,"IJA, Winston-Salem",Chloe Hirschowitz,F,USA,0:00:52.22,?,https://dev.juggle.org/history/champs/champs2009.php,,,52,0
14/07/2009,2009,3b 100m,"IJA, Winston-Salem",Chris Lovdal,M,USA,0:00:14.76,?,https://dev.juggle.org/history/champs/champs2009.php,,,14,221
14/07/2009,2009,3b 200m,"IJA, Winston-Salem",Chris Lovdal,M,USA,0:00:29.87,?,https://dev.juggle.org/history/champs/champs2009.php,,,29,214
14/07/2009,2009,3b 400m,"IJA, Winston-Salem",Chris Lovdal,M,USA,0:01:10.97,?,https://dev.juggle.org/history/champs/champs2009.php,,,70,82
14/07/2009,2009,3b 100m,"IJA, Winston-Salem",Chuck Hawley,M,0,0:00:15.65,?,https://dev.juggle.org/history/champs/champs2009.php,,,15,98
14/07/2009,2009,5b 100m,"IJA, Winston-Salem",Chuck Hawley,M,0,0:00:54.35,?,https://dev.juggle.org/history/champs/champs2009.php,,,54,0
14/07/2009,2009,3b 400m,"IJA, Winston-Salem",Chuck Hawley,M,0,0:01:21.50,?,https://dev.juggle.org/history/champs/champs2009.php,,,81,0
14/07/2009,2009,3b 5km,"IJA, Winston-Salem",Chuck Hawley,M,0,0:23:04.00,?,https://dev.juggle.org/history/champs/champs2009.php,,,1384,8
14/07/2009,2009,3b 100m,"IJA, Winston-Salem",Colin Revere,M,0,0:00:17.70,?,https://dev.juggle.org/history/champs/champs2009.php,,,17,0
14/07/2009,2009,3b 200m,"IJA, Winston-Salem",Colin Revere,M,0,0:00:39.28,?,https://dev.juggle.org/history/champs/champs2009.php,,,39,0
14/07/2009,2009,3b 400m,"IJA, Winston-Salem",Colin Revere,M,0,0:01:31.10,?,https://dev.juggle.org/history/champs/champs2009.php,,,91,0
14/07/2009,2009,3b 100m,"IJA, Winston-Salem",Daniel Eaker,M,0,0:00:19.29,?,https://dev.juggle.org/history/champs/champs2009.php,,,19,0
14/07/2009,2009,5b 100m,"IJA, Winston-Salem",Daniel Eaker,M,0,0:00:34.06,?,https://dev.juggle.org/history/champs/champs2009.php,,,34,0
14/07/2009,2009,7b 100m,"IJA, Winston-Salem",Daniel Eaker,M,0,0:01:21.00,?,https://dev.juggle.org/history/champs/champs2009.php,,,81,0
14/07/2009,2009,3b 400m,"IJA, Winston-Salem",Daniel Eaker,M,0,0:01:48.25,?,https://dev.juggle.org/history/champs/champs2009.php,,,108,0
14/07/2009,2009,3b 100m,"IJA, Winston-Salem",Daniel Rose,M,0,0:00:16.06,?,https://dev.juggle.org/history/champs/champs2009.php,,,16,24
14/07/2009,2009,3b 200m,"IJA, Winston-Salem",Daniel Rose,M,0,0:00:41.34,?,https://dev.juggle.org/history/champs/champs2009.php,,,41,0
14/07/2009,2009,5b 100m,"IJA, Winston-Salem",Daniel Rose,M,0,0:01:23.80,?,https://dev.juggle.org/history/champs/champs2009.php,,,83,0
14/07/2009,2009,3b 4x100m,"IJA, Winston-Salem","Daniel Rose, Sofia Meyer, Evan Peter, Hannah Stoehr",Mixed,0,0:01:15.75,?,https://dev.juggle.org/history/champs/champs2009.php,,,75,0
14/07/2009,2009,3b 100m,"IJA, Winston-Salem",David Ferman,M,USA,0:00:13.91,?,https://dev.juggle.org/history/champs/champs2009.php,,,13,394
14/07/2009,2009,5b 100m,"IJA, Winston-Salem",David Ferman,M,USA,0:00:22.60,?,https://dev.juggle.org/history/champs/champs2009.php,,,22,0
14/07/2009,2009,3b 200m,"IJA, Winston-Salem",David Ferman,M,USA,0:00:27.96,?,https://dev.juggle.org/history/champs/champs2009.php,,,27,367
14/07/2009,2009,3b 400m,"IJA, Winston-Salem",David Ferman,M,USA,0:01:03.25,?,https://dev.juggle.org/history/champs/champs2009.php,,,63,261
14/07/2009,2009,7b 100m,"IJA, Winston-Salem",David Ferman,M,USA,0:01:06.00,?,https://dev.juggle.org/history/champs/champs2009.php,,,66,0
14/07/2009,2009,3b 100m,"IJA, Winston-Salem",Evan Peter,M,0,0:00:35.75,?,https://dev.juggle.org/history/champs/champs2009.php,,,35,0
14/07/2009,2009,3b 200m,"IJA, Winston-Salem",Evan Peter,M,0,0:00:48.47,?,https://dev.juggle.org/history/champs/champs2009.php,,,48,0
14/07/2009,2009,5b 100m,"IJA, Winston-Salem",Evan Peter,M,0,0:01:26.44,?,https://dev.juggle.org/history/champs/champs2009.php,,,86,0
14/07/2009,2009,3b 100m,"IJA, Winston-Salem",Hannah Stoehr,F,0,0:00:18.85,?,https://dev.juggle.org/history/champs/champs2009.php,,,18,158
14/07/2009,2009,3b 200m,"IJA, Winston-Salem",Hannah Stoehr,F,0,0:00:50.16,?,https://dev.juggle.org/history/champs/champs2009.php,,,50,0
14/07/2009,2009,3b 400m,"IJA, Winston-Salem",Hannah Stoehr,F,0,0:01:42.78,?,https://dev.juggle.org/history/champs/champs2009.php,,,102,21
14/07/2009,2009,5b 100m,"IJA, Winston-Salem",Hannah Stoehr,F,0,0:02:39.00,?,https://dev.juggle.org/history/champs/champs2009.php,,,159,0
14/07/2009,2009,3b 100m,"IJA, Winston-Salem",Heather Marriott,F,USA,0:00:19.04,?,https://dev.juggle.org/history/champs/champs2009.php,,,19,89
14/07/2009,2009,3b 400m,"IJA, Winston-Salem",Heather Marriott,F,USA,0:01:30.60,?,https://dev.juggle.org/history/champs/champs2009.php,,,90,134
14/07/2009,2009,5b 100m,"IJA, Winston-Salem",Heather Marriott,F,USA,0:02:00.50,?,https://dev.juggle.org/history/champs/champs2009.php,,,120,0
14/07/2009,2009,3b 800m,"IJA, Winston-Salem",Heather Marriott,F,USA,0:03:47.00,?,https://dev.juggle.org/history/champs/champs2009.php,,,227,36
14/07/2009,2009,3b 1600m,"IJA, Winston-Salem",Heather Marriott,F,USA,0:08:33.00,?,https://dev.juggle.org/history/champs/champs2009.php,,,513,0
14/07/2009,2009,3b 4x400m,"IJA, Winston-Salem","Heather Marriott, Chloe Hirschowitz, Stephanie Walsh, Laura Ernst",F,0,0:07:26.56,?,https://dev.juggle.org/history/champs/champs2009.php,,,446,18
14/07/2009,2009,3b 4x100m,"IJA, Winston-Salem","Heather Marriott, Taylor Glenn, Stephanie Walsh, Laura Ernst",F,0,0:01:25.06,?,https://dev.juggle.org/history/champs/champs2009.php,,,85,65
14/07/2009,2009,3b 100m,"IJA, Winston-Salem",Jack Hirschowitz,M,USA,0:00:20.13,?,https://dev.juggle.org/history/champs/champs2009.php,,,20,0
14/07/2009,2009,5b 100m,"IJA, Winston-Salem",Jack Hirschowitz,M,USA,0:02:02.47,?,https://dev.juggle.org/history/champs/champs2009.php,,,122,0
14/07/2009,2009,3b 800m,"IJA, Winston-Salem",Jack Hirschowitz,M,USA,0:03:56.60,?,https://dev.juggle.org/history/champs/champs2009.php,,,236,0
14/07/2009,2009,3b 1600m,"IJA, Winston-Salem",Jack Hirschowitz,M,USA,0:08:45.00,?,https://dev.juggle.org/history/champs/champs2009.php,,,525,0
14/07/2009,2009,3b 5km,"IJA, Winston-Salem",Jack Hirschowitz,M,USA,0:30:55.00,?,https://dev.juggle.org/history/champs/champs2009.php,,,1855,0
14/07/2009,2009,3b 100m,"IJA, Winston-Salem",Jack Levy,M,0,0:00:16.16,?,https://dev.juggle.org/history/champs/champs2009.php,,,16,24
14/07/2009,2009,5b 100m,"IJA, Winston-Salem",Jack Levy,M,0,0:00:39.59,?,https://dev.juggle.org/history/champs/champs2009.php,,,39,0
14/07/2009,2009,3b 200m,"IJA, Winston-Salem",Jack Levy,M,0,0:00:41.62,?,https://dev.juggle.org/history/champs/champs2009.php,,,41,0
14/07/2009,2009,3b 400m,"IJA, Winston-Salem",Jack Levy,M,0,0:01:18.57,?,https://dev.juggle.org/history/champs/champs2009.php,,,78,1
14/07/2009,2009,7b 100m,"IJA, Winston-Salem",Jack Levy,M,0,0:03:41.00,?,https://dev.juggle.org/history/champs/champs2009.php,,,221,0
14/07/2009,2009,3b 100m,"IJA, Winston-Salem",Jean-Guy Beaudry,M,CAN,0:00:25.00,?,https://dev.juggle.org/history/champs/champs2009.php,,,25,0
14/07/2009,2009,3b 200m,"IJA, Winston-Salem",Jean-Guy Beaudry,M,CAN,0:00:36.63,?,https://dev.juggle.org/history/champs/champs2009.php,,,36,0
14/07/2009,2009,3b 400m,"IJA, Winston-Salem",Jean-Guy Beaudry,M,CAN,0:01:25.56,?,https://dev.juggle.org/history/champs/champs2009.php,,,85,0
14/07/2009,2009,3b 800m,"IJA, Winston-Salem",Jean-Guy Beaudry,M,CAN,0:03:45.00,?,https://dev.juggle.org/history/champs/champs2009.php,,,225,0
14/07/2009,2009,3b 100m,"IJA, Winston-Salem",Jeremy Stanley,M,0,0:00:14.66,?,https://dev.juggle.org/history/champs/champs2009.php,,,14,221
14/07/2009,2009,3b 200m,"IJA, Winston-Salem",Jeremy Stanley,M,0,0:00:32.40,?,https://dev.juggle.org/history/champs/champs2009.php,,,32,62
14/07/2009,2009,5b 100m,"IJA, Winston-Salem",Jeremy Stanley,M,0,0:00:38.31,?,https://dev.juggle.org/history/champs/champs2009.php,,,38,0
14/07/2009,2009,3b 400m,"IJA, Winston-Salem",Jeremy Stanley,M,0,0:01:25.59,?,https://dev.juggle.org/history/champs/champs2009.php,,,85,0
14/07/2009,2009,3b 800m,"IJA, Winston-Salem",Jeremy Stanley,M,0,0:03:14.00,?,https://dev.juggle.org/history/champs/champs2009.php,,,194,0
14/07/2009,2009,3b 100m,"IJA, Winston-Salem",Joey Spicola,M,0,0:00:19.66,?,https://dev.juggle.org/history/champs/champs2009.php,,,19,0
14/07/2009,2009,5b 100m,"IJA, Winston-Salem",Joey Spicola,M,0,0:01:02.81,?,https://dev.juggle.org/history/champs/champs2009.php,,,62,0
14/07/2009,2009,3b 5km,"IJA, Winston-Salem",John Clayton,M,0,0:23:50.00,?,https://dev.juggle.org/history/champs/champs2009.php,,,1430,0
14/07/2009,2009,3b 100m,"IJA, Winston-Salem",Kelsey Harr,F,0,0:00:21.59,?,https://dev.juggle.org/history/champs/champs2009.php,,,21,9
14/07/2009,2009,3b 100m,"IJA, Winston-Salem",Kurt Siefken,M,0,0:00:34.10,?,https://dev.juggle.org/history/champs/champs2009.php,,,34,0
14/07/2009,2009,3b 1600m,"IJA, Winston-Salem",Kurt Siefken,M,0,0:07:40.34,?,https://dev.juggle.org/history/champs/champs2009.php,,,460,0
14/07/2009,2009,3b 5km,"IJA, Winston-Salem",Kurt Siefken,M,0,0:25:52.00,?,https://dev.juggle.org/history/champs/champs2009.php,,,1552,0
14/07/2009,2009,3b 100m,"IJA, Winston-Salem",Kyler McClintock,M,0,0:00:22.56,?,https://dev.juggle.org/history/champs/champs2009.php,,,22,0
14/07/2009,2009,5b 100m,"IJA, Winston-Salem",Kyler McClintock,M,0,0:00:34.78,?,https://dev.juggle.org/history/champs/champs2009.php,,,34,0
14/07/2009,2009,3b 200m,"IJA, Winston-Salem",Kyler McClintock,M,0,0:00:35.44,?,https://dev.juggle.org/history/champs/champs2009.php,,,35,1
14/07/2009,2009,3b 400m,"IJA, Winston-Salem",Kyler McClintock,M,0,0:01:25.09,?,https://dev.juggle.org/history/champs/champs2009.php,,,85,0
14/07/2009,2009,3b 800m,"IJA, Winston-Salem",Kyler McClintock,M,0,0:03:07.00,?,https://dev.juggle.org/history/champs/champs2009.php,,,187,0
14/07/2009,2009,3b 1600m,"IJA, Winston-Salem",Kyler McClintock,M,0,0:08:42.00,?,https://dev.juggle.org/history/champs/champs2009.php,,,522,0
14/07/2009,2009,3b 4x400m,"IJA, Winston-Salem","Kyler McClintock, Jeremy Stanley, Austin Bruckner, Andrew Hodge",M,0,0:05:49.07,?,https://dev.juggle.org/history/champs/champs2009.php,,,349,0
14/07/2009,2009,3b 100m,"IJA, Winston-Salem",Laura Ernst,F,0,0:00:19.53,?,https://dev.juggle.org/history/champs/champs2009.php,,,19,89
14/07/2009,2009,3b 200m,"IJA, Winston-Salem",Laura Ernst,F,0,0:00:52.23,?,https://dev.juggle.org/history/champs/champs2009.php,,,52,0
14/07/2009,2009,5b 100m,"IJA, Winston-Salem",Laura Ernst,F,0,0:02:17.40,?,https://dev.juggle.org/history/champs/champs2009.php,,,137,0
14/07/2009,2009,3b 800m,"IJA, Winston-Salem",Laura Ernst,F,0,0:04:19.12,?,https://dev.juggle.org/history/champs/champs2009.php,,,259,0
14/07/2009,2009,3b 100m,"IJA, Winston-Salem",Lee Gifford,M,0,0:00:31.03,?,https://dev.juggle.org/history/champs/champs2009.php,,,31,0
14/07/2009,2009,3b 400m,"IJA, Winston-Salem",Lee Gifford,M,0,0:01:41.11,?,https://dev.juggle.org/history/champs/champs2009.php,,,101,0
14/07/2009,2009,3b 200m,"IJA, Winston-Salem",Len Ferman,M,USA,0:00:33.16,?,https://dev.juggle.org/history/champs/champs2009.php,,,33,31
14/07/2009,2009,5b 100m,"IJA, Winston-Salem",Len Ferman,M,USA,0:01:09.07,?,https://dev.juggle.org/history/champs/champs2009.php,,,69,0
14/07/2009,2009,3b 800m,"IJA, Winston-Salem",Len Ferman,M,USA,0:02:32.00,?,https://dev.juggle.org/history/champs/champs2009.php,,,152,178
14/07/2009,2009,3b 1600m,"IJA, Winston-Salem",Len Ferman,M,USA,0:05:48.66,?,https://dev.juggle.org/history/champs/champs2009.php,,,348,0
14/07/2009,2009,3b 4x100m,"IJA, Winston-Salem","Len Ferman, David Ferman, Tyler Wishau, Ben Fry",M,0,0:01:03.00,?,https://dev.juggle.org/history/champs/champs2009.php,,,63,52
14/07/2009,2009,3b 100m,"IJA, Winston-Salem",Markus Furtner,M,DEU,0:00:34.01,?,https://dev.juggle.org/history/champs/champs2009.php,,,34,0
14/07/2009,2009,3b 200m,"IJA, Winston-Salem",Markus Furtner,M,DEU,0:00:52.37,?,https://dev.juggle.org/history/champs/champs2009.php,,,52,0
14/07/2009,2009,5b 100m,"IJA, Winston-Salem",Markus Furtner,M,DEU,0:02:27.50,?,https://dev.juggle.org/history/champs/champs2009.php,,,147,0
14/07/2009,2009,3b 800m,"IJA, Winston-Salem",Markus Furtner,M,DEU,0:03:40.00,?,https://dev.juggle.org/history/champs/champs2009.php,,,220,0
14/07/2009,2009,3b 1600m,"IJA, Winston-Salem",Markus Furtner,M,DEU,0:07:37.57,?,https://dev.juggle.org/history/champs/champs2009.php,,,457,0
14/07/2009,2009,3b 4x400m,"IJA, Winston-Salem","Markus Furtner, Tyler Wishau, Ben Fry, Tom McClintock",M,0,0:05:18.23,?,https://dev.juggle.org/history/champs/champs2009.php,,,318,12
14/07/2009,2009,3b 100m,"IJA, Winston-Salem",Matt Gifford,M,0,0:00:16.03,?,https://dev.juggle.org/history/champs/champs2009.php,,,16,24
14/07/2009,2009,3b 400m,"IJA, Winston-Salem",Matt Gifford,M,0,0:01:31.68,?,https://dev.juggle.org/history/champs/champs2009.php,,,91,0
14/07/2009,2009,3b 800m,"IJA, Winston-Salem",Matt Gifford,M,0,0:03:26.59,?,https://dev.juggle.org/history/champs/champs2009.php,,,206,0
14/07/2009,2009,3b 4x100m,"IJA, Winston-Salem","Matt Gifford, Austin Bruckner, Jeremy Stanley, Kyler McClintock",M,0,0:01:09.37,?,https://dev.juggle.org/history/champs/champs2009.php,,,69,0
14/07/2009,2009,3b 100m,"IJA, Winston-Salem",Neil Jordan,M,0,0:00:17.97,?,https://dev.juggle.org/history/champs/champs2009.php,,,17,0
14/07/2009,2009,3b 200m,"IJA, Winston-Salem",Neil Jordan,M,0,0:00:36.59,?,https://dev.juggle.org/history/champs/champs2009.php,,,36,0
14/07/2009,2009,3b 800m,"IJA, Winston-Salem",Neil Jordan,M,0,0:03:09.73,?,https://dev.juggle.org/history/champs/champs2009.php,,,189,0
14/07/2009,2009,3b 1600m,"IJA, Winston-Salem",Neil Jordan,M,0,0:07:45.78,?,https://dev.juggle.org/history/champs/champs2009.php,,,465,0
14/07/2009,2009,3b 100m,"IJA, Winston-Salem",Paul Arneberg,M,0,0:00:19.88,?,https://dev.juggle.org/history/champs/champs2009.php,,,19,0
14/07/2009,2009,3b 200m,"IJA, Winston-Salem",Paul Arneberg,M,0,0:00:41.06,?,https://dev.juggle.org/history/champs/champs2009.php,,,41,0
14/07/2009,2009,3b 400m,"IJA, Winston-Salem",Paul Arneberg,M,0,0:01:14.81,?,https://dev.juggle.org/history/champs/champs2009.php,,,74,25
14/07/2009,2009,3b 800m,"IJA, Winston-Salem",Paul Arneberg,M,0,0:02:44.00,?,https://dev.juggle.org/history/champs/champs2009.php,,,164,64
14/07/2009,2009,3b 100m,"IJA, Winston-Salem",Peter Blanchard,M,0,0:00:16.07,?,https://dev.juggle.org/history/champs/champs2009.php,,,16,24
14/07/2009,2009,3b 200m,"IJA, Winston-Salem",Peter Blanchard,M,0,0:00:36.47,?,https://dev.juggle.org/history/champs/champs2009.php,,,36,0
14/07/2009,2009,3b 400m,"IJA, Winston-Salem",Peter Blanchard,M,0,0:01:30.91,?,https://dev.juggle.org/history/champs/champs2009.php,,,90,0
14/07/2009,2009,5b 100m,"IJA, Winston-Salem",Peter Blanchard,M,0,0:02:01.25,?,https://dev.juggle.org/history/champs/champs2009.php,,,121,0
14/07/2009,2009,3b 800m,"IJA, Winston-Salem",Peter Blanchard,M,0,0:03:25.00,?,https://dev.juggle.org/history/champs/champs2009.php,,,205,0
14/07/2009,2009,3b 4x100m,"IJA, Winston-Salem","Peter Blanchard, Andrew Hodge, Chloe Hirschowitz, Markus Furtner",Mixed,0,0:01:27.97,?,https://dev.juggle.org/history/champs/champs2009.php,,,87,0
14/07/2009,2009,3b 100m,"IJA, Winston-Salem",Quentin Dombro,M,0,0:00:27.56,?,https://dev.juggle.org/history/champs/champs2009.php,,,27,0
14/07/2009,2009,3b 400m,"IJA, Winston-Salem",Quentin Dombro,M,0,0:02:30.75,?,https://dev.juggle.org/history/champs/champs2009.php,,,150,0
14/07/2009,2009,3b 800m,"IJA, Winston-Salem",Quentin Dombro,M,0,0:05:01.00,?,https://dev.juggle.org/history/champs/champs2009.php,,,301,0
14/07/2009,2009,3b 5km,"IJA, Winston-Salem",Quentin Dombro,M,0,0:36:30.00,?,https://dev.juggle.org/history/champs/champs2009.php,,,2190,0
14/07/2009,2009,3b 100m,"IJA, Winston-Salem",Rory Bade,M,0,0:00:18.40,?,https://dev.juggle.org/history/champs/champs2009.php,,,18,0
14/07/2009,2009,3b 200m,"IJA, Winston-Salem",Rory Bade,M,0,0:00:38.32,?,https://dev.juggle.org/history/champs/champs2009.php,,,38,0
14/07/2009,2009,5b 100m,"IJA, Winston-Salem",Rory Bade,M,0,0:01:05.16,?,https://dev.juggle.org/history/champs/champs2009.php,,,65,0
14/07/2009,2009,3b 4x100m,"IJA, Winston-Salem","Rory Bade, Joey Spicola, Chris Lovdal, Silas Wallen-Friedman",M,0,0:01:09.17,?,https://dev.juggle.org/history/champs/champs2009.php,,,69,0
14/07/2009,2009,3b 100m,"IJA, Winston-Salem",Silas Wallen-Friedman,M,0,0:00:28.81,?,https://dev.juggle.org/history/champs/champs2009.php,,,28,0
14/07/2009,2009,5b 100m,"IJA, Winston-Salem",Silas Wallen-Friedman,M,0,0:00:50.00,?,https://dev.juggle.org/history/champs/champs2009.php,,,50,0
14/07/2009,2009,3b 4x400m,"IJA, Winston-Salem","Silas Wallen-Friedman, Joey Spicola, Jack Levy, Chris Lovdal",M,0,0:05:32.28,?,https://dev.juggle.org/history/champs/champs2009.php,,,332,0
14/07/2009,2009,3b 100m,"IJA, Winston-Salem",Sofia Meyer,F,0,0:00:24.63,?,https://dev.juggle.org/history/champs/champs2009.php,,,24,0
14/07/2009,2009,3b 200m,"IJA, Winston-Salem",Sofia Meyer,F,0,0:00:44.75,?,https://dev.juggle.org/history/champs/champs2009.php,,,44,5
14/07/2009,2009,5b 100m,"IJA, Winston-Salem",Sofia Meyer,F,0,0:01:52.00,?,https://dev.juggle.org/history/champs/champs2009.php,,,112,0
14/07/2009,2009,3b 400m,"IJA, Winston-Salem",Sofia Meyer,F,0,0:02:01.10,?,https://dev.juggle.org/history/champs/champs2009.php,,,121,0
14/07/2009,2009,3b 100m,"IJA, Winston-Salem",Stephanie Walsh,F,0,0:00:29.10,?,https://dev.juggle.org/history/champs/champs2009.php,,,29,0
14/07/2009,2009,3b 400m,"IJA, Winston-Salem",Stephanie Walsh,F,0,0:01:51.60,?,https://dev.juggle.org/history/champs/champs2009.php,,,111,0
14/07/2009,2009,3b 800m,"IJA, Winston-Salem",Stephanie Walsh,F,0,0:04:29.13,?,https://dev.juggle.org/history/champs/champs2009.php,,,269,0
14/07/2009,2009,3b 1600m,"IJA, Winston-Salem",Stephanie Walsh,F,0,0:10:34.00,?,https://dev.juggle.org/history/champs/champs2009.php,,,634,0
14/07/2009,2009,3b 100m,"IJA, Winston-Salem",Taylor Glenn,F,USA,0:00:18.85,?,https://dev.juggle.org/history/champs/champs2009.php,,,18,158
14/07/2009,2009,5b 100m,"IJA, Winston-Salem",Taylor Glenn,F,USA,0:01:07.50,?,https://dev.juggle.org/history/champs/champs2009.php,,,67,0
14/07/2009,2009,3b 100m,"IJA, Winston-Salem",Tom McClintock,M,0,0:00:18.03,?,https://dev.juggle.org/history/champs/champs2009.php,,,18,0
14/07/2009,2009,3b 800m,"IJA, Winston-Salem",Tom McClintock,M,0,0:03:38.00,?,https://dev.juggle.org/history/champs/champs2009.php,,,218,0
14/07/2009,2009,3b 1600m,"IJA, Winston-Salem",Tom McClintock,M,0,0:09:05.00,?,https://dev.juggle.org/history/champs/champs2009.php,,,545,0
14/07/2009,2009,3b 4x100m,"IJA, Winston-Salem","Tom McClintock, Neil Jordan, Lee Gifford, Paul Arneberg",M,0,0:01:14.66,?,https://dev.juggle.org/history/champs/champs2009.php,,,74,0
14/07/2009,2009,3b 100m,"IJA, Winston-Salem",Tyler Wishau,M,USA,0:00:14.45,?,https://dev.juggle.org/history/champs/champs2009.php,,,14,221
14/07/2009,2009,3b 200m,"IJA, Winston-Salem",Tyler Wishau,M,USA,0:00:30.76,?,https://dev.juggle.org/history/champs/champs2009.php,,,30,153
14/07/2009,2009,3b 400m,"IJA, Winston-Salem",Tyler Wishau,M,USA,0:01:04.47,?,https://dev.juggle.org/history/champs/champs2009.php,,,64,229
14/07/2009,2009,5b 100m,"IJA, Winston-Salem",Tyler Wishau,M,USA,0:01:23.70,?,https://dev.juggle.org/history/champs/champs2009.php,,,83,0
14/07/2009,2009,3b 800m,"IJA, Winston-Salem",Tyler Wishau,M,USA,0:02:21.00,?,https://dev.juggle.org/history/champs/champs2009.php,,,141,332
14/07/2009,2009,3b 1600m,"IJA, Winston-Salem",Tyler Wishau,M,USA,0:05:33.60,?,https://dev.juggle.org/history/champs/champs2009.php,,,333,0
14/07/2009,2009,3b 5km,"IJA, Winston-Salem",Tyler Wishau,M,USA,0:18:47.50,?,https://dev.juggle.org/history/champs/champs2009.php,,,1127,272
12/07/2009,2009,3b 10km,"Graves Park, Sheffield",Ralph Kidner,M,GBR,1:03:30.00,6,https://www.facebook.com/photo/?fbid=1193986171276&set=a.1149082808720 & Facebook message,,,3810,0
12/07/2009,2009,3b 10km,"Graves Park, Sheffield",Tim Butler,M,GBR,1:03:30.00,2,https://www.facebook.com/photo/?fbid=1193986171276&set=a.1149082808720 & Facebook message,,,3810,0
21/06/2009,2009,3b 10km,Leeds 10km,Ralph Kidner,M,GBR,1:09:27.00,10,https://www.justgiving.com/fundraising/ralphybabe,,,4167,0
06/06/2009,2009,3b Marathon,"Sunburst Marathon, South Bend",Perry Romanowski,M,USA,3:21:38.00,?,,,,12098,234
19/04/2009,2009,3b Half Marathon,Montreal Half-Marathon,Michal Kapral,M,CAN,1:23:49.00,2,http://thejoggler.blogspot.com/2009/04/half-marathon-joggling-record.html,,,5029,404
01/03/2009,2009,3b 10km,World's Best 10K,Michal Kapral,M,CAN,0:39:17.00,0,https://thejoggler.blogspot.com/2009/03/worlds-best-10k-joggling-update.html,,,2357,332
11/01/2009,2009,3b Marathon,"Disney Marathon, Orlando, FL",Jeff Civillico,M,USA,4:24:16.00,?,https://jeffcivillico.com/joggling-disney-marathon/,,,15856,0
07/12/2008,2008,3b Half Marathon,Cayman Islands Half Marathon,Michal Kapral,M,CAN,1:27:14.00,15,https://www.caymancompass.com/2008/12/11/keeping-pace-is-a-balancing-act/,,,5234,325
19/10/2008,2008,3b Marathon,Spires and Steeples,Tim Butler,M,GBR,5:39:40.00,?,Marathon #1: https://www.joggling.co.uk/Marathon-List,,,20380,0
12/10/2008,2008,3b Marathon,Victoria BC Marathon,Michal Kapral,M,CAN,3:12:05.00,?,,,,11525,317
12/10/2008,2008,3b Marathon,Chicago Marathon,Perry Romanowski,M,USA,3:39:36.00,?,https://chicago-history.r.mikatiming.com/2021/?pid=search,,,13176,112
21/09/2008,2008,3b 10km,Longboat Toronto 10km,Michal Kapral,M,CAN,0:36:50.00,?,https://thejoggler.blogspot.com/2008/09/joggling-longboat-10k-again.html,,,2210,466
29/08/2008,2008,3b 5km,Canadian Joggle Off,Michal Kapral,M,CAN,0:17:05.00,0,https://thejoggler.blogspot.com/2008/08/canadian-running-magazine-5k-joggle-off.html,,,1025,478
29/08/2008,2008,3b 5km,Canadian Joggle Off,Simon Hodge,M,CAN,0:17:04.00,5,https://thejoggler.blogspot.com/2008/08/canadian-running-magazine-5k-joggle-off.html,,,1024,480
15/07/2008,2008,3b 100m,"IJA, Kentucky",Anders Kierulf,M,0,0:00:15.03,?,https://dev.juggle.org/history/champs/champs2008.php,,,15,98
15/07/2008,2008,3b 200m,"IJA, Kentucky",Anders Kierulf,M,0,0:00:36.06,?,https://dev.juggle.org/history/champs/champs2008.php,,,36,0
15/07/2008,2008,3b 400m,"IJA, Kentucky",Anders Kierulf,M,0,0:01:16.50,?,https://dev.juggle.org/history/champs/champs2008.php,,,76,9
15/07/2008,2008,3b 800m,"IJA, Kentucky",Anders Kierulf,M,0,0:03:06.20,?,https://dev.juggle.org/history/champs/champs2008.php,,,186,0
15/07/2008,2008,3b 1600m,"IJA, Kentucky",Anders Kierulf,M,0,0:08:23.50,?,https://dev.juggle.org/history/champs/champs2008.php,,,503,0
15/07/2008,2008,3b 4x100m,"IJA, Kentucky","Anders Kierulf, Jack Hirschowitz, Danny Tomaro",Mixed,0,0:01:16.00,?,https://dev.juggle.org/history/champs/champs2008.php,,,76,0
15/07/2008,2008,5b 100m,"IJA, Kentucky",Andrew Ruiz,M,0,0:00:31.60,?,https://dev.juggle.org/history/champs/champs2008.php,,,31,0
15/07/2008,2008,3b 400m,"IJA, Kentucky",Andrew Ruiz,M,0,0:01:33.70,?,https://dev.juggle.org/history/champs/champs2008.php,,,93,0
15/07/2008,2008,3b 1600m,"IJA, Kentucky",Andrew Ruiz,M,0,0:09:07.00,?,https://dev.juggle.org/history/champs/champs2008.php,,,547,0
15/07/2008,2008,3b 100m,"IJA, Kentucky",Andrew Swan,M,0,0:00:17.80,?,https://dev.juggle.org/history/champs/champs2008.php,,,17,0
15/07/2008,2008,3b 200m,"IJA, Kentucky",Andrew Swan,M,0,0:00:36.47,?,https://dev.juggle.org/history/champs/champs2008.php,,,36,0
15/07/2008,2008,3b 400m,"IJA, Kentucky",Andrew Swan,M,0,0:01:15.60,?,https://dev.juggle.org/history/champs/champs2008.php,,,75,16
15/07/2008,2008,3b 800m,"IJA, Kentucky",Andrew Swan,M,0,0:03:10.60,?,https://dev.juggle.org/history/champs/champs2008.php,,,190,0
15/07/2008,2008,3b 1600m,"IJA, Kentucky",Andrew Swan,M,0,0:07:46.80,?,https://dev.juggle.org/history/champs/champs2008.php,,,466,0
15/07/2008,2008,3b 5km,"IJA, Kentucky",Andrew Swan,M,0,0:28:03.00,?,https://dev.juggle.org/history/champs/champs2008.php,,,1683,0
15/07/2008,2008,3b 4x400m,"IJA, Kentucky","Andrew Swan, Mike Monson, Tom McClintock, Anders Kierulf",M,0,0:05:44.00,?,https://dev.juggle.org/history/champs/champs2008.php,,,344,0
15/07/2008,2008,3b 4x100m,"IJA, Kentucky","Andrew Swan, Mike Monson, Tom McClintock, Anthony",M,0,0:01:25.00,?,https://dev.juggle.org/history/champs/champs2008.php,,,85,0
15/07/2008,2008,3b 100m,"IJA, Kentucky",Austin Bruckner,M,0,0:00:21.40,?,https://dev.juggle.org/history/champs/champs2008.php,,,21,0
15/07/2008,2008,3b 200m,"IJA, Kentucky",Austin Bruckner,M,0,0:00:39.40,?,https://dev.juggle.org/history/champs/champs2008.php,,,39,0
15/07/2008,2008,5b 100m,"IJA, Kentucky",Austin Bruckner,M,0,0:00:39.50,?,https://dev.juggle.org/history/champs/champs2008.php,,,39,0
15/07/2008,2008,3b 400m,"IJA, Kentucky",Austin Bruckner,M,0,0:01:51.80,?,https://dev.juggle.org/history/champs/champs2008.php,,,111,0
15/07/2008,2008,3b 800m,"IJA, Kentucky",Austin Bruckner,M,0,0:05:20.00,?,https://dev.juggle.org/history/champs/champs2008.php,,,320,0
15/07/2008,2008,3b 1600m,"IJA, Kentucky",Austin Bruckner,M,0,0:11:59.00,?,https://dev.juggle.org/history/champs/champs2008.php,,,719,0
15/07/2008,2008,3b 4x100m,"IJA, Kentucky","Austin Bruckner, Nathan Biggs-Penton, Chloe Hirschowitz, Kyler McClintock",Mixed,0,0:01:20.00,?,https://dev.juggle.org/history/champs/champs2008.php,,,80,0
15/07/2008,2008,3b 4x400m,"IJA, Kentucky","Austin Bruckner, Nathan Biggs-Penton, Kyler McClintock",M,0,0:07:16.00,?,https://dev.juggle.org/history/champs/champs2008.php,,,436,0
15/07/2008,2008,3b 200m,"IJA, Kentucky",Ben Thompson,M,0,0:00:29.90,?,https://dev.juggle.org/history/champs/champs2008.php,,,29,214
15/07/2008,2008,3b 400m,"IJA, Kentucky",Ben Thompson,M,0,0:01:09.20,?,https://dev.juggle.org/history/champs/champs2008.php,,,69,102
15/07/2008,2008,3b 100m,"IJA, Kentucky",Chloe Hirschowitz,F,USA,0:00:19.53,?,https://dev.juggle.org/history/champs/champs2008.php,,,19,89
15/07/2008,2008,3b 200m,"IJA, Kentucky",Chloe Hirschowitz,F,USA,0:00:53.40,?,https://dev.juggle.org/history/champs/champs2008.php,,,53,0
15/07/2008,2008,3b 400m,"IJA, Kentucky",Chloe Hirschowitz,F,USA,0:02:19.40,?,https://dev.juggle.org/history/champs/champs2008.php,,,139,0
15/07/2008,2008,3b 100m,"IJA, Kentucky",Chris Essick,M,USA,0:00:14.56,?,https://dev.juggle.org/history/champs/champs2008.php,,,14,221
15/07/2008,2008,3b 4x100m,"IJA, Kentucky","Chris Essick, Perry Romanowski, Jason Hollandsworth, Len Ferman",M,0,0:01:06.00,?,https://dev.juggle.org/history/champs/champs2008.php,,,66,15
15/07/2008,2008,3b 4x400m,"IJA, Kentucky","Chris Essick, Perry Romanowski, Jason Hollandsworth, Len Ferman",M,0,0:04:53.00,?,https://dev.juggle.org/history/champs/champs2008.php,,,293,84
15/07/2008,2008,3b 4x100m,"IJA, Kentucky","Daniel Rose, Spicola, Bade, Colin Revere",Mixed,0,0:01:16.40,?,https://dev.juggle.org/history/champs/champs2008.php,,,76,0
15/07/2008,2008,3b 5km,"IJA, Kentucky",Danny Tomaro,M,0,0:26:07.00,?,https://dev.juggle.org/history/champs/champs2008.php,,,1567,0
15/07/2008,2008,3b 4x400m,"IJA, Kentucky","Danny Tomaro, Jack Hirschowitz, Anthony",M,0,0:07:21.00,?,https://dev.juggle.org/history/champs/champs2008.php,,,441,0
15/07/2008,2008,3b 100m,"IJA, Kentucky",Gus Tate,M,USA,0:00:16.28,?,https://dev.juggle.org/history/champs/champs2008.php,,,16,24
15/07/2008,2008,5b 100m,"IJA, Kentucky",Gus Tate,M,USA,0:00:57.13,?,https://dev.juggle.org/history/champs/champs2008.php,,,57,0
15/07/2008,2008,3b 5km,"IJA, Kentucky",Gus Tate,M,USA,0:24:31.00,?,https://dev.juggle.org/history/champs/champs2008.php,,,1471,0
15/07/2008,2008,3b 4x100m,"IJA, Kentucky","Gus Tate, Jesse Joyner, Matt Baum, Andrew Ruiz",M,0,0:01:04.20,?,https://dev.juggle.org/history/champs/champs2008.php,,,64,37
15/07/2008,2008,3b 4x400m,"IJA, Kentucky","Gus Tate, Jesse Joyner, Matt Baum, Andrew Ruiz",M,0,0:05:30.30,?,https://dev.juggle.org/history/champs/champs2008.php,,,330,0
15/07/2008,2008,3b 100m,"IJA, Kentucky",Heather Marriott,F,USA,0:00:20.10,?,https://dev.juggle.org/history/champs/champs2008.php,,,20,39
15/07/2008,2008,3b 200m,"IJA, Kentucky",Heather Marriott,F,USA,0:00:39.40,?,https://dev.juggle.org/history/champs/champs2008.php,,,39,94
15/07/2008,2008,3b 800m,"IJA, Kentucky",Heather Marriott,F,USA,0:03:20.00,?,https://dev.juggle.org/history/champs/champs2008.php,,,200,172
15/07/2008,2008,3b 1600m,"IJA, Kentucky",Jack Hirschowitz,M,USA,0:08:32.00,?,https://dev.juggle.org/history/champs/champs2008.php,,,512,0
15/07/2008,2008,3b 100m,"IJA, Kentucky",Jason Hollandsworth,M,0,0:00:15.74,?,https://dev.juggle.org/history/champs/champs2008.php,,,15,98
15/07/2008,2008,3b 400m,"IJA, Kentucky",Jason Hollandsworth,M,0,0:01:12.70,?,https://dev.juggle.org/history/champs/champs2008.php,,,72,50
15/07/2008,2008,3b 100m,"IJA, Kentucky",Jeremy Stanley,M,0,0:00:14.10,?,https://dev.juggle.org/history/champs/champs2008.php,,,14,221
15/07/2008,2008,3b 200m,"IJA, Kentucky",Jeremy Stanley,M,0,0:00:32.00,?,https://dev.juggle.org/history/champs/champs2008.php,,,32,62
15/07/2008,2008,5b 100m,"IJA, Kentucky",Jeremy Stanley,M,0,0:00:38.50,?,https://dev.juggle.org/history/champs/champs2008.php,,,38,0
15/07/2008,2008,3b 800m,"IJA, Kentucky",Jeremy Stanley,M,0,0:03:14.00,?,https://dev.juggle.org/history/champs/champs2008.php,,,194,0
15/07/2008,2008,3b 4x100m,"IJA, Kentucky","Jeremy Stanley,Tim Hark, Cartier, Ron Zeszut",M,0,0:01:07.00,?,https://dev.juggle.org/history/champs/champs2008.php,,,67,7
15/07/2008,2008,3b 4x400m,"IJA, Kentucky","Jeremy Stanley,Tim Hark, Cartier, Ron Zeszut",M,0,0:05:46.00,?,https://dev.juggle.org/history/champs/champs2008.php,,,346,0
15/07/2008,2008,5b 100m,"IJA, Kentucky",Jesse Joyner,M,USA,0:00:51.66,?,https://dev.juggle.org/history/champs/champs2008.php,,,51,0
15/07/2008,2008,3b 5km,"IJA, Kentucky",Jesse Joyner,M,USA,0:24:24.00,?,https://dev.juggle.org/history/champs/champs2008.php,,,1464,0
15/07/2008,2008,3b 200m,"IJA, Kentucky",Kyler McClintock,M,0,0:00:34.20,?,https://dev.juggle.org/history/champs/champs2008.php,,,34,11
15/07/2008,2008,5b 100m,"IJA, Kentucky",Kyler McClintock,M,0,0:00:37.80,?,https://dev.juggle.org/history/champs/champs2008.php,,,37,0
15/07/2008,2008,3b 400m,"IJA, Kentucky",Kyler McClintock,M,0,0:01:24.50,?,https://dev.juggle.org/history/champs/champs2008.php,,,84,0
15/07/2008,2008,3b 800m,"IJA, Kentucky",Kyler McClintock,M,0,0:03:13.50,?,https://dev.juggle.org/history/champs/champs2008.php,,,193,0
15/07/2008,2008,5b 100m,"IJA, Kentucky",Len Ferman,M,USA,0:00:56.90,?,https://dev.juggle.org/history/champs/champs2008.php,,,56,0
15/07/2008,2008,3b 800m,"IJA, Kentucky",Len Ferman,M,USA,0:02:23.50,?,https://dev.juggle.org/history/champs/champs2008.php,,,143,301
15/07/2008,2008,3b 1600m,"IJA, Kentucky",Len Ferman,M,USA,0:05:40.00,?,https://dev.juggle.org/history/champs/champs2008.php,,,340,0
15/07/2008,2008,3b 800m,"IJA, Kentucky",Matt Baum,M,0,0:02:52.60,?,https://dev.juggle.org/history/champs/champs2008.php,,,172,19
15/07/2008,2008,3b 100m,"IJA, Kentucky",Mike Monson,M,0,0:00:16.10,?,https://dev.juggle.org/history/champs/champs2008.php,,,16,24
15/07/2008,2008,3b 200m,"IJA, Kentucky",Mike Monson,M,0,0:00:38.32,?,https://dev.juggle.org/history/champs/champs2008.php,,,38,0
15/07/2008,2008,3b 400m,"IJA, Kentucky",Mike Monson,M,0,0:01:22.20,?,https://dev.juggle.org/history/champs/champs2008.php,,,82,0
15/07/2008,2008,3b 800m,"IJA, Kentucky",Mike Monson,M,0,0:03:07.20,?,https://dev.juggle.org/history/champs/champs2008.php,,,187,0
15/07/2008,2008,3b 100m,"IJA, Kentucky",Nathan Biggs-Penton,M,0,0:00:27.30,?,https://dev.juggle.org/history/champs/champs2008.php,,,27,0
15/07/2008,2008,3b 200m,"IJA, Kentucky",Nathan Biggs-Penton,M,0,0:00:40.80,?,https://dev.juggle.org/history/champs/champs2008.php,,,40,0
15/07/2008,2008,3b 400m,"IJA, Kentucky",Nathan Biggs-Penton,M,0,0:01:58.00,?,https://dev.juggle.org/history/champs/champs2008.php,,,118,0
15/07/2008,2008,3b 800m,"IJA, Kentucky",Nathan Biggs-Penton,M,0,0:04:12.00,?,https://dev.juggle.org/history/champs/champs2008.php,,,252,0
15/07/2008,2008,3b 1600m,"IJA, Kentucky",Nathan Biggs-Penton,M,0,0:10:52.00,?,https://dev.juggle.org/history/champs/champs2008.php,,,652,0
15/07/2008,2008,3b 200m,"IJA, Kentucky",Perry Romanowski,M,USA,0:00:35.60,?,https://dev.juggle.org/history/champs/champs2008.php,,,35,1
15/07/2008,2008,3b 400m,"IJA, Kentucky",Perry Romanowski,M,USA,0:01:06.50,?,https://dev.juggle.org/history/champs/champs2008.php,,,66,172
15/07/2008,2008,3b 800m,"IJA, Kentucky",Perry Romanowski,M,USA,0:02:32.90,?,https://dev.juggle.org/history/champs/champs2008.php,,,152,178
15/07/2008,2008,3b 1600m,"IJA, Kentucky",Perry Romanowski,M,USA,0:07:24.30,?,https://dev.juggle.org/history/champs/champs2008.php,,,444,0
15/07/2008,2008,3b 5km,"IJA, Kentucky",Perry Romanowski,M,USA,0:21:50.00,?,https://dev.juggle.org/history/champs/champs2008.php,,,1310,46
15/07/2008,2008,3b 1600m,"IJA, Kentucky",Ron Zeszut,M,0,0:09:40.00,?,https://dev.juggle.org/history/champs/champs2008.php,,,580,0
15/07/2008,2008,3b 200m,"IJA, Kentucky",Tao Wei,M,0,0:00:33.06,?,https://dev.juggle.org/history/champs/champs2008.php,,,33,31
15/07/2008,2008,3b 100m,"IJA, Kentucky",Tim Hark,M,0,0:00:15.80,?,https://dev.juggle.org/history/champs/champs2008.php,,,15,98
15/07/2008,2008,3b 200m,"IJA, Kentucky",Tim Hark,M,0,0:00:31.80,?,https://dev.juggle.org/history/champs/champs2008.php,,,31,102
15/07/2008,2008,3b 400m,"IJA, Kentucky",Tim Hark,M,0,0:01:13.00,?,https://dev.juggle.org/history/champs/champs2008.php,,,73,36
15/07/2008,2008,3b 800m,"IJA, Kentucky",Tim Hark,M,0,0:03:01.10,?,https://dev.juggle.org/history/champs/champs2008.php,,,181,0
15/07/2008,2008,3b 1600m,"IJA, Kentucky",Tim Hark,M,0,0:07:58.00,?,https://dev.juggle.org/history/champs/champs2008.php,,,478,0
15/07/2008,2008,3b 5km,"IJA, Kentucky",Tom McClintock,M,0,0:29:20.00,?,https://dev.juggle.org/history/champs/champs2008.php,,,1760,0
22/06/2008,2008,3b 10km,Leeds 10km,Ralph Kidner,M,GBR,1:12:00.00,82,https://www.facebook.com/photo/?fbid=10231140425355467,,,4320,0
15/06/2008,2008,3b 5km,Toronto Father's Day 5K,Michal Kapral,M,CAN,0:18:02.00,0,https://thejoggler.blogspot.com/2008/06/joggler-wins-race-outright.html,,,1082,356
13/04/2008,2008,3b Marathon,London Marathon,Perry Romanowski,M,USA,3:35:36.00,?,https://marathonview.net/result/45354889,,,12936,135
27/10/2007,2007,3b 50 Miles,"Lakefront 50 Mile Ultra, Chicago",Perry Romanowski,M,USA,8:23:42.00,?,https://justyouraveragejoggler.com/joggling-the-lakefront-50-mile-ultra-marathon-part-1/  https://justyouraveragejoggler.com/there-is-a-new-joggling-50-mile-record/,,,30222,0
14/10/2007,2007,3b Marathon,Munich Marathon,Peter Meyer,M,DEU,4:10:07.00,1,https://marathonview.net/search?query=peter%20meyer  http://home.mnet-online.de/joggling/aboutme_d.htm,,,15007,6
13/10/2007,2007,3b 10km,Toronto Oasis Zoo Run 10K,Michal Kapral,M,CAN,0:38:10.00,?,"https://sportstats.one/event/crs-zoo-run/leaderboard/2982 
https://thejoggler.blogspot.com/2007/10/monkeying-around-at-oasis-zoorun.html",,,2290,390
07/10/2007,2007,3b Marathon,Chicago Marathon,Perry Romanowski,M,USA,3:59:00.00,?,https://chicago-history.r.mikatiming.com/2021/?pid=search,,,14340,30
30/09/2007,2007,3b Marathon,Toronto Waterfront Marathon,Michal Kapral,M,CAN,2:50:12.00,2,,,,10212,554
17/07/2007,2007,3b 100m,"IJA, Winston-Salem",Aaron Rosenberg,M,0,0:00:20.19,?,https://dev.juggle.org/history/champs/champs2007.php,,,20,0
17/07/2007,2007,3b 200m,"IJA, Winston-Salem",Aaron Rosenberg,M,0,0:00:32.94,?,https://dev.juggle.org/history/champs/champs2007.php,,,32,62
17/07/2007,2007,3b 100m,"IJA, Winston-Salem",Amanda Richter,F,0,0:00:22.03,?,https://dev.juggle.org/history/champs/champs2007.php,,,22,0
17/07/2007,2007,5b 100m,"IJA, Winston-Salem",Amanda Richter,F,0,0:01:05.40,?,https://dev.juggle.org/history/champs/champs2007.php,,,65,0
17/07/2007,2007,3b 400m,"IJA, Winston-Salem",Amanda Richter,F,0,0:01:56.13,?,https://dev.juggle.org/history/champs/champs2007.php,,,116,0
17/07/2007,2007,3b 100m,"IJA, Winston-Salem",Anders Kierulf,M,0,0:00:14.91,?,https://dev.juggle.org/history/champs/champs2007.php,,,14,221
17/07/2007,2007,3b 200m,"IJA, Winston-Salem",Anders Kierulf,M,0,0:00:33.10,?,https://dev.juggle.org/history/champs/champs2007.php,,,33,31
17/07/2007,2007,3b 400m,"IJA, Winston-Salem",Anders Kierulf,M,0,0:01:18.40,?,https://dev.juggle.org/history/champs/champs2007.php,,,78,1
17/07/2007,2007,3b 1600m,"IJA, Winston-Salem",Anders Kierulf,M,0,0:08:50.00,?,https://dev.juggle.org/history/champs/champs2007.php,,,530,0
17/07/2007,2007,3b 5km,"IJA, Winston-Salem",Andrew Perrin,M,0,0:25:46.00,?,https://dev.juggle.org/history/champs/champs2007.php,,,1546,0
17/07/2007,2007,3b 100m,"IJA, Winston-Salem",Andrew Swan,M,0,0:00:16.87,?,https://dev.juggle.org/history/champs/champs2007.php,,,16,24
17/07/2007,2007,5b 100m,"IJA, Winston-Salem",Andrew Swan,M,0,0:00:59.60,?,https://dev.juggle.org/history/champs/champs2007.php,,,59,0
17/07/2007,2007,3b 100m,"IJA, Winston-Salem",Barry Goldmeier,M,USA,0:00:16.66,?,https://dev.juggle.org/history/champs/champs2007.php,,,16,24
17/07/2007,2007,5b 100m,"IJA, Winston-Salem",Barry Goldmeier,M,USA,0:00:32.47,?,https://dev.juggle.org/history/champs/champs2007.php,,,32,0
17/07/2007,2007,5b 5km,"IJA, Winston-Salem",Barry Goldmeier,M,USA,0:38:58.00,?,https://dev.juggle.org/history/champs/champs2007.php,,,2338,0
17/07/2007,2007,5b 100m,"IJA, Winston-Salem",Brett Kissell,M,0,0:00:46.15,?,https://dev.juggle.org/history/champs/champs2007.php,,,46,0
17/07/2007,2007,3b 400m,"IJA, Winston-Salem",Broderick King,M,0,0:01:25.40,?,https://dev.juggle.org/history/champs/champs2007.php,,,85,0
17/07/2007,2007,3b 4x100m,"IJA, Winston-Salem","Broderick King, Scott Schultz, Colin Revere, Ricky Harr",M,0,0:01:26.09,?,https://dev.juggle.org/history/champs/champs2007.php,,,86,0
17/07/2007,2007,3b 4x400m,"IJA, Winston-Salem","Broderick King, Scott Schultz, Colin Revere, Ricky Harr",M,0,0:06:18.75,?,https://dev.juggle.org/history/champs/champs2007.php,,,378,0
17/07/2007,2007,3b 100m,"IJA, Winston-Salem",Chloe Hirschowitz,F,USA,0:00:30.50,?,https://dev.juggle.org/history/champs/champs2007.php,,,30,0
17/07/2007,2007,3b 200m,"IJA, Winston-Salem",Chloe Hirschowitz,F,USA,0:00:54.56,?,https://dev.juggle.org/history/champs/champs2007.php,,,54,0
17/07/2007,2007,3b 400m,"IJA, Winston-Salem",Chloe Hirschowitz,F,USA,0:02:14.00,?,https://dev.juggle.org/history/champs/champs2007.php,,,134,0
17/07/2007,2007,3b 100m,"IJA, Winston-Salem",Christoph Mitasch,M,AUT,0:00:21.35,?,https://dev.juggle.org/history/champs/champs2007.php,,,21,0
17/07/2007,2007,3b 200m,"IJA, Winston-Salem",Christoph Mitasch,M,AUT,0:00:40.16,?,https://dev.juggle.org/history/champs/champs2007.php,,,40,0
17/07/2007,2007,5b 100m,"IJA, Winston-Salem",Christoph Mitasch,M,AUT,0:01:04.50,?,https://dev.juggle.org/history/champs/champs2007.php,,,64,0
17/07/2007,2007,3b 400m,"IJA, Winston-Salem",Christoph Mitasch,M,AUT,0:01:26.40,?,https://dev.juggle.org/history/champs/champs2007.php,,,86,0
17/07/2007,2007,3b 800m,"IJA, Winston-Salem",Christoph Mitasch,M,AUT,0:02:50.68,?,https://dev.juggle.org/history/champs/champs2007.php,,,170,28
17/07/2007,2007,3b 1600m,"IJA, Winston-Salem",Christoph Mitasch,M,AUT,0:06:10.22,?,https://dev.juggle.org/history/champs/champs2007.php,,,370,0
17/07/2007,2007,3b 5km,"IJA, Winston-Salem",Christoph Mitasch,M,AUT,0:22:27.00,?,https://dev.juggle.org/history/champs/champs2007.php,,,1347,24
17/07/2007,2007,3b 200m,"IJA, Winston-Salem",Daniel Rose,M,0,0:00:35.43,?,https://dev.juggle.org/history/champs/champs2007.php,,,35,1
17/07/2007,2007,3b 100m,"IJA, Winston-Salem",David Ferman,M,USA,0:00:14.81,?,https://dev.juggle.org/history/champs/champs2007.php,,,14,221
17/07/2007,2007,5b 100m,"IJA, Winston-Salem",David Ferman,M,USA,0:00:24.28,?,https://dev.juggle.org/history/champs/champs2007.php,,,24,0
17/07/2007,2007,3b 200m,"IJA, Winston-Salem",David Ferman,M,USA,0:00:31.81,?,https://dev.juggle.org/history/champs/champs2007.php,,,31,102
17/07/2007,2007,3b 400m,"IJA, Winston-Salem",David Ferman,M,USA,0:01:21.53,?,https://dev.juggle.org/history/champs/champs2007.php,,,81,0
17/07/2007,2007,3b 800m,"IJA, Winston-Salem",David Ferman,M,USA,0:02:49.72,?,https://dev.juggle.org/history/champs/champs2007.php,,,169,33
17/07/2007,2007,3b 1600m,"IJA, Winston-Salem",David Ferman,M,USA,0:08:11.00,?,https://dev.juggle.org/history/champs/champs2007.php,,,491,0
17/07/2007,2007,3b 100m,"IJA, Winston-Salem",Ethan Rosman,M,0,0:00:32.87,?,https://dev.juggle.org/history/champs/champs2007.php,,,32,0
17/07/2007,2007,3b 200m,"IJA, Winston-Salem",Greg Warrington,M,0,0:00:33.28,?,https://dev.juggle.org/history/champs/champs2007.php,,,33,31
17/07/2007,2007,5b 100m,"IJA, Winston-Salem",Greg Warrington,M,0,0:00:57.19,?,https://dev.juggle.org/history/champs/champs2007.php,,,57,0
17/07/2007,2007,3b 400m,"IJA, Winston-Salem",Greg Warrington,M,0,0:01:14.91,?,https://dev.juggle.org/history/champs/champs2007.php,,,74,25
17/07/2007,2007,3b 5km,"IJA, Winston-Salem",Greg Warrington,M,0,0:24:34.00,?,https://dev.juggle.org/history/champs/champs2007.php,,,1474,0
17/07/2007,2007,3b 100m,"IJA, Winston-Salem",Heather Marriott,F,USA,0:00:20.53,?,https://dev.juggle.org/history/champs/champs2007.php,,,20,39
17/07/2007,2007,3b 200m,"IJA, Winston-Salem",Heather Marriott,F,USA,0:00:41.34,?,https://dev.juggle.org/history/champs/champs2007.php,,,41,45
17/07/2007,2007,5b 100m,"IJA, Winston-Salem",Heather Marriott,F,USA,0:01:31.00,?,https://dev.juggle.org/history/champs/champs2007.php,,,91,0
17/07/2007,2007,3b 400m,"IJA, Winston-Salem",Heather Marriott,F,USA,0:01:36.40,?,https://dev.juggle.org/history/champs/champs2007.php,,,96,65
17/07/2007,2007,3b 400m,"IJA, Winston-Salem",Jack Hirschowitz,M,USA,0:01:39.22,?,https://dev.juggle.org/history/champs/champs2007.php,,,99,0
17/07/2007,2007,3b 5km,"IJA, Winston-Salem",Jack Hirschowitz,M,USA,0:32:50.00,?,https://dev.juggle.org/history/champs/champs2007.php,,,1970,0
17/07/2007,2007,3b 100m,"IJA, Winston-Salem",Jeremy Stanley,M,0,0:00:15.53,?,https://dev.juggle.org/history/champs/champs2007.php,,,15,98
17/07/2007,2007,3b 200m,"IJA, Winston-Salem",Jeremy Stanley,M,0,0:00:32.94,?,https://dev.juggle.org/history/champs/champs2007.php,,,32,62
17/07/2007,2007,3b 400m,"IJA, Winston-Salem",Jeremy Stanley,M,0,0:01:17.63,?,https://dev.juggle.org/history/champs/champs2007.php,,,77,4
17/07/2007,2007,3b 100m,"IJA, Winston-Salem",Jeri Kalvan,F,0,0:00:23.44,?,https://dev.juggle.org/history/champs/champs2007.php,,,23,0
17/07/2007,2007,3b 1600m,"IJA, Winston-Salem",Jeri Kalvan,F,0,0:07:26.81,?,https://dev.juggle.org/history/champs/champs2007.php,,,446,0
17/07/2007,2007,3b 200m,"IJA, Winston-Salem",Kyler McClintock,M,0,0:00:36.54,?,https://dev.juggle.org/history/champs/champs2007.php,,,36,0
17/07/2007,2007,5b 100m,"IJA, Winston-Salem",Kyler McClintock,M,0,0:00:43.63,?,https://dev.juggle.org/history/champs/champs2007.php,,,43,0
17/07/2007,2007,3b 800m,"IJA, Winston-Salem",Len Ferman,M,USA,0:02:42.41,?,https://dev.juggle.org/history/champs/champs2007.php,,,162,79
17/07/2007,2007,3b 1600m,"IJA, Winston-Salem",Len Ferman,M,USA,0:05:46.50,?,https://dev.juggle.org/history/champs/champs2007.php,,,346,0
17/07/2007,2007,3b 4x100m,"IJA, Winston-Salem","Len Ferman, Christoph Mitasch, Kyler McClintock, Andrew Ruiz",M,0,0:01:26.22,?,https://dev.juggle.org/history/champs/champs2007.php,,,86,0
17/07/2007,2007,3b 4x400m,"IJA, Winston-Salem","Len Ferman, Christoph Mitasch, Kyler McClintock, Andrew Ruiz",M,0,0:05:48.00,?,https://dev.juggle.org/history/champs/champs2007.php,,,348,0
17/07/2007,2007,3b 100m,"IJA, Winston-Salem",Liana McClintock,F,0,0:00:36.00,?,https://dev.juggle.org/history/champs/champs2007.php,,,36,0
17/07/2007,2007,3b 100m,"IJA, Winston-Salem",Matt Hall,M,USA,0:00:21.97,?,https://dev.juggle.org/history/champs/champs2007.php,,,21,0
17/07/2007,2007,5b 100m,"IJA, Winston-Salem",Matt Hall,M,USA,0:00:49.88,?,https://dev.juggle.org/history/champs/champs2007.php,,,49,0
17/07/2007,2007,3b 800m,"IJA, Winston-Salem",Matt Hall,M,USA,0:02:50.78,?,https://dev.juggle.org/history/champs/champs2007.php,,,170,28
17/07/2007,2007,3b 100m,"IJA, Winston-Salem",Nathan Vehse,M,0,0:00:15.12,?,https://dev.juggle.org/history/champs/champs2007.php,,,15,98
17/07/2007,2007,3b 400m,"IJA, Winston-Salem",Nathan Vehse,M,0,0:01:08.88,?,https://dev.juggle.org/history/champs/champs2007.php,,,68,123
17/07/2007,2007,3b 4x100m,"IJA, Winston-Salem","Nathan Vehse, Ron Zeszut, Tim Mauk, Jeremy Stanley",M,0,0:01:15.75,?,https://dev.juggle.org/history/champs/champs2007.php,,,75,0
17/07/2007,2007,3b 4x400m,"IJA, Winston-Salem","Nathan Vehse, Ron Zeszut, Tim Mauk, Jeremy Stanley",M,0,0:05:38.91,?,https://dev.juggle.org/history/champs/champs2007.php,,,338,0
17/07/2007,2007,3b 100m,"IJA, Winston-Salem",Nicole Deese,F,0,0:00:21.97,?,https://dev.juggle.org/history/champs/champs2007.php,,,21,9
17/07/2007,2007,3b 200m,"IJA, Winston-Salem",Nicole Deese,F,0,0:00:46.60,?,https://dev.juggle.org/history/champs/champs2007.php,,,46,0
17/07/2007,2007,3b 1600m,"IJA, Winston-Salem",Nicole Deese,F,0,0:07:54.40,?,https://dev.juggle.org/history/champs/champs2007.php,,,474,0
17/07/2007,2007,3b 100m,"IJA, Winston-Salem",Ricky Harr,M,0,0:00:15.81,?,https://dev.juggle.org/history/champs/champs2007.php,,,15,98
17/07/2007,2007,5b 100m,"IJA, Winston-Salem",Ricky Harr,M,0,0:00:45.12,?,https://dev.juggle.org/history/champs/champs2007.php,,,45,0
17/07/2007,2007,3b 100m,"IJA, Winston-Salem",Ryan Schultz,M,0,0:00:33.12,?,https://dev.juggle.org/history/champs/champs2007.php,,,33,0
17/07/2007,2007,3b 200m,"IJA, Winston-Salem",Ryan Schultz,M,0,0:01:18.56,?,https://dev.juggle.org/history/champs/champs2007.php,,,78,0
17/07/2007,2007,3b 4x100m,"IJA, Winston-Salem","Ryan Schultz, Chloe Hirschowitz, David Ferman",Mixed,0,0:01:40.68,?,https://dev.juggle.org/history/champs/champs2007.php,,,100,0
17/07/2007,2007,3b 4x400m,"IJA, Winston-Salem","Ryan Schultz, Chloe Hirschowitz, David Ferman",Mixed,0,0:10:01.00,?,https://dev.juggle.org/history/champs/champs2007.php,,,601,0
17/07/2007,2007,3b 100m,"IJA, Winston-Salem",Sophia Rosman,F,0,0:00:39.72,?,https://dev.juggle.org/history/champs/champs2007.php,,,39,0
17/07/2007,2007,3b 1600m,"IJA, Winston-Salem",Terry Odom,M,USA,0:08:14.00,?,https://dev.juggle.org/history/champs/champs2007.php,,,494,0
17/07/2007,2007,3b 5km,"IJA, Winston-Salem",Terry Odom,M,USA,0:29:33.00,?,https://dev.juggle.org/history/champs/champs2007.php,,,1773,0
17/07/2007,2007,3b 1600m,"IJA, Winston-Salem",Tim Mauk,M,0,0:07:56.00,?,https://dev.juggle.org/history/champs/champs2007.php,,,476,0
17/07/2007,2007,3b 200m,"IJA, Winston-Salem",Tom McClintock,M,0,0:00:40.22,?,https://dev.juggle.org/history/champs/champs2007.php,,,40,0
17/07/2007,2007,3b 400m,"IJA, Winston-Salem",Tom McClintock,M,0,0:01:29.28,?,https://dev.juggle.org/history/champs/champs2007.php,,,89,0
17/07/2007,2007,5b 100m,"IJA, Winston-Salem",Tom McClintock,M,0,0:03:01.00,?,https://dev.juggle.org/history/champs/champs2007.php,,,181,0
17/07/2007,2007,3b 1600m,"IJA, Winston-Salem",Tom McClintock,M,0,0:08:29.00,?,https://dev.juggle.org/history/champs/champs2007.php,,,509,0
17/07/2007,2007,3b 4x100m,"IJA, Winston-Salem","Tom McClintock, Jack Hirschowitz, Andrew Swan, Anders Kierulf",M,0,0:01:22.00,?,https://dev.juggle.org/history/champs/champs2007.php,,,82,0
17/07/2007,2007,3b 4x400m,"IJA, Winston-Salem","Tom McClintock, Jack Hirschowitz, Andrew Swan, Anders Kierulf",M,0,0:07:12.25,?,https://dev.juggle.org/history/champs/champs2007.php,,,432,0
17/06/2007,2007,3b Marathon,Fuerth Marathon,Ingbert Bittel,M,DEU,4:57:25.00,?,https://www.trackmyrace.com/en/running/event-zone/event/jahrtausend-marathon-fuerth/results/marathon/   https://www.teambittel.de/team/veranstaltungen_2007/20070617_fuerth.htm,,,17845,0
17/06/2007,2007,3b 5km,Toronto Father's Day 5K,Michal Kapral,M,CAN,0:18:00.00,1,https://thejoggler.blogspot.com/2007/06/joggling-fathers-day-5k.html,,,1080,360
29/04/2007,2007,3b 5km,"Limestone 5K, Kingston, Ontario",Travis Saunders,M,CAN,0:17:05.00,?,https://thejoggler.blogspot.com/2007/05/saunders-just-misses-5k-joggling-record.html,,,1025,478
21/04/2007,2007,3b Marathon,Salt Lake City Marathon,Michal Kapral,M,CAN,2:53:28.00,4,,,,10408,514
21/04/2007,2007,3b Marathon,Salt Lake City Marathon,Zach Warren,M,USA,2:57:02.00,?,,,,10622,473
02/04/2007,2007,3b 10km,Lincoln 10km,Tim Butler,M,GBR,0:47:01.00,?,,,,2821,57
25/03/2007,2007,3b 30km,"Around The Bay 30k, Hamilton, Canada",Michal Kapral,M,CAN,1:54:44.00,4,https://thejoggler.blogspot.com/2007/03/joggling-around-bay.html      https://www.sportstats.ca/display-results.xhtml?raceid=8080&bib=15,,,6884,0
19/11/2006,2006,3b Marathon,Philadelphia Marathon,Zach Warren,M,USA,2:52:15.00,?,,,,10335,529
05/11/2006,2006,3b Marathon,New York City Marathon,Jonas Eberlein,M,DEU,5:13:31.00,?,https://marathonview.net/search?query=Jonas%20Eberlein  https://www.justyouraveragejoggler.com/jonas-eberlein-world-traveling-adventure-joggler/,,,18811,0
22/10/2006,2006,3b Marathon,Chicago Marathon,Perry Romanowski,M,USA,3:24:46.00,?,https://chicago-history.r.mikatiming.com/2021/?pid=search,,,12286,209
24/09/2006,2006,3b Marathon,Toronto Waterfront Marathon,Michal Kapral,M,CAN,2:57:44.00,8,,,,10664,465
24/09/2006,2006,3b Marathon,Toronto Waterfront Marathon,Perry Romanowski,M,USA,3:28:54.00,?,https://marathonview.net/result/53088739,,,12534,179
10/09/2006,2006,3b 10km,Toronto Island Run,Michal Kapral,M,CAN,0:36:27.00,?,,,,2187,490
18/07/2006,2006,3b 100m,"IJA, Portland, Oregon",Amanda Richter,F,0,0:00:23.72,?,https://dev.juggle.org/history/champs/champs2006.php,,,23,0
18/07/2006,2006,3b 200m,"IJA, Portland, Oregon",Amanda Richter,F,0,0:00:47.00,?,https://dev.juggle.org/history/champs/champs2006.php,,,47,0
18/07/2006,2006,5b 100m,"IJA, Portland, Oregon",Amanda Richter,F,0,0:01:14.72,?,https://dev.juggle.org/history/champs/champs2006.php,,,74,0
18/07/2006,2006,3b 400m,"IJA, Portland, Oregon",Amanda Richter,F,0,0:01:52.00,?,https://dev.juggle.org/history/champs/champs2006.php,,,112,0
18/07/2006,2006,3b 100m,"IJA, Portland, Oregon",Anders Kierulf,M,0,0:00:15.06,?,https://dev.juggle.org/history/champs/champs2006.php,,,15,98
18/07/2006,2006,3b 200m,"IJA, Portland, Oregon",Anders Kierulf,M,0,0:00:32.78,?,https://dev.juggle.org/history/champs/champs2006.php,,,32,62
18/07/2006,2006,3b 400m,"IJA, Portland, Oregon",Anders Kierulf,M,0,0:01:15.40,?,https://dev.juggle.org/history/champs/champs2006.php,,,75,16
18/07/2006,2006,3b 800m,"IJA, Portland, Oregon",Anders Kierulf,M,0,0:03:16.76,?,https://dev.juggle.org/history/champs/champs2006.php,,,196,0
18/07/2006,2006,3b 1600m,"IJA, Portland, Oregon",Anders Kierulf,M,0,0:07:29.00,?,https://dev.juggle.org/history/champs/champs2006.php,,,449,0
18/07/2006,2006,3b 4x100m,"IJA, Portland, Oregon","Anders Kierulf, Danny Tomaro, Andrew Swan, Mike Monson",M,0,0:01:45.00,?,https://dev.juggle.org/history/champs/champs2006.php,,,105,0
18/07/2006,2006,5b 100m,"IJA, Portland, Oregon",Andrew Swan,M,0,0:01:29.47,?,https://dev.juggle.org/history/champs/champs2006.php,,,89,0
18/07/2006,2006,3b 100m,"IJA, Portland, Oregon",Aubree Kolas,F,0,0:00:26.20,?,https://dev.juggle.org/history/champs/champs2006.php,,,26,0
18/07/2006,2006,3b 200m,"IJA, Portland, Oregon",Aubree Kolas,F,0,0:01:01.40,?,https://dev.juggle.org/history/champs/champs2006.php,,,61,0
18/07/2006,2006,3b 400m,"IJA, Portland, Oregon",Aubree Kolas,F,0,0:02:16.00,?,https://dev.juggle.org/history/champs/champs2006.php,,,136,0
18/07/2006,2006,3b 800m,"IJA, Portland, Oregon",Aubree Kolas,F,0,0:05:20.11,?,https://dev.juggle.org/history/champs/champs2006.php,,,320,0
18/07/2006,2006,3b 4x100m,"IJA, Portland, Oregon","Barry Goldmeier, Bill Coad",M,0,0:03:06.00,?,https://dev.juggle.org/history/champs/champs2006.php,,,186,0
18/07/2006,2006,5b 100m,"IJA, Portland, Oregon",Bill Coad,M,USA,0:01:53.16,?,https://dev.juggle.org/history/champs/champs2006.php,,,113,0
18/07/2006,2006,3b 1600m,"IJA, Portland, Oregon",Bill Coad,M,USA,0:08:45.68,?,https://dev.juggle.org/history/champs/champs2006.php,,,525,0
18/07/2006,2006,3b 4x400m,"IJA, Portland, Oregon","Bill Coad, Dean Bennett, Andrew Swan, Colin Revere",M,0,0:08:34.98,?,https://dev.juggle.org/history/champs/champs2006.php,,,514,0
18/07/2006,2006,3b 100m,"IJA, Portland, Oregon",Colin Kulstad,M,0,0:00:20.00,?,https://dev.juggle.org/history/champs/champs2006.php,,,20,0
18/07/2006,2006,3b 200m,"IJA, Portland, Oregon",Colin Kulstad,M,0,0:00:46.94,?,https://dev.juggle.org/history/champs/champs2006.php,,,46,0
18/07/2006,2006,3b 400m,"IJA, Portland, Oregon",Colin Kulstad,M,0,0:01:59.00,?,https://dev.juggle.org/history/champs/champs2006.php,,,119,0
18/07/2006,2006,3b 200m,"IJA, Portland, Oregon",Colin Revere,M,0,0:00:40.96,?,https://dev.juggle.org/history/champs/champs2006.php,,,40,0
18/07/2006,2006,3b 100m,"IJA, Portland, Oregon",Daniel Rose,M,0,0:00:17.10,?,https://dev.juggle.org/history/champs/champs2006.php,,,17,0
18/07/2006,2006,3b 200m,"IJA, Portland, Oregon",Daniel Rose,M,0,0:00:36.82,?,https://dev.juggle.org/history/champs/champs2006.php,,,36,0
18/07/2006,2006,3b 5km,"IJA, Portland, Oregon",Danny Tomaro,M,0,0:25:27.00,?,https://dev.juggle.org/history/champs/champs2006.php,,,1527,0
18/07/2006,2006,3b 4x400m,"IJA, Portland, Oregon","Danny Tomaro, Mike Monson, Tom McClintock, Anders Kierulf",M,0,0:05:45.90,?,https://dev.juggle.org/history/champs/champs2006.php,,,345,0
18/07/2006,2006,3b 800m,"IJA, Portland, Oregon",Dean Bennett,M,0,0:03:51.60,?,https://dev.juggle.org/history/champs/champs2006.php,,,231,0
18/07/2006,2006,3b 5km,"IJA, Portland, Oregon",Dean Bennett,M,0,0:28:30.00,?,https://dev.juggle.org/history/champs/champs2006.php,,,1710,0
18/07/2006,2006,3b 800m,"IJA, Portland, Oregon",Dorothy Finnigan,F,0,0:03:52.00,?,https://dev.juggle.org/history/champs/champs2006.php,,,232,22
18/07/2006,2006,3b 5km,"IJA, Portland, Oregon",Dorothy Finnigan,F,0,0:36:11.00,?,https://dev.juggle.org/history/champs/champs2006.php,,,2171,0
18/07/2006,2006,3b 800m,"IJA, Portland, Oregon",Heather Marriott,F,USA,0:03:10.00,?,https://dev.juggle.org/history/champs/champs2006.php,,,190,247
18/07/2006,2006,3b 100m,"IJA, Portland, Oregon",Jonny Langholz,M,0,0:00:20.00,?,https://dev.juggle.org/history/champs/champs2006.php,,,20,0
18/07/2006,2006,5b 100m,"IJA, Portland, Oregon",Jonny Langholz,M,0,0:00:57.28,?,https://dev.juggle.org/history/champs/champs2006.php,,,57,0
18/07/2006,2006,3b 4x100m,"IJA, Portland, Oregon","Jonny Langholz, Daniel Rose, Colin Kulstud, Colin Revere",M,0,0:01:37.00,?,https://dev.juggle.org/history/champs/champs2006.php,,,97,0
18/07/2006,2006,3b 100m,"IJA, Portland, Oregon",Justin Kolas,M,0,0:00:23.30,?,https://dev.juggle.org/history/champs/champs2006.php,,,23,0
18/07/2006,2006,3b 200m,"IJA, Portland, Oregon",Justin Kolas,M,0,0:00:44.14,?,https://dev.juggle.org/history/champs/champs2006.php,,,44,0
18/07/2006,2006,3b 400m,"IJA, Portland, Oregon",Justin Kolas,M,0,0:01:51.00,?,https://dev.juggle.org/history/champs/champs2006.php,,,111,0
18/07/2006,2006,3b 800m,"IJA, Portland, Oregon",Justin Kolas,M,0,0:03:51.98,?,https://dev.juggle.org/history/champs/champs2006.php,,,231,0
18/07/2006,2006,3b 100m,"IJA, Portland, Oregon",Kelsey Harr,F,0,0:00:23.18,?,https://dev.juggle.org/history/champs/champs2006.php,,,23,0
18/07/2006,2006,3b 400m,"IJA, Portland, Oregon",Kelsey Harr,F,0,0:01:53.00,?,https://dev.juggle.org/history/champs/champs2006.php,,,113,0
18/07/2006,2006,3b 4x100m,"IJA, Portland, Oregon","Kelsey Harr, Tom McClintock, Riley Wiklund, Bill Coad",Mixed,0,0:01:24.00,?,https://dev.juggle.org/history/champs/champs2006.php,,,84,0
18/07/2006,2006,3b 400m,"IJA, Portland, Oregon",Kyle Barrett,M,0,0:01:23.00,?,https://dev.juggle.org/history/champs/champs2006.php,,,83,0
18/07/2006,2006,3b 800m,"IJA, Portland, Oregon",Kyle Barrett,M,0,0:02:47.10,?,https://dev.juggle.org/history/champs/champs2006.php,,,167,44
18/07/2006,2006,3b 1600m,"IJA, Portland, Oregon",Kyle Barrett,M,0,0:06:10.53,?,https://dev.juggle.org/history/champs/champs2006.php,,,370,0
18/07/2006,2006,3b 5km,"IJA, Portland, Oregon",Kyle Barrett,M,0,0:21:25.00,?,https://dev.juggle.org/history/champs/champs2006.php,,,1285,66
18/07/2006,2006,3b 100m,"IJA, Portland, Oregon",Kyler McClintock,M,0,0:00:17.65,?,https://dev.juggle.org/history/champs/champs2006.php,,,17,0
18/07/2006,2006,3b 200m,"IJA, Portland, Oregon",Kyler McClintock,M,0,0:00:41.60,?,https://dev.juggle.org/history/champs/champs2006.php,,,41,0
18/07/2006,2006,5b 100m,"IJA, Portland, Oregon",Kyler McClintock,M,0,0:00:48.33,?,https://dev.juggle.org/history/champs/champs2006.php,,,48,0
18/07/2006,2006,3b 800m,"IJA, Portland, Oregon",Kyler McClintock,M,0,0:03:21.33,?,https://dev.juggle.org/history/champs/champs2006.php,,,201,0
18/07/2006,2006,3b 4x100m,"IJA, Portland, Oregon","Kyler McClintock, Aubree Kolas, Justin Kolas",Mixed,0,0:01:32.00,?,https://dev.juggle.org/history/champs/champs2006.php,,,92,0
18/07/2006,2006,3b 4x400m,"IJA, Portland, Oregon","Kyler McClintock, Aubree Kolas, Justin Kolas, Colin Kulstad",Mixed,0,0:07:45.00,?,https://dev.juggle.org/history/champs/champs2006.php,,,465,0
18/07/2006,2006,3b 400m,"IJA, Portland, Oregon",Lana Bolin,F,USA,0:01:26.00,?,https://dev.juggle.org/history/champs/champs2006.php,,,86,192
18/07/2006,2006,3b 4x100m,"IJA, Portland, Oregon","Lana Bolin, Kelsey Deutch, Sam Nerenhaus, Marco Paoletti",Mixed,0,0:01:14.00,?,https://dev.juggle.org/history/champs/champs2006.php,,,74,0
18/07/2006,2006,3b 4x400m,"IJA, Portland, Oregon","Lana Bolin, Kelsey Deutch, Sam Nerenhaus, Marco Paoletti",Mixed,0,0:05:43.50,?,https://dev.juggle.org/history/champs/champs2006.php,,,343,0
18/07/2006,2006,3b 100m,"IJA, Portland, Oregon",Lauren Rice,F,0,0:00:20.70,?,https://dev.juggle.org/history/champs/champs2006.php,,,20,39
18/07/2006,2006,5b 100m,"IJA, Portland, Oregon",Lauren Rice,F,0,0:01:14.38,?,https://dev.juggle.org/history/champs/champs2006.php,,,74,0
18/07/2006,2006,3b 400m,"IJA, Portland, Oregon",Lauren Rice,F,0,0:01:29.00,?,https://dev.juggle.org/history/champs/champs2006.php,,,89,147
18/07/2006,2006,3b 800m,"IJA, Portland, Oregon",Lauren Rice,F,0,0:03:08.00,?,https://dev.juggle.org/history/champs/champs2006.php,,,188,264
18/07/2006,2006,3b 4x400m,"IJA, Portland, Oregon","Lauren Rice, Zoe Roy, Dorothy Finigan, Kelsey Harr",F,0,0:06:11.00,?,https://dev.juggle.org/history/champs/champs2006.php,,,371,185
18/07/2006,2006,3b 100m,"IJA, Portland, Oregon",Marco Paoletti,M,0,0:00:16.90,?,https://dev.juggle.org/history/champs/champs2006.php,,,16,24
18/07/2006,2006,3b 200m,"IJA, Portland, Oregon",Marco Paoletti,M,0,0:00:32.25,?,https://dev.juggle.org/history/champs/champs2006.php,,,32,62
18/07/2006,2006,5b 100m,"IJA, Portland, Oregon",Marco Paoletti,M,0,0:00:36.84,?,https://dev.juggle.org/history/champs/champs2006.php,,,36,0
18/07/2006,2006,3b 400m,"IJA, Portland, Oregon",Marco Paoletti,M,0,0:01:09.00,?,https://dev.juggle.org/history/champs/champs2006.php,,,69,102
18/07/2006,2006,3b 800m,"IJA, Portland, Oregon",Marco Paoletti,M,0,0:02:51.70,?,https://dev.juggle.org/history/champs/champs2006.php,,,171,23
18/07/2006,2006,3b 1600m,"IJA, Portland, Oregon",Marco Paoletti,M,0,0:06:08.00,?,https://dev.juggle.org/history/champs/champs2006.php,,,368,0
18/07/2006,2006,3b 100m,"IJA, Portland, Oregon",Mike Monson,M,0,0:00:16.57,?,https://dev.juggle.org/history/champs/champs2006.php,,,16,24
18/07/2006,2006,3b 200m,"IJA, Portland, Oregon",Mike Monson,M,0,0:00:35.85,?,https://dev.juggle.org/history/champs/champs2006.php,,,35,1
18/07/2006,2006,3b 400m,"IJA, Portland, Oregon",Mike Monson,M,0,0:01:18.00,?,https://dev.juggle.org/history/champs/champs2006.php,,,78,1
18/07/2006,2006,3b 800m,"IJA, Portland, Oregon",Mike Monson,M,0,0:03:13.10,?,https://dev.juggle.org/history/champs/champs2006.php,,,193,0
18/07/2006,2006,3b 400m,"IJA, Portland, Oregon",Muffy Roy,F,0,0:03:05.00,?,https://dev.juggle.org/history/champs/champs2006.php,,,185,0
18/07/2006,2006,3b 100m,"IJA, Portland, Oregon",Riley Wiklund,M,0,0:00:14.90,?,https://dev.juggle.org/history/champs/champs2006.php,,,14,221
18/07/2006,2006,3b 400m,"IJA, Portland, Oregon",Riley Wiklund,M,0,0:01:20.00,?,https://dev.juggle.org/history/champs/champs2006.php,,,80,0
18/07/2006,2006,3b 800m,"IJA, Portland, Oregon",Riley Wiklund,M,0,0:03:19.18,?,https://dev.juggle.org/history/champs/champs2006.php,,,199,0
18/07/2006,2006,3b 4x100m,"IJA, Portland, Oregon","Riley Wiklund, Amanda Richter, Kelsey Harr, Lauren Rice",Mixed,0,0:01:31.00,?,https://dev.juggle.org/history/champs/champs2006.php,,,91,0
18/07/2006,2006,3b 100m,"IJA, Portland, Oregon",Sam Nerenhaus,M,0,0:00:16.15,?,https://dev.juggle.org/history/champs/champs2006.php,,,16,24
18/07/2006,2006,3b 200m,"IJA, Portland, Oregon",Sam Nerenhaus,M,0,0:00:35.80,?,https://dev.juggle.org/history/champs/champs2006.php,,,35,1
18/07/2006,2006,5b 100m,"IJA, Portland, Oregon",Sam Nerenhaus,M,0,0:00:52.28,?,https://dev.juggle.org/history/champs/champs2006.php,,,52,0
18/07/2006,2006,3b 400m,"IJA, Portland, Oregon",Sam Nerenhaus,M,0,0:01:17.00,?,https://dev.juggle.org/history/champs/champs2006.php,,,77,4
18/07/2006,2006,3b 1600m,"IJA, Portland, Oregon",Sam Nerenhaus,M,0,0:06:58.00,?,https://dev.juggle.org/history/champs/champs2006.php,,,418,0
18/07/2006,2006,3b 400m,"IJA, Portland, Oregon",Sandy Brown,F,0,0:01:37.00,?,https://dev.juggle.org/history/champs/champs2006.php,,,97,56
18/07/2006,2006,3b 100m,"IJA, Portland, Oregon",Tom McClintock,M,0,0:00:17.08,?,https://dev.juggle.org/history/champs/champs2006.php,,,17,0
18/07/2006,2006,3b 200m,"IJA, Portland, Oregon",Tom McClintock,M,0,0:00:34.97,?,https://dev.juggle.org/history/champs/champs2006.php,,,34,11
18/07/2006,2006,3b 400m,"IJA, Portland, Oregon",Tom McClintock,M,0,0:01:16.00,?,https://dev.juggle.org/history/champs/champs2006.php,,,76,9
18/07/2006,2006,5b 100m,"IJA, Portland, Oregon",Tom McClintock,M,0,0:02:40.00,?,https://dev.juggle.org/history/champs/champs2006.php,,,160,0
18/07/2006,2006,3b 800m,"IJA, Portland, Oregon",Tom McClintock,M,0,0:03:05.80,?,https://dev.juggle.org/history/champs/champs2006.php,,,185,0
18/07/2006,2006,3b 1600m,"IJA, Portland, Oregon",Tom McClintock,M,0,0:07:05.00,?,https://dev.juggle.org/history/champs/champs2006.php,,,425,0
18/07/2006,2006,3b 5km,"IJA, Portland, Oregon",Tom McClintock,M,0,0:27:53.00,?,https://dev.juggle.org/history/champs/champs2006.php,,,1673,0
18/07/2006,2006,3b 5km,"IJA, Portland, Oregon",Tosch Roy,M,0,0:20:01.00,?,https://dev.juggle.org/history/champs/champs2006.php,,,1201,158
18/07/2006,2006,3b 100m,"IJA, Portland, Oregon",Trey Newsome,M,USA,0:00:14.03,?,https://dev.juggle.org/history/champs/champs2006.php,,,14,221
18/07/2006,2006,3b 200m,"IJA, Portland, Oregon",Trey Newsome,M,USA,0:00:29.55,?,https://dev.juggle.org/history/champs/champs2006.php,,,29,214
18/07/2006,2006,3b 400m,"IJA, Portland, Oregon",Trey Newsome,M,USA,0:01:01.00,?,https://dev.juggle.org/history/champs/champs2006.php,,,61,330
18/07/2006,2006,3b 800m,"IJA, Portland, Oregon",Trey Newsome,M,USA,0:02:25.30,?,https://dev.juggle.org/history/champs/champs2006.php,,,145,271
18/07/2006,2006,3b 1600m,"IJA, Portland, Oregon",Trey Newsome,M,USA,0:05:36.62,?,https://dev.juggle.org/history/champs/champs2006.php,,,336,0
18/07/2006,2006,3b 200m,"IJA, Portland, Oregon",Zoe Roy,F,0,0:00:51.73,?,https://dev.juggle.org/history/champs/champs2006.php,,,51,0
18/07/2006,2006,3b 400m,"IJA, Portland, Oregon",Zoe Roy,F,0,0:02:13.00,?,https://dev.juggle.org/history/champs/champs2006.php,,,133,0
18/07/2006,2006,3b 800m,"IJA, Portland, Oregon",Zoe Roy,F,0,0:03:28.55,?,https://dev.juggle.org/history/champs/champs2006.php,,,208,121
28/05/2006,2006,3b Marathon,Madison Marathon,Perry Romanowski,M,USA,3:56:56.00,?,,,,14216,36
21/05/2006,2006,3b Marathon,Heilbronner Trollinger Marathon,Ingbert Bittel,M,DEU,5:03:18.00,?,https://www.teambittel.de/team/veranstaltungen_2007/20070617_fuerth.htm  https://marathonview.net/search?query=Ingbert%20Bittel,,,18198,0
17/04/2006,2006,3b Marathon,Boston Marathon,Michal Kapral,M,CAN,3:06:45.00,14,,,,11205,368
17/04/2006,2006,3b Marathon,Boston Marathon,Zach Warren,M,USA,2:58:23.00,?,,,,10703,458
20/11/2005,2005,3b Marathon,Philadelphia Marathon,Zach Warren,M,USA,3:07:05.00,?,https://www.thecrimson.com/article/2005/11/30/marathon-man-grad-student-keeps-balls/,,,11225,365
06/11/2005,2005,3b Marathon,New York City Marathon,Perry Romanowski,M,USA,3:58:10.00,?,https://marathonview.net/result/31146807,,,14290,32
09/10/2005,2005,3b Marathon,Chicago Marathon,Perry Romanowski,M,USA,3:22:54.00,?,https://chicago-history.r.mikatiming.com/2021/?pid=search,,,12174,224
25/09/2005,2005,3b Marathon,Toronto Waterfront Marathon,Michal Kapral,M,CAN,3:07:46.00,20,,,,11266,358
19/07/2005,2005,3b 100m,"IJA, Davenport, Iowa",Alex Coleman,M,0,0:00:49.30,?,https://dev.juggle.org/history/champs/champs2005.php,,,49,0
19/07/2005,2005,3b 200m,"IJA, Davenport, Iowa",Alex Coleman,M,0,0:01:21.75,?,https://dev.juggle.org/history/champs/champs2005.php,,,81,0
19/07/2005,2005,3b 100m,"IJA, Davenport, Iowa",Andrew Swan,M,0,0:00:16.30,?,https://dev.juggle.org/history/champs/champs2005.php,,,16,24
19/07/2005,2005,3b 200m,"IJA, Davenport, Iowa",Andrew Swan,M,0,0:00:37.69,?,https://dev.juggle.org/history/champs/champs2005.php,,,37,0
19/07/2005,2005,5b 100m,"IJA, Davenport, Iowa",Andrew Swan,M,0,0:00:43.50,?,https://dev.juggle.org/history/champs/champs2005.php,,,43,0
19/07/2005,2005,3b 400m,"IJA, Davenport, Iowa",Andrew Swan,M,0,0:01:22.90,?,https://dev.juggle.org/history/champs/champs2005.php,,,82,0
19/07/2005,2005,3b 100m,"IJA, Davenport, Iowa",Ben Hestness,M,0,0:00:26.00,?,https://dev.juggle.org/history/champs/champs2005.php,,,26,0
19/07/2005,2005,5b 100m,"IJA, Davenport, Iowa",Ben Hestness,M,0,0:01:16.34,?,https://dev.juggle.org/history/champs/champs2005.php,,,76,0
19/07/2005,2005,5b 100m,"IJA, Davenport, Iowa",Ben Schoenberg,M,0,0:00:30.06,?,https://dev.juggle.org/history/champs/champs2005.php,,,30,0
19/07/2005,2005,3b 100m,"IJA, Davenport, Iowa",Bernard Dehoog,M,0,0:00:15.85,?,https://dev.juggle.org/history/champs/champs2005.php,,,15,98
19/07/2005,2005,5b 100m,"IJA, Davenport, Iowa",Bernard Dehoog,M,0,0:01:21.38,?,https://dev.juggle.org/history/champs/champs2005.php,,,81,0
19/07/2005,2005,3b 800m,"IJA, Davenport, Iowa",Bernard Dehoog,M,0,0:03:10.72,?,https://dev.juggle.org/history/champs/champs2005.php,,,190,0
19/07/2005,2005,3b 4x200m,"IJA, Davenport, Iowa","Bernard Dehoog, Ricky Harr, Dan Rosenthal, Broderick King",M,0,0:03:12.00,?,https://dev.juggle.org/history/champs/champs2005.php,,,192,0
19/07/2005,2005,3b 100m,"IJA, Davenport, Iowa",Brendan McCarthy,M,0,0:00:38.50,?,https://dev.juggle.org/history/champs/champs2005.php,,,38,0
19/07/2005,2005,3b 200m,"IJA, Davenport, Iowa",Brendan McCarthy,M,0,0:01:11.31,?,https://dev.juggle.org/history/champs/champs2005.php,,,71,0
19/07/2005,2005,3b 100m,"IJA, Davenport, Iowa",Broderick King,M,0,0:00:25.01,?,https://dev.juggle.org/history/champs/champs2005.php,,,25,0
19/07/2005,2005,3b 400m,"IJA, Davenport, Iowa",Broderick King,M,0,0:02:02.41,?,https://dev.juggle.org/history/champs/champs2005.php,,,122,0
19/07/2005,2005,3b 1600m,"IJA, Davenport, Iowa",Broderick King,M,0,0:11:18.00,?,https://dev.juggle.org/history/champs/champs2005.php,,,678,0
19/07/2005,2005,3b 100m,"IJA, Davenport, Iowa",Chris Essick,M,USA,0:00:14.25,?,https://dev.juggle.org/history/champs/champs2005.php,,,14,221
19/07/2005,2005,3b 200m,"IJA, Davenport, Iowa",Chris Essick,M,USA,0:00:40.12,?,https://dev.juggle.org/history/champs/champs2005.php,,,40,0
19/07/2005,2005,3b 400m,"IJA, Davenport, Iowa",Chris Essick,M,USA,0:01:14.00,?,https://dev.juggle.org/history/champs/champs2005.php,,,74,25
19/07/2005,2005,3b 100m,"IJA, Davenport, Iowa",Dan Rosenthal,M,0,0:00:23.90,?,https://dev.juggle.org/history/champs/champs2005.php,,,23,0
19/07/2005,2005,3b 800m,"IJA, Davenport, Iowa",Dan Rosenthal,M,0,0:04:19.00,?,https://dev.juggle.org/history/champs/champs2005.php,,,259,0
19/07/2005,2005,3b 800m,"IJA, Davenport, Iowa",Danny Tomaro,M,0,0:03:31.62,?,https://dev.juggle.org/history/champs/champs2005.php,,,211,0
19/07/2005,2005,3b 1600m,"IJA, Davenport, Iowa",Danny Tomaro,M,0,0:07:23.15,?,https://dev.juggle.org/history/champs/champs2005.php,,,443,0
19/07/2005,2005,3b 5km,"IJA, Davenport, Iowa",Danny Tomaro,M,0,0:26:46.00,?,https://dev.juggle.org/history/champs/champs2005.php,,,1606,0
19/07/2005,2005,3b 1600m,"IJA, Davenport, Iowa",Elliot Royce,M,0,0:23:23.00,?,https://dev.juggle.org/history/champs/champs2005.php,,,1403,0
19/07/2005,2005,3b 100m,"IJA, Davenport, Iowa",Jack Hirschowitz,M,USA,0:00:17.63,?,https://dev.juggle.org/history/champs/champs2005.php,,,17,0
19/07/2005,2005,3b 800m,"IJA, Davenport, Iowa",Jack Hirschowitz,M,USA,0:03:45.47,?,https://dev.juggle.org/history/champs/champs2005.php,,,225,0
19/07/2005,2005,3b 1600m,"IJA, Davenport, Iowa",Jack Hirschowitz,M,USA,0:08:31.92,?,https://dev.juggle.org/history/champs/champs2005.php,,,511,0
19/07/2005,2005,3b 100m,"IJA, Davenport, Iowa",Jeremy Stanley,M,0,0:00:16.70,?,https://dev.juggle.org/history/champs/champs2005.php,,,16,24
19/07/2005,2005,3b 200m,"IJA, Davenport, Iowa",Jeremy Stanley,M,0,0:00:38.22,?,https://dev.juggle.org/history/champs/champs2005.php,,,38,0
19/07/2005,2005,3b 400m,"IJA, Davenport, Iowa",Jeremy Stanley,M,0,0:01:53.40,?,https://dev.juggle.org/history/champs/champs2005.php,,,113,0
19/07/2005,2005,3b 800m,"IJA, Davenport, Iowa",Jeremy Stanley,M,0,0:04:12.00,?,https://dev.juggle.org/history/champs/champs2005.php,,,252,0
19/07/2005,2005,3b 100m,"IJA, Davenport, Iowa",Jonny Langholz,M,0,0:00:25.87,?,https://dev.juggle.org/history/champs/champs2005.php,,,25,0
19/07/2005,2005,3b 4x100m,"IJA, Davenport, Iowa","Jonny Langholz, Ben Hestness, Kyler McClintock, Silas Wallen-Friedman",M,0,0:01:31.53,?,https://dev.juggle.org/history/champs/champs2005.php,,,91,0
19/07/2005,2005,3b 4x200m,"IJA, Davenport, Iowa","Jonny Langholz, Ben Hestness, Kyler McClintock, Silas Wallen-Friedman",M,0,0:03:54.00,?,https://dev.juggle.org/history/champs/champs2005.php,,,234,0
19/07/2005,2005,3b 100m,"IJA, Davenport, Iowa",Joy Dean,F,0,0:01:09.16,?,https://dev.juggle.org/history/champs/champs2005.php,,,69,0
19/07/2005,2005,3b 200m,"IJA, Davenport, Iowa",Joy Dean,F,0,0:02:21.80,?,https://dev.juggle.org/history/champs/champs2005.php,,,141,0
19/07/2005,2005,3b 100m,"IJA, Davenport, Iowa",Kevin Beargie,M,0,0:00:18.47,?,https://dev.juggle.org/history/champs/champs2005.php,,,18,0
19/07/2005,2005,3b 400m,"IJA, Davenport, Iowa",Kevin Beargie,M,0,0:01:44.88,?,https://dev.juggle.org/history/champs/champs2005.php,,,104,0
19/07/2005,2005,3b 800m,"IJA, Davenport, Iowa",Kevin Beargie,M,0,0:04:21.00,?,https://dev.juggle.org/history/champs/champs2005.php,,,261,0
19/07/2005,2005,3b 4x200m,"IJA, Davenport, Iowa","Kevin Beargie, Phillip Garee, Todd Warner, Alex Coleman",M,0,0:03:23.00,?,https://dev.juggle.org/history/champs/champs2005.php,,,203,0
19/07/2005,2005,3b 4x100m,"IJA, Davenport, Iowa","Kevin Beargie, Phillip Garee, Todd Warner, Brendan McCarthy",M,0,0:01:47.20,?,https://dev.juggle.org/history/champs/champs2005.php,,,107,0
19/07/2005,2005,3b 100m,"IJA, Davenport, Iowa",Kyler McClintock,M,0,0:00:20.71,?,https://dev.juggle.org/history/champs/champs2005.php,,,20,0
19/07/2005,2005,3b 200m,"IJA, Davenport, Iowa",Kyler McClintock,M,0,0:00:52.40,?,https://dev.juggle.org/history/champs/champs2005.php,,,52,0
19/07/2005,2005,3b 400m,"IJA, Davenport, Iowa",Kyler McClintock,M,0,0:01:45.00,?,https://dev.juggle.org/history/champs/champs2005.php,,,105,0
19/07/2005,2005,3b 800m,"IJA, Davenport, Iowa",Kyler McClintock,M,0,0:03:56.00,?,https://dev.juggle.org/history/champs/champs2005.php,,,236,0
19/07/2005,2005,3b 100m,"IJA, Davenport, Iowa",Mike Monson,M,0,0:00:17.50,?,https://dev.juggle.org/history/champs/champs2005.php,,,17,0
19/07/2005,2005,3b 200m,"IJA, Davenport, Iowa",Mike Monson,M,0,0:00:37.90,?,https://dev.juggle.org/history/champs/champs2005.php,,,37,0
19/07/2005,2005,3b 400m,"IJA, Davenport, Iowa",Mike Monson,M,0,0:01:24.00,?,https://dev.juggle.org/history/champs/champs2005.php,,,84,0
19/07/2005,2005,3b 800m,"IJA, Davenport, Iowa",Mike Monson,M,0,0:03:22.30,?,https://dev.juggle.org/history/champs/champs2005.php,,,202,0
19/07/2005,2005,3b 1600m,"IJA, Davenport, Iowa",Mike Monson,M,0,0:07:56.44,?,https://dev.juggle.org/history/champs/champs2005.php,,,476,0
19/07/2005,2005,3b 4x100m,"IJA, Davenport, Iowa","Mike Monson, Andrew Swan, Danny Tomaro, Jack Hirschowitz",M,0,0:01:17.00,?,https://dev.juggle.org/history/champs/champs2005.php,,,77,0
19/07/2005,2005,3b 4x200m,"IJA, Davenport, Iowa","Mike Monson, Andrew Swan, Danny Tomaro, Jack Hirschowitz",M,0,0:02:38.00,?,https://dev.juggle.org/history/champs/champs2005.php,,,158,0
19/07/2005,2005,3b 100m,"IJA, Davenport, Iowa",Nicole Deese,F,0,0:00:21.73,?,https://dev.juggle.org/history/champs/champs2005.php,,,21,9
19/07/2005,2005,3b 800m,"IJA, Davenport, Iowa",Nicole Deese,F,0,0:03:47.41,?,https://dev.juggle.org/history/champs/champs2005.php,,,227,36
19/07/2005,2005,3b 1600m,"IJA, Davenport, Iowa",Nicole Deese,F,0,0:08:41.16,?,https://dev.juggle.org/history/champs/champs2005.php,,,521,0
19/07/2005,2005,3b 100m,"IJA, Davenport, Iowa",Phillip Garee,M,0,0:00:20.47,?,https://dev.juggle.org/history/champs/champs2005.php,,,20,0
19/07/2005,2005,3b 800m,"IJA, Davenport, Iowa",Phillip Garee,M,0,0:03:49.00,?,https://dev.juggle.org/history/champs/champs2005.php,,,229,0
19/07/2005,2005,3b 100m,"IJA, Davenport, Iowa",Rebecca Middleton,F,0,0:00:48.16,?,https://dev.juggle.org/history/champs/champs2005.php,,,48,0
19/07/2005,2005,3b 200m,"IJA, Davenport, Iowa",Rebecca Middleton,F,0,0:01:15.72,?,https://dev.juggle.org/history/champs/champs2005.php,,,75,0
19/07/2005,2005,3b 400m,"IJA, Davenport, Iowa",Rebecca Middleton,F,0,0:02:35.60,?,https://dev.juggle.org/history/champs/champs2005.php,,,155,0
19/07/2005,2005,3b 100m,"IJA, Davenport, Iowa",Ricky Harr,M,0,0:00:17.91,?,https://dev.juggle.org/history/champs/champs2005.php,,,17,0
19/07/2005,2005,5b 100m,"IJA, Davenport, Iowa",Ricky Harr,M,0,0:01:00.53,?,https://dev.juggle.org/history/champs/champs2005.php,,,60,0
19/07/2005,2005,3b 100m,"IJA, Davenport, Iowa",Roy Fisher,M,0,0:00:20.30,?,https://dev.juggle.org/history/champs/champs2005.php,,,20,0
19/07/2005,2005,3b 200m,"IJA, Davenport, Iowa",Roy Fisher,M,0,0:00:37.16,?,https://dev.juggle.org/history/champs/champs2005.php,,,37,0
19/07/2005,2005,3b 400m,"IJA, Davenport, Iowa",Roy Fisher,M,0,0:01:37.44,?,https://dev.juggle.org/history/champs/champs2005.php,,,97,0
19/07/2005,2005,3b 800m,"IJA, Davenport, Iowa",Roy Fisher,M,0,0:03:32.00,?,https://dev.juggle.org/history/champs/champs2005.php,,,212,0
19/07/2005,2005,3b 100m,"IJA, Davenport, Iowa",Silas Wallen-Friedman,M,0,0:00:35.22,?,https://dev.juggle.org/history/champs/champs2005.php,,,35,0
19/07/2005,2005,5b 100m,"IJA, Davenport, Iowa",Silas Wallen-Friedman,M,0,0:01:07.06,?,https://dev.juggle.org/history/champs/champs2005.php,,,67,0
19/07/2005,2005,3b 400m,"IJA, Davenport, Iowa",Silas Wallen-Friedman,M,0,0:02:16.56,?,https://dev.juggle.org/history/champs/champs2005.php,,,136,0
19/07/2005,2005,3b 100m,"IJA, Davenport, Iowa",Todd Warner,M,0,0:00:28.60,?,https://dev.juggle.org/history/champs/champs2005.php,,,28,0
19/07/2005,2005,3b 800m,"IJA, Davenport, Iowa",Todd Warner,M,0,0:04:01.00,?,https://dev.juggle.org/history/champs/champs2005.php,,,241,0
19/07/2005,2005,3b 1600m,"IJA, Davenport, Iowa",Todd Warner,M,0,0:08:01.68,?,https://dev.juggle.org/history/champs/champs2005.php,,,481,0
19/07/2005,2005,3b 5km,"IJA, Davenport, Iowa",Todd Warner,M,0,0:38:11.00,?,https://dev.juggle.org/history/champs/champs2005.php,,,2291,0
19/07/2005,2005,3b 100m,"IJA, Davenport, Iowa",Tom McClintock,M,0,0:00:27.10,?,https://dev.juggle.org/history/champs/champs2005.php,,,27,0
19/07/2005,2005,3b 200m,"IJA, Davenport, Iowa",Tom McClintock,M,0,0:00:45.84,?,https://dev.juggle.org/history/champs/champs2005.php,,,45,0
19/07/2005,2005,3b 400m,"IJA, Davenport, Iowa",Tom McClintock,M,0,0:01:36.46,?,https://dev.juggle.org/history/champs/champs2005.php,,,96,0
19/07/2005,2005,3b 800m,"IJA, Davenport, Iowa",Tom McClintock,M,0,0:03:52.00,?,https://dev.juggle.org/history/champs/champs2005.php,,,232,0
19/07/2005,2005,3b 1600m,"IJA, Davenport, Iowa",Tom McClintock,M,0,0:09:04.00,?,https://dev.juggle.org/history/champs/champs2005.php,,,544,0
19/07/2005,2005,3b 4x100m,"IJA, Davenport, Iowa","Tom McClintock, Joey Newsome, Trey Newsome, Chris Essick",M,0,0:01:25.00,?,https://dev.juggle.org/history/champs/champs2005.php,,,85,0
19/07/2005,2005,3b 100m,"IJA, Davenport, Iowa",Trey Newsome,M,USA,0:00:14.43,?,https://dev.juggle.org/history/champs/champs2005.php,,,14,221
19/07/2005,2005,3b 200m,"IJA, Davenport, Iowa",Trey Newsome,M,USA,0:00:28.75,?,https://dev.juggle.org/history/champs/champs2005.php,,,28,285
19/07/2005,2005,5b 100m,"IJA, Davenport, Iowa",Trey Newsome,M,USA,0:00:45.06,?,https://dev.juggle.org/history/champs/champs2005.php,,,45,0
19/07/2005,2005,3b 400m,"IJA, Davenport, Iowa",Trey Newsome,M,USA,0:01:04.62,?,https://dev.juggle.org/history/champs/champs2005.php,,,64,229
19/07/2005,2005,3b 800m,"IJA, Davenport, Iowa",Trey Newsome,M,USA,0:02:36.27,?,https://dev.juggle.org/history/champs/champs2005.php,,,156,133
19/07/2005,2005,3b 1600m,"IJA, Davenport, Iowa",Trey Newsome,M,USA,0:06:41.20,?,https://dev.juggle.org/history/champs/champs2005.php,,,401,0
19/07/2005,2005,3b 4x200m,"IJA, Davenport, Iowa","Trey Newsome, Chris Essick, Jonny Langholz, Roy Fisher",M,0,0:02:27.90,?,https://dev.juggle.org/history/champs/champs2005.php,,,147,0
07/05/2005,2005,3b 5km,St Paul's Spring Tune-up,Riley McLincha,M,USA,0:26:20.00,3,https://www.athlinks.com/event/138944/results/Event/24014/Course/36946/Bib/708,,,1580,0
09/01/2005,2005,3b Marathon,Rock 'n' Roll Arizona,Perry Romanowski,M,USA,3:28:01.00,?,https://marathonview.net/result/61221540,,,12481,185
10/10/2004,2004,3b Marathon,Chicago Marathon,Perry Romanowski,M,USA,3:25:49.00,?,https://chicago-history.r.mikatiming.com/2021/?pid=search,,,12349,201
26/09/2004,2004,3b Marathon,Berlin Marathon,Peter Meyer,M,DEU,4:47:47.00,2,https://marathonview.net/search?query=peter%20meyer  http://home.mnet-online.de/joggling/aboutme_d.htm,,,17267,0
13/07/2004,2004,3b 400m,"IJA, Buffalo",Anders Kierulf,M,0,0:01:19.56,?,https://dev.juggle.org/history/champs/champs2004.php,,,79,0
13/07/2004,2004,3b 800m,"IJA, Buffalo",Anders Kierulf,M,0,0:03:27.50,?,https://dev.juggle.org/history/champs/champs2004.php,,,207,0
13/07/2004,2004,3b 4x100m,"IJA, Buffalo","Anders Kierulf, Gil Pontius, Jack Hirschowitz, Andrew Swan",M,0,0:01:18.20,?,https://dev.juggle.org/history/champs/champs2004.php,,,78,0
13/07/2004,2004,3b 4x400m,"IJA, Buffalo","Anders Kierulf, Gil Pontius, Jack Hirschowitz, Andrew Swan",M,0,0:06:21.00,?,https://dev.juggle.org/history/champs/champs2004.php,,,381,0
13/07/2004,2004,3b 100m,"IJA, Buffalo",Andrew Swan,M,0,0:00:18.14,?,https://dev.juggle.org/history/champs/champs2004.php,,,18,0
13/07/2004,2004,5b 100m,"IJA, Buffalo",Andrew Swan,M,0,0:00:46.69,?,https://dev.juggle.org/history/champs/champs2004.php,,,46,0
13/07/2004,2004,3b 800m,"IJA, Buffalo",Andrew Swan,M,0,0:03:22.50,?,https://dev.juggle.org/history/champs/champs2004.php,,,202,0
13/07/2004,2004,3b 1600m,"IJA, Buffalo",Andrew Swan,M,0,0:07:30.00,?,https://dev.juggle.org/history/champs/champs2004.php,,,450,0
13/07/2004,2004,3b 5km,"IJA, Buffalo",Andrew Swan,M,0,0:29:15.00,?,https://dev.juggle.org/history/champs/champs2004.php,,,1755,0
13/07/2004,2004,3b 4x100m,"IJA, Buffalo","B. Gadomski, Pavlak, Bacchus, Gabe Jakubisin",M,0,0:01:15.40,?,https://dev.juggle.org/history/champs/champs2004.php,,,75,0
13/07/2004,2004,3b 100m,"IJA, Buffalo",Becky Kresser,F,0,0:00:21.30,?,https://dev.juggle.org/history/champs/champs2004.php,,,21,9
13/07/2004,2004,3b 800m,"IJA, Buffalo",Becky Kresser,F,0,0:04:15.00,?,https://dev.juggle.org/history/champs/champs2004.php,,,255,0
13/07/2004,2004,3b 1600m,"IJA, Buffalo",Ben Oldenburg,M,0,0:08:59.00,?,https://dev.juggle.org/history/champs/champs2004.php,,,539,0
13/07/2004,2004,3b 100m,"IJA, Buffalo",Ben Schoenberg,M,0,0:00:15.71,?,https://dev.juggle.org/history/champs/champs2004.php,,,15,98
13/07/2004,2004,5b 100m,"IJA, Buffalo",Ben Schoenberg,M,0,0:00:24.28,?,https://dev.juggle.org/history/champs/champs2004.php,,,24,0
13/07/2004,2004,5b 100m,"IJA, Buffalo",Billy Matsumoto,M,0,0:00:29.00,?,https://dev.juggle.org/history/champs/champs2004.php,,,29,0
13/07/2004,2004,3b 100m,"IJA, Buffalo",Bronwyn Neeser,F,0,0:00:17.74,?,https://dev.juggle.org/history/champs/champs2004.php,,,17,248
13/07/2004,2004,3b 400m,"IJA, Buffalo",Bronwyn Neeser,F,0,0:01:29.90,?,https://dev.juggle.org/history/champs/champs2004.php,,,89,147
13/07/2004,2004,5b 100m,"IJA, Buffalo",Bronwyn Neeser,F,0,0:01:35.00,?,https://dev.juggle.org/history/champs/champs2004.php,,,95,0
13/07/2004,2004,3b 100m,"IJA, Buffalo",Carlos Nieves,M,0,0:00:20.50,?,https://dev.juggle.org/history/champs/champs2004.php,,,20,0
13/07/2004,2004,3b 400m,"IJA, Buffalo",Carlos Nieves,M,0,0:01:53.70,?,https://dev.juggle.org/history/champs/champs2004.php,,,113,0
13/07/2004,2004,3b 400m,"IJA, Buffalo",Chris Essick,M,USA,0:01:03.10,?,https://dev.juggle.org/history/champs/champs2004.php,,,63,261
13/07/2004,2004,3b 800m,"IJA, Buffalo",Chris Essick,M,USA,0:02:45.80,?,https://dev.juggle.org/history/champs/champs2004.php,,,165,57
13/07/2004,2004,3b 1600m,"IJA, Buffalo",Chris Essick,M,USA,0:07:18.90,?,https://dev.juggle.org/history/champs/champs2004.php,,,438,0
13/07/2004,2004,3b 100m,"IJA, Buffalo",Dan Tasse,M,0,0:00:16.09,?,https://dev.juggle.org/history/champs/champs2004.php,,,16,24
13/07/2004,2004,3b 800m,"IJA, Buffalo",Dan Tasse,M,0,0:03:12.00,?,https://dev.juggle.org/history/champs/champs2004.php,,,192,0
13/07/2004,2004,3b 1600m,"IJA, Buffalo",David Chandler,M,0,0:08:30.00,?,https://dev.juggle.org/history/champs/champs2004.php,,,510,0
13/07/2004,2004,3b 100m,"IJA, Buffalo",Dorothy Finnigan,F,0,0:00:19.86,?,https://dev.juggle.org/history/champs/champs2004.php,,,19,89
13/07/2004,2004,5b 100m,"IJA, Buffalo",Dorothy Finnigan,F,0,0:01:30.59,?,https://dev.juggle.org/history/champs/champs2004.php,,,90,0
13/07/2004,2004,3b 400m,"IJA, Buffalo",Dorothy Finnigan,F,0,0:01:33.20,?,https://dev.juggle.org/history/champs/champs2004.php,,,93,96
13/07/2004,2004,3b 5km,"IJA, Buffalo",Dorothy Finnigan,F,0,0:35:49.00,?,https://dev.juggle.org/history/champs/champs2004.php,,,2149,0
13/07/2004,2004,3b 4x100m,"IJA, Buffalo","F Kennard, Ben Oldenburg, K Beargie, Dan Tasse",M,0,0:01:08.00,?,https://dev.juggle.org/history/champs/champs2004.php,,,68,2
13/07/2004,2004,3b 4x400m,"IJA, Buffalo","F Kennard, Ben Oldenburg, K Beargie, Dan Tasse",M,0,0:06:42.00,?,https://dev.juggle.org/history/champs/champs2004.php,,,402,0
13/07/2004,2004,3b 100m,"IJA, Buffalo",Gabe Jakubisin,M,0,0:00:16.44,?,https://dev.juggle.org/history/champs/champs2004.php,,,16,24
13/07/2004,2004,3b 400m,"IJA, Buffalo",Gabe Jakubisin,M,0,0:01:11.00,?,https://dev.juggle.org/history/champs/champs2004.php,,,71,65
13/07/2004,2004,3b 800m,"IJA, Buffalo",Gabe Jakubisin,M,0,0:02:57.40,?,https://dev.juggle.org/history/champs/champs2004.php,,,177,4
13/07/2004,2004,3b 1600m,"IJA, Buffalo",Gabe Jakubisin,M,0,0:07:22.00,?,https://dev.juggle.org/history/champs/champs2004.php,,,442,0
13/07/2004,2004,3b 100m,"IJA, Buffalo",Gil Pontius,M,0,0:00:20.31,?,https://dev.juggle.org/history/champs/champs2004.php,,,20,0
13/07/2004,2004,3b 400m,"IJA, Buffalo",Jack Hirschowitz,M,USA,0:01:25.00,?,https://dev.juggle.org/history/champs/champs2004.php,,,85,0
13/07/2004,2004,3b 400m,"IJA, Buffalo",Jamie Whoolery,M,0,0:01:05.10,?,https://dev.juggle.org/history/champs/champs2004.php,,,65,200
13/07/2004,2004,3b 800m,"IJA, Buffalo",Jamie Whoolery,M,0,0:02:35.30,?,https://dev.juggle.org/history/champs/champs2004.php,,,155,144
13/07/2004,2004,3b 1600m,"IJA, Buffalo",Jamie Whoolery,M,0,0:06:38.00,?,https://dev.juggle.org/history/champs/champs2004.php,,,398,0
13/07/2004,2004,3b 5km,"IJA, Buffalo",Jamie Whoolery,M,0,0:26:16.00,?,https://dev.juggle.org/history/champs/champs2004.php,,,1576,0
13/07/2004,2004,3b 100m,"IJA, Buffalo",Jeremy Stanley,M,0,0:00:31.80,?,https://dev.juggle.org/history/champs/champs2004.php,,,31,0
13/07/2004,2004,3b 400m,"IJA, Buffalo",Jeremy Stanley,M,0,0:02:14.50,?,https://dev.juggle.org/history/champs/champs2004.php,,,134,0
13/07/2004,2004,3b 400m,"IJA, Buffalo",Laura Kaseman,F,0,0:01:52.00,?,https://dev.juggle.org/history/champs/champs2004.php,,,112,0
13/07/2004,2004,5b 100m,"IJA, Buffalo",Laura Kaseman,F,0,0:02:01.00,?,https://dev.juggle.org/history/champs/champs2004.php,,,121,0
13/07/2004,2004,3b 800m,"IJA, Buffalo",Laura Kaseman,F,0,0:04:17.00,?,https://dev.juggle.org/history/champs/champs2004.php,,,257,0
13/07/2004,2004,3b 4x100m,"IJA, Buffalo","Laura Kaseman, Dorothy Finnigan, Becky Kresser, Bronwyn Neeser",F,0,0:01:21.50,?,https://dev.juggle.org/history/champs/champs2004.php,,,81,112
13/07/2004,2004,3b 400m,"IJA, Buffalo",Matt Diffee,M,USA,0:01:02.50,?,https://dev.juggle.org/history/champs/champs2004.php,,,62,295
13/07/2004,2004,3b 4x100m,"IJA, Buffalo","Matt Diffee, Trey Newsom, Jamie Whoolery, Chris Essick",M,0,0:00:58.15,?,https://dev.juggle.org/history/champs/champs2004.php,,,58,163
13/07/2004,2004,3b 4x400m,"IJA, Buffalo","Matt Diffee, Trey Newsom, Jamie Whoolery, Chris Essick",M,0,0:04:50.00,?,https://dev.juggle.org/history/champs/champs2004.php,,,290,97
13/07/2004,2004,3b 400m,"IJA, Buffalo",Mike Monson,M,0,0:01:24.00,?,https://dev.juggle.org/history/champs/champs2004.php,,,84,0
13/07/2004,2004,3b 800m,"IJA, Buffalo",Mike Monson,M,0,0:03:25.00,?,https://dev.juggle.org/history/champs/champs2004.php,,,205,0
13/07/2004,2004,3b 1600m,"IJA, Buffalo",Mike Monson,M,0,0:07:35.00,?,https://dev.juggle.org/history/champs/champs2004.php,,,455,0
13/07/2004,2004,3b 100m,"IJA, Buffalo",Nick Pavlak,M,0,0:00:15.91,?,https://dev.juggle.org/history/champs/champs2004.php,,,15,98
13/07/2004,2004,3b 400m,"IJA, Buffalo",Nick Pavlak,M,0,0:01:30.10,?,https://dev.juggle.org/history/champs/champs2004.php,,,90,0
13/07/2004,2004,3b 800m,"IJA, Buffalo",Nick Pavlak,M,0,0:03:24.70,?,https://dev.juggle.org/history/champs/champs2004.php,,,204,0
13/07/2004,2004,5b 100m,"IJA, Buffalo",Peter Morris,M,0,0:00:44.30,?,https://dev.juggle.org/history/champs/champs2004.php,,,44,0
13/07/2004,2004,3b 4x100m,"IJA, Buffalo","S. Rogal, K. McGrath, M. Stockhausen, A. Wyszynski",M,0,0:02:14.50,?,https://dev.juggle.org/history/champs/champs2004.php,,,134,0
13/07/2004,2004,3b 100m,"IJA, Buffalo",Trey Newsome,M,USA,0:00:15.34,?,https://dev.juggle.org/history/champs/champs2004.php,,,15,98
13/07/2004,2004,5b 100m,"IJA, Buffalo",Trey Newsome,M,USA,0:00:59.50,?,https://dev.juggle.org/history/champs/champs2004.php,,,59,0
13/07/2004,2004,3b 400m,"IJA, Buffalo",Trey Newsome,M,USA,0:01:10.00,?,https://dev.juggle.org/history/champs/champs2004.php,,,70,82
13/07/2004,2004,3b 800m,"IJA, Buffalo",Trey Newsome,M,USA,0:02:54.30,?,https://dev.juggle.org/history/champs/champs2004.php,,,174,12
06/06/2004,2004,3b Marathon,San Diego Rock 'n' Roll,Perry Romanowski,M,USA,3:59:51.00,?,https://marathonview.net/result/60090344,,,14391,27
11/01/2004,2004,3b Marathon,Rock 'n' Roll Arizona,Perry Romanowski,M,USA,3:50:21.00,?,https://marathonview.net/result/61212976,,,13821,60
05/10/2003,2003,3b Marathon,"Twin Cities Marathon, Minnesota",Perry Romanowski,M,USA,3:51:38.00,?,,,,13898,55
31/05/2003,2003,3b 10km,Oak Apple Run,Riley McLincha,M,USA,0:47:45.00,6,https://www.athlinks.com/event/28458/results/Event/59571/Course/362940/Entry/139702147,,,2865,42
28/04/2003,2003,3b Marathon,Cleveland Marathon,Perry Romanowski,M,USA,4:12:56.00,?,,,,15176,3
27/04/2003,2003,3b Half Marathon,West Bloomfield 1/2 Marathon,Riley McLincha,M,USA,2:12:42.00,15,https://www.athlinks.com/event/38318/results/Event/12960/Course/19137/Entry/8202460,,,7962,0
01/02/2003,2003,3b Mile,"Atlanta, Georgia",Will Howard,M,USA,0:04:42.00,?,http://www.atlantajugglers.org/aja-media/articles-by-our-members/86-joggling-world-record,,,282,620
06/10/2002,2002,3b Marathon,Milwaukee Marathon,Perry Romanowski,M,USA,4:11:48.00,?,,,,15108,4
17/07/2002,2002,3b 100m,"IJA, Reading, Pennsylvania",Albert Lucas,M,USA,0:00:12.74,?,https://dev.juggle.org/history/champs/champs2002.php,,,12,615
17/07/2002,2002,5b 100m,"IJA, Reading, Pennsylvania",Albert Lucas,M,USA,0:00:15.50,?,https://dev.juggle.org/history/champs/champs2002.php,,,15,98
17/07/2002,2002,3b 200m,"IJA, Reading, Pennsylvania",Albert Lucas,M,USA,0:00:27.00,?,https://dev.juggle.org/history/champs/champs2002.php,,,27,367
17/07/2002,2002,3b 4x100m,"IJA, Reading, Pennsylvania","Albert Lucas, Sam Hartford, Jamie Whoolery, Chris Essick",M,0,0:00:59.80,?,https://dev.juggle.org/history/champs/champs2002.php,,,59,136
17/07/2002,2002,3b 100m,"IJA, Reading, Pennsylvania",Andrew Swan,M,0,0:00:16.00,?,https://dev.juggle.org/history/champs/champs2002.php,,,16,24
17/07/2002,2002,3b 200m,"IJA, Reading, Pennsylvania",Andrew Swan,M,0,0:00:39.20,?,https://dev.juggle.org/history/champs/champs2002.php,,,39,0
17/07/2002,2002,5b 100m,"IJA, Reading, Pennsylvania",Andrew Swan,M,0,0:00:49.00,?,https://dev.juggle.org/history/champs/champs2002.php,,,49,0
17/07/2002,2002,3b 400m,"IJA, Reading, Pennsylvania",Andrew Swan,M,0,0:01:10.60,?,https://dev.juggle.org/history/champs/champs2002.php,,,70,82
17/07/2002,2002,3b 1600m,"IJA, Reading, Pennsylvania",Andrew Swan,M,0,0:07:19.00,?,https://dev.juggle.org/history/champs/champs2002.php,,,439,0
17/07/2002,2002,3b 5km,"IJA, Reading, Pennsylvania",Andrew Swan,M,0,0:24:26.00,?,https://dev.juggle.org/history/champs/champs2002.php,,,1466,0
17/07/2002,2002,5b 100m,"IJA, Reading, Pennsylvania",Barry Goldmeier,M,USA,0:00:29.00,?,https://dev.juggle.org/history/champs/champs2002.php,,,29,0
17/07/2002,2002,3b 200m,"IJA, Reading, Pennsylvania",Barry Goldmeier,M,USA,0:00:32.30,?,https://dev.juggle.org/history/champs/champs2002.php,,,32,62
17/07/2002,2002,3b 4x200m,"IJA, Reading, Pennsylvania","Barry Goldmeier, Jamie Whoolery, Chris Essick, Sam Hartford",M,0,0:02:10.50,?,https://dev.juggle.org/history/champs/champs2002.php,,,130,58
17/07/2002,2002,3b 4x400m,"IJA, Reading, Pennsylvania","Barry Goldmeier, Jamie Whoolery, Chris Essick, Sam Hartford",M,0,0:04:42.60,?,https://dev.juggle.org/history/champs/champs2002.php,,,282,135
17/07/2002,2002,3b 200m,"IJA, Reading, Pennsylvania",Ben Thompson,M,0,0:00:42.30,?,https://dev.juggle.org/history/champs/champs2002.php,,,42,0
17/07/2002,2002,3b 400m,"IJA, Reading, Pennsylvania",Ben Thompson,M,0,0:01:38.90,?,https://dev.juggle.org/history/champs/champs2002.php,,,98,0
17/07/2002,2002,3b 100m,"IJA, Reading, Pennsylvania",Chris Essick,M,USA,0:00:12.72,?,https://dev.juggle.org/history/champs/champs2002.php,,,12,615
17/07/2002,2002,3b 200m,"IJA, Reading, Pennsylvania",Chris Essick,M,USA,0:00:26.50,?,https://dev.juggle.org/history/champs/champs2002.php,,,26,458
17/07/2002,2002,3b 400m,"IJA, Reading, Pennsylvania",Chris Essick,M,USA,0:01:00.60,?,https://dev.juggle.org/history/champs/champs2002.php,,,60,368
17/07/2002,2002,3b 100m,"IJA, Reading, Pennsylvania",Chris Laco,M,0,0:00:16.50,?,https://dev.juggle.org/history/champs/champs2002.php,,,16,24
17/07/2002,2002,3b 200m,"IJA, Reading, Pennsylvania",Chris Laco,M,0,0:00:39.50,?,https://dev.juggle.org/history/champs/champs2002.php,,,39,0
17/07/2002,2002,3b 400m,"IJA, Reading, Pennsylvania",Chris Laco,M,0,0:01:20.90,?,https://dev.juggle.org/history/champs/champs2002.php,,,80,0
17/07/2002,2002,3b 4x100m,"IJA, Reading, Pennsylvania","Chris Laco, Geoff Kennard, Zach Waickman, Bacchus",M,0,0:01:18.90,?,https://dev.juggle.org/history/champs/champs2002.php,,,78,0
17/07/2002,2002,3b 4x200m,"IJA, Reading, Pennsylvania","Chris Laco, Geoff Kennard, Zach Waickman, Bacchus",M,0,0:02:56.40,?,https://dev.juggle.org/history/champs/champs2002.php,,,176,0
17/07/2002,2002,3b 400m,"IJA, Reading, Pennsylvania",Chris Sutton,M,0,0:01:24.70,?,https://dev.juggle.org/history/champs/champs2002.php,,,84,0
17/07/2002,2002,3b 1600m,"IJA, Reading, Pennsylvania",Chris Sutton,M,0,0:08:36.00,?,https://dev.juggle.org/history/champs/champs2002.php,,,516,0
17/07/2002,2002,3b 400m,"IJA, Reading, Pennsylvania",Dan Peterson,M,0,0:01:17.50,?,https://dev.juggle.org/history/champs/champs2002.php,,,77,4
17/07/2002,2002,3b 200m,"IJA, Reading, Pennsylvania",Danny Tomaro,M,0,0:00:45.20,?,https://dev.juggle.org/history/champs/champs2002.php,,,45,0
17/07/2002,2002,3b 400m,"IJA, Reading, Pennsylvania",Danny Tomaro,M,0,0:01:37.10,?,https://dev.juggle.org/history/champs/champs2002.php,,,97,0
17/07/2002,2002,3b 5km,"IJA, Reading, Pennsylvania",Danny Tomaro,M,0,0:27:35.00,?,https://dev.juggle.org/history/champs/champs2002.php,,,1655,0
17/07/2002,2002,3b 100m,"IJA, Reading, Pennsylvania",Dorothy Finnigan,F,0,0:00:19.70,?,https://dev.juggle.org/history/champs/champs2002.php,,,19,89
17/07/2002,2002,3b 200m,"IJA, Reading, Pennsylvania",Dorothy Finnigan,F,0,0:00:44.60,?,https://dev.juggle.org/history/champs/champs2002.php,,,44,5
17/07/2002,2002,3b 400m,"IJA, Reading, Pennsylvania",Dorothy Finnigan,F,0,0:01:45.60,?,https://dev.juggle.org/history/champs/champs2002.php,,,105,8
17/07/2002,2002,3b 100m,"IJA, Reading, Pennsylvania",Geoff Kennard,M,0,0:00:36.50,?,https://dev.juggle.org/history/champs/champs2002.php,,,36,0
17/07/2002,2002,3b 200m,"IJA, Reading, Pennsylvania",Geoff Kennard,M,0,0:00:59.80,?,https://dev.juggle.org/history/champs/champs2002.php,,,59,0
17/07/2002,2002,3b 100m,"IJA, Reading, Pennsylvania",Gil Pontius,M,0,0:00:17.10,?,https://dev.juggle.org/history/champs/champs2002.php,,,17,0
17/07/2002,2002,3b 5km,"IJA, Reading, Pennsylvania",Gil Pontius,M,0,0:28:44.00,?,https://dev.juggle.org/history/champs/champs2002.php,,,1724,0
17/07/2002,2002,3b 100m,"IJA, Reading, Pennsylvania",Heather Marriott,F,USA,0:00:19.10,?,https://dev.juggle.org/history/champs/champs2002.php,,,19,89
17/07/2002,2002,5b 100m,"IJA, Reading, Pennsylvania",Heather Marriott,F,USA,0:00:42.80,?,https://dev.juggle.org/history/champs/champs2002.php,,,42,0
17/07/2002,2002,3b 400m,"IJA, Reading, Pennsylvania",Heather Marriott,F,USA,0:01:25.60,?,https://dev.juggle.org/history/champs/champs2002.php,,,85,209
17/07/2002,2002,3b 5km,"IJA, Reading, Pennsylvania",Heather Marriott,F,USA,0:25:43.00,?,https://dev.juggle.org/history/champs/champs2002.php,,,1543,250
17/07/2002,2002,3b 200m,"IJA, Reading, Pennsylvania",Jack Hirschowitz,M,USA,0:00:42.00,?,https://dev.juggle.org/history/champs/champs2002.php,,,42,0
17/07/2002,2002,3b 400m,"IJA, Reading, Pennsylvania",Jack Hirschowitz,M,USA,0:01:27.90,?,https://dev.juggle.org/history/champs/champs2002.php,,,87,0
17/07/2002,2002,3b 1600m,"IJA, Reading, Pennsylvania",Jack Hirschowitz,M,USA,0:08:02.00,?,https://dev.juggle.org/history/champs/champs2002.php,,,482,0
17/07/2002,2002,3b 4x100m,"IJA, Reading, Pennsylvania","Jack Hirschowitz, Andrew Swan, Marlin Ballard, Paul Ballard",M,0,0:01:22.20,?,https://dev.juggle.org/history/champs/champs2002.php,,,82,0
17/07/2002,2002,3b 4x200m,"IJA, Reading, Pennsylvania","Jack Hirschowitz, Gus Pontius, Marlin Ballard, Andrew Swan",M,0,0:02:48.10,?,https://dev.juggle.org/history/champs/champs2002.php,,,168,0
17/07/2002,2002,3b 4x400m,"IJA, Reading, Pennsylvania","Jack Hirschowitz, Gus Pontius, Marlin Ballard, Andrew Swan",M,0,0:06:15.56,?,https://dev.juggle.org/history/champs/champs2002.php,,,375,0
17/07/2002,2002,3b 100m,"IJA, Reading, Pennsylvania",Jake Immerman,M,0,0:00:18.10,?,https://dev.juggle.org/history/champs/champs2002.php,,,18,0
17/07/2002,2002,3b 400m,"IJA, Reading, Pennsylvania",Jake Immerman,M,0,0:01:35.60,?,https://dev.juggle.org/history/champs/champs2002.php,,,95,0
17/07/2002,2002,3b 1600m,"IJA, Reading, Pennsylvania",Jake Immerman,M,0,0:07:10.00,?,https://dev.juggle.org/history/champs/champs2002.php,,,430,0
17/07/2002,2002,3b 5km,"IJA, Reading, Pennsylvania",Jake Immerman,M,0,0:25:36.00,?,https://dev.juggle.org/history/champs/champs2002.php,,,1536,0
17/07/2002,2002,3b 400m,"IJA, Reading, Pennsylvania",Jamie Whoolery,M,0,0:01:04.30,?,https://dev.juggle.org/history/champs/champs2002.php,,,64,229
17/07/2002,2002,3b 1600m,"IJA, Reading, Pennsylvania",Jamie Whoolery,M,0,0:05:56.00,?,https://dev.juggle.org/history/champs/champs2002.php,,,356,0
17/07/2002,2002,3b 100m,"IJA, Reading, Pennsylvania",Marlin Ballard,M,0,0:00:16.30,?,https://dev.juggle.org/history/champs/champs2002.php,,,16,24
17/07/2002,2002,5b 100m,"IJA, Reading, Pennsylvania",Marlin Ballard,M,0,0:00:33.60,?,https://dev.juggle.org/history/champs/champs2002.php,,,33,0
17/07/2002,2002,3b 200m,"IJA, Reading, Pennsylvania",Marlin Ballard,M,0,0:00:38.70,?,https://dev.juggle.org/history/champs/champs2002.php,,,38,0
17/07/2002,2002,3b 1600m,"IJA, Reading, Pennsylvania",Mike Hebebrand,M,USA,0:05:42.90,?,https://dev.juggle.org/history/champs/champs2002.php,,,342,0
17/07/2002,2002,3b 5km,"IJA, Reading, Pennsylvania",Mike Hebebrand,M,USA,0:19:52.00,?,https://dev.juggle.org/history/champs/champs2002.php,,,1192,170
17/07/2002,2002,3b 200m,"IJA, Reading, Pennsylvania",Muffy Roy,F,0,0:01:36.70,?,https://dev.juggle.org/history/champs/champs2002.php,,,96,0
17/07/2002,2002,3b 400m,"IJA, Reading, Pennsylvania",Nicholas Souren,M,0,0:01:07.20,?,https://dev.juggle.org/history/champs/champs2002.php,,,67,147
17/07/2002,2002,3b 100m,"IJA, Reading, Pennsylvania",Paul Ballard,M,0,0:00:20.60,?,https://dev.juggle.org/history/champs/champs2002.php,,,20,0
17/07/2002,2002,3b 200m,"IJA, Reading, Pennsylvania",Paul Ballard,M,0,0:00:45.20,?,https://dev.juggle.org/history/champs/champs2002.php,,,45,0
17/07/2002,2002,3b 400m,"IJA, Reading, Pennsylvania",Paul Ballard,M,0,0:01:35.60,?,https://dev.juggle.org/history/champs/champs2002.php,,,95,0
17/07/2002,2002,3b 200m,"IJA, Reading, Pennsylvania",Rhonda Samkoff,F,0,0:01:21.40,?,https://dev.juggle.org/history/champs/champs2002.php,,,81,0
17/07/2002,2002,3b 400m,"IJA, Reading, Pennsylvania",Rhonda Samkoff,F,0,0:02:48.30,?,https://dev.juggle.org/history/champs/champs2002.php,,,168,0
17/07/2002,2002,3b 100m,"IJA, Reading, Pennsylvania",Sam Hartford,M,0,0:00:14.50,?,https://dev.juggle.org/history/champs/champs2002.php,,,14,221
17/07/2002,2002,5b 100m,"IJA, Reading, Pennsylvania",Sam Hartford,M,0,0:00:18.10,?,https://dev.juggle.org/history/champs/champs2002.php,,,18,0
17/07/2002,2002,3b 200m,"IJA, Reading, Pennsylvania",Sam Hartford,M,0,0:00:30.60,?,https://dev.juggle.org/history/champs/champs2002.php,,,30,153
17/07/2002,2002,3b 1600m,"IJA, Reading, Pennsylvania",Sam Hartford,M,0,0:06:11.00,?,https://dev.juggle.org/history/champs/champs2002.php,,,371,0
17/07/2002,2002,3b 5km,"IJA, Reading, Pennsylvania",Timmy Boas,M,0,0:25:57.00,?,https://dev.juggle.org/history/champs/champs2002.php,,,1557,0
17/07/2002,2002,3b 200m,"IJA, Reading, Pennsylvania",Zach Waickman,M,0,0:00:40.40,?,https://dev.juggle.org/history/champs/champs2002.php,,,40,0
17/07/2002,2002,3b 200m,"IJA, Reading, Pennsylvania",Zoe Roy,F,0,0:01:25.40,?,https://dev.juggle.org/history/champs/champs2002.php,,,85,0
17/07/2002,2002,3b 400m,"IJA, Reading, Pennsylvania",Zoe Roy,F,0,0:02:26.50,?,https://dev.juggle.org/history/champs/champs2002.php,,,146,0
06/05/2002,2002,3b Marathon,"Flying Pig Marathon, Cincinnati",Perry Romanowski,M,USA,4:25:25.00,?,https://marathonview.net/result/60881124,,,15925,0
07/10/2001,2001,3b Marathon,Chicago Marathon,Perry Romanowski,M,USA,4:25:25.00,?,https://chicago-history.r.mikatiming.com/2021/?pid=search,,,15925,0
28/07/2001,2001,3b 200m,"IJA, Wisconsin",Amy Barnes,F,0,0:01:04.96,?,https://dev.juggle.org/history/champs/champs2001.php,,,64,0
28/07/2001,2001,3b 4x400m,"IJA, Wisconsin","Amy Barnes, David Cruz, Mike Draney, Heather Marriott",Mixed,0,0:06:47.00,?,https://dev.juggle.org/history/champs/champs2001.php,,,407,0
28/07/2001,2001,3b 4x100m,"IJA, Wisconsin","Amy Barnes, Heather Marriott",F,0,0:01:59.69,?,https://dev.juggle.org/history/champs/champs2001.php,,,119,0
28/07/2001,2001,3b 60m,"IJA, Wisconsin",Andrew Swan,M,0,0:00:10.00,?,https://dev.juggle.org/history/champs/champs2001.php,,,10,0
28/07/2001,2001,5b 60m,"IJA, Wisconsin",Andrew Swan,M,0,0:00:26.30,?,https://dev.juggle.org/history/champs/champs2001.php,,,26,0
28/07/2001,2001,3b 400m,"IJA, Wisconsin",Andrew Swan,M,0,0:01:19.26,?,https://dev.juggle.org/history/champs/champs2001.php,,,79,0
28/07/2001,2001,3b Mile,"IJA, Wisconsin",Andrew Swan,M,0,0:06:27.01,?,https://dev.juggle.org/history/champs/champs2001.php,,,387,27
28/07/2001,2001,5b 60m,"IJA, Wisconsin",Ben Schoenberg,M,0,0:00:11.79,?,https://dev.juggle.org/history/champs/champs2001.php,,,11,0
28/07/2001,2001,3b 400m,"IJA, Wisconsin",Ben Schoenberg,M,0,0:01:12.00,?,https://dev.juggle.org/history/champs/champs2001.php,,,72,50
28/07/2001,2001,3b 60m,"IJA, Wisconsin",Cameron Ridder,M,0,0:00:13.19,?,https://dev.juggle.org/history/champs/champs2001.php,,,13,0
28/07/2001,2001,3b 400m,"IJA, Wisconsin",Charles Schweitzer,M,USA,0:01:57.85,?,https://dev.juggle.org/history/champs/champs2001.php,,,117,0
28/07/2001,2001,3b Mile,"IJA, Wisconsin",Charles Schweitzer,M,USA,0:08:18.00,?,https://dev.juggle.org/history/champs/champs2001.php,,,498,0
28/07/2001,2001,3b 400m,"IJA, Wisconsin",Darin Marriott,M,USA,0:01:15.96,?,https://dev.juggle.org/history/champs/champs2001.php,,,75,16
28/07/2001,2001,3b 60m,"IJA, Wisconsin",David Cruz,M,0,0:00:14.93,?,https://dev.juggle.org/history/champs/champs2001.php,,,14,0
28/07/2001,2001,3b 4x100m,"IJA, Wisconsin","David Cruz, Pete Finger, Darrin Marriott, Glen Ritter",M,0,0:01:26.31,?,https://dev.juggle.org/history/champs/champs2001.php,,,86,0
28/07/2001,2001,3b 60m,"IJA, Wisconsin",Eric Blaha,M,0,0:00:12.85,?,https://dev.juggle.org/history/champs/champs2001.php,,,12,0
28/07/2001,2001,3b 200m,"IJA, Wisconsin",Eric Blaha,M,0,0:00:51.73,?,https://dev.juggle.org/history/champs/champs2001.php,,,51,0
28/07/2001,2001,3b 4x100m,"IJA, Wisconsin","Eric Blaha, Joe Otonichar, Vytas Vaitkus, Zach Waickman",M,0,0:01:20.50,?,https://dev.juggle.org/history/champs/champs2001.php,,,80,0
28/07/2001,2001,3b 4x400m,"IJA, Wisconsin","Eric Blaha, Joe Otonichar, Vytas Vaitkus, Zach Waickman",M,0,0:05:55.15,?,https://dev.juggle.org/history/champs/champs2001.php,,,355,0
28/07/2001,2001,3b 60m,"IJA, Wisconsin",Glen Ritter,M,0,0:00:15.61,?,https://dev.juggle.org/history/champs/champs2001.php,,,15,0
28/07/2001,2001,3b Mile,"IJA, Wisconsin",Glen Ritter,M,0,0:07:50.00,?,https://dev.juggle.org/history/champs/champs2001.php,,,470,0
28/07/2001,2001,3b 60m,"IJA, Wisconsin",Heather Marriott,F,USA,0:00:10.99,?,https://dev.juggle.org/history/champs/champs2001.php,,,10,0
28/07/2001,2001,5b 60m,"IJA, Wisconsin",Heather Marriott,F,USA,0:00:15.03,?,https://dev.juggle.org/history/champs/champs2001.php,,,15,0
28/07/2001,2001,3b 400m,"IJA, Wisconsin",Heather Marriott,F,USA,0:01:25.37,?,https://dev.juggle.org/history/champs/champs2001.php,,,85,209
28/07/2001,2001,3b Mile,"IJA, Wisconsin",Heather Marriott,F,USA,0:07:15.17,?,https://dev.juggle.org/history/champs/champs2001.php,,,435,244
28/07/2001,2001,3b 60m,"IJA, Wisconsin",Jack Hirschowitz,M,USA,0:00:11.82,?,https://dev.juggle.org/history/champs/champs2001.php,,,11,0
28/07/2001,2001,5b 60m,"IJA, Wisconsin",Jack Hirschowitz,M,USA,0:00:41.26,?,https://dev.juggle.org/history/champs/champs2001.php,,,41,0
28/07/2001,2001,3b 400m,"IJA, Wisconsin",Jack Hirschowitz,M,USA,0:01:30.65,?,https://dev.juggle.org/history/champs/champs2001.php,,,90,0
28/07/2001,2001,3b 60m,"IJA, Wisconsin",Jamie Whoolery,M,0,0:00:08.78,?,https://dev.juggle.org/history/champs/champs2001.php,,,8,0
28/07/2001,2001,3b 400m,"IJA, Wisconsin",Jamie Whoolery,M,0,0:01:04.93,?,https://dev.juggle.org/history/champs/champs2001.php,,,64,229
28/07/2001,2001,3b Mile,"IJA, Wisconsin",Jamie Whoolery,M,0,0:05:53.07,?,https://dev.juggle.org/history/champs/champs2001.php,,,353,134
28/07/2001,2001,3b 4x100m,"IJA, Wisconsin","Jane Birkhead, Sandy Brown, Kay Caskey, Laurie Young",F,0,0:02:17.21,?,https://dev.juggle.org/history/champs/champs2001.php,,,137,0
28/07/2001,2001,3b 4x400m,"IJA, Wisconsin","Jane Birkhead, Sandy Brown, Kay Caskey, Laurie Young",F,0,0:10:13.72,?,https://dev.juggle.org/history/champs/champs2001.php,,,613,0
28/07/2001,2001,3b 60m,"IJA, Wisconsin",Jaye Butler,F,0,0:00:23.62,?,https://dev.juggle.org/history/champs/champs2001.php,,,23,0
28/07/2001,2001,3b 200m,"IJA, Wisconsin",Jaye Butler,F,0,0:01:11.75,?,https://dev.juggle.org/history/champs/champs2001.php,,,71,0
28/07/2001,2001,3b 400m,"IJA, Wisconsin",Jaye Butler,F,0,0:02:55.95,?,https://dev.juggle.org/history/champs/champs2001.php,,,175,0
28/07/2001,2001,3b 60m,"IJA, Wisconsin",Jerry Battenfield,M,0,0:00:16.71,?,https://dev.juggle.org/history/champs/champs2001.php,,,16,0
28/07/2001,2001,3b 60m,"IJA, Wisconsin",Joe Otonichar,M,0,0:00:11.53,?,https://dev.juggle.org/history/champs/champs2001.php,,,11,0
28/07/2001,2001,3b 200m,"IJA, Wisconsin",Joe Otonichar,M,0,0:00:51.75,?,https://dev.juggle.org/history/champs/champs2001.php,,,51,0
28/07/2001,2001,3b 60m,"IJA, Wisconsin",Jon Poppele,M,0,0:00:15.40,?,https://dev.juggle.org/history/champs/champs2001.php,,,15,0
28/07/2001,2001,3b 400m,"IJA, Wisconsin",Jonathan Hartford,M,0,0:02:44.12,?,https://dev.juggle.org/history/champs/champs2001.php,,,164,0
28/07/2001,2001,3b 60m,"IJA, Wisconsin",Kelsey Deutch,F,0,0:00:10.77,?,https://dev.juggle.org/history/champs/champs2001.php,,,10,0
28/07/2001,2001,3b 60m,"IJA, Wisconsin",Lana Bolin,F,USA,0:00:09.98,?,https://dev.juggle.org/history/champs/champs2001.php,,,9,0
28/07/2001,2001,3b 4x100m,"IJA, Wisconsin","Lana Bolin, Kelsey Deutsch, Mike Gracie, Valida Prentice",Mixed,0,0:01:24.60,?,https://dev.juggle.org/history/champs/champs2001.php,,,84,0
28/07/2001,2001,3b 60m,"IJA, Wisconsin",Marlin Ballard,M,0,0:00:10.07,?,https://dev.juggle.org/history/champs/champs2001.php,,,10,0
28/07/2001,2001,5b 60m,"IJA, Wisconsin",Marlin Ballard,M,0,0:00:28.56,?,https://dev.juggle.org/history/champs/champs2001.php,,,28,0
28/07/2001,2001,3b 400m,"IJA, Wisconsin",Marlin Ballard,M,0,0:01:41.62,?,https://dev.juggle.org/history/champs/champs2001.php,,,101,0
28/07/2001,2001,3b 4x100m,"IJA, Wisconsin","Marlin Ballard, Mike Draney, Jon Poppele, Ben Schoenberg",M,0,0:01:08.09,?,https://dev.juggle.org/history/champs/champs2001.php,,,68,2
28/07/2001,2001,3b 60m,"IJA, Wisconsin",Mike Draney,M,0,0:00:11.37,?,https://dev.juggle.org/history/champs/champs2001.php,,,11,0
28/07/2001,2001,3b 400m,"IJA, Wisconsin",Mike Draney,M,0,0:01:14.11,?,https://dev.juggle.org/history/champs/champs2001.php,,,74,25
28/07/2001,2001,3b Mile,"IJA, Wisconsin",Mike Draney,M,0,0:06:06.21,?,https://dev.juggle.org/history/champs/champs2001.php,,,366,84
28/07/2001,2001,3b 200m,"IJA, Wisconsin",Mike Gracie,M,0,0:00:46.53,?,https://dev.juggle.org/history/champs/champs2001.php,,,46,0
28/07/2001,2001,3b 60m,"IJA, Wisconsin",Nathan Seedfeldt,M,0,0:00:11.47,?,https://dev.juggle.org/history/champs/champs2001.php,,,11,0
28/07/2001,2001,5b 60m,"IJA, Wisconsin",Nathan Seedfeldt,M,0,0:00:15.67,?,https://dev.juggle.org/history/champs/champs2001.php,,,15,0
28/07/2001,2001,3b 400m,"IJA, Wisconsin",Nathan Seedfeldt,M,0,0:01:12.24,?,https://dev.juggle.org/history/champs/champs2001.php,,,72,50
28/07/2001,2001,5b 60m,"IJA, Wisconsin",Nicholas Souren,M,0,0:00:15.40,?,https://dev.juggle.org/history/champs/champs2001.php,,,15,0
28/07/2001,2001,3b 400m,"IJA, Wisconsin",Nicholas Souren,M,0,0:01:16.49,?,https://dev.juggle.org/history/champs/champs2001.php,,,76,9
28/07/2001,2001,3b 60m,"IJA, Wisconsin",Pete Finger,M,0,0:00:15.23,?,https://dev.juggle.org/history/champs/champs2001.php,,,15,0
28/07/2001,2001,3b 4x400m,"IJA, Wisconsin","Pete Finger, Jon Poppele, Glen Ritter",M,0,0:06:17.00,?,https://dev.juggle.org/history/champs/champs2001.php,,,377,0
28/07/2001,2001,5b 60m,"IJA, Wisconsin",Sam Hartford,M,0,0:00:12.66,?,https://dev.juggle.org/history/champs/champs2001.php,,,12,0
28/07/2001,2001,3b 400m,"IJA, Wisconsin",Sam Hartford,M,0,0:01:11.06,?,https://dev.juggle.org/history/champs/champs2001.php,,,71,65
28/07/2001,2001,3b 4x400m,"IJA, Wisconsin","Sam Hartford, Ben Schoenberg, Nicolas Souren, Jamie Whoolery",M,0,0:05:00.54,?,https://dev.juggle.org/history/champs/champs2001.php,,,300,58
28/07/2001,2001,3b 4x100m,"IJA, Wisconsin","Sam Hartford, Nicolas Souren, Jamie Whoolery",M,0,0:01:14.06,?,https://dev.juggle.org/history/champs/champs2001.php,,,74,0
28/07/2001,2001,3b 60m,"IJA, Wisconsin",Sandy Brown,F,0,0:00:11.08,?,https://dev.juggle.org/history/champs/champs2001.php,,,11,0
28/07/2001,2001,3b 60m,"IJA, Wisconsin",Sasha Kluger,M,0,0:00:10.26,?,https://dev.juggle.org/history/champs/champs2001.php,,,10,0
28/07/2001,2001,3b 400m,"IJA, Wisconsin",Sasha Kluger,M,0,0:01:44.62,?,https://dev.juggle.org/history/champs/champs2001.php,,,104,0
28/07/2001,2001,3b 400m,"IJA, Wisconsin",Steve Caruso,M,0,0:01:20.43,?,https://dev.juggle.org/history/champs/champs2001.php,,,80,0
28/07/2001,2001,3b Mile,"IJA, Wisconsin",Steve Caruso,M,0,0:07:25.05,?,https://dev.juggle.org/history/champs/champs2001.php,,,445,0
28/07/2001,2001,3b 4x400m,"IJA, Wisconsin","Steve Caruso, Sasha Kluger, Cameron Ritter, Nate Seefeldt",M,0,0:05:55.32,?,https://dev.juggle.org/history/champs/champs2001.php,,,355,0
28/07/2001,2001,3b 4x100m,"IJA, Wisconsin","Tim Baird, Jerry Battenfield, Jack Hirschowitz, Andrew Swan",M,0,0:01:30.13,?,https://dev.juggle.org/history/champs/champs2001.php,,,90,0
28/07/2001,2001,3b 4x400m,"IJA, Wisconsin","Tim Baird, Jerry Battenfield, Jack Hirschowitz, Andrew Swan",M,0,0:08:28.86,?,https://dev.juggle.org/history/champs/champs2001.php,,,508,0
28/07/2001,2001,3b 60m,"IJA, Wisconsin",Vytas Vaitkus,M,0,0:00:12.86,?,https://dev.juggle.org/history/champs/champs2001.php,,,12,0
28/07/2001,2001,3b 400m,"IJA, Wisconsin",Vytas Vaitkus,M,0,0:01:21.57,?,https://dev.juggle.org/history/champs/champs2001.php,,,81,0
28/07/2001,2001,3b Mile,"IJA, Wisconsin",Vytas Vaitkus,M,0,0:07:25.00,?,https://dev.juggle.org/history/champs/champs2001.php,,,445,0
28/07/2001,2001,3b 60m,"IJA, Wisconsin",Zach Waickman,M,0,0:00:10.43,?,https://dev.juggle.org/history/champs/champs2001.php,,,10,0
28/07/2001,2001,3b 200m,"IJA, Wisconsin",Zach Waickman,M,0,0:00:36.84,?,https://dev.juggle.org/history/champs/champs2001.php,,,36,0
27/05/2001,2001,3b 200m,Prefontaine Classic,Albert Lucas,M,USA,0:00:26.61,?,https://www.flashresults.com/2001_Meets/outdoor/pre/pre.htm,,,26,458
27/05/2001,2001,3b 200m,Prefontaine Classic,Barry Goldmeier,M,USA,0:00:30.08,?,https://www.flashresults.com/2001_Meets/outdoor/pre/pre.htm,,,30,153
27/05/2001,2001,3b 200m,Prefontaine Classic,Chris Essick,M,USA,0:00:26.19,?,https://www.flashresults.com/2001_Meets/outdoor/pre/pre.htm,,,26,458
27/05/2001,2001,3b 200m,Prefontaine Classic,Travis Saunders,M,CAN,0:00:26.78,?,https://www.flashresults.com/2001_Meets/outdoor/pre/pre.htm,,,26,458
28/04/2001,2001,3b Marathon,Nashville Country Music Marathon,Perry Romanowski,M,USA,4:18:28.00,?,,,,15508,0
22/04/2001,2001,3c Marathon,London Marathon,Colin Francome,M,GBR,6:03:22.00,?,https://www.gazetteandherald.co.uk/news/7366767.serious-stuff-for-colin-the-clown/  https://marathonview.net/search?query=colin%20francome,,,21802,0
22/10/2000,2000,3b Marathon,Chicago Marathon,Perry Romanowski,M,USA,4:16:06.00,?,https://chicago-history.r.mikatiming.com/2021/?pid=search,,,15366,1
10/08/2000,2000,3b Marathon,"Karlsruhe, Germany",Paul-Erik Lillholm,M,NOR,3:20:49.00,?,,,,12049,240
05/08/2000,2000,3b 100m,"IJA, Montreal",Albert Lucas,M,USA,0:00:12.16,?,https://dev.juggle.org/history/champs/champs2000.php,,,12,615
05/08/2000,2000,3b 200m,"IJA, Montreal",Albert Lucas,M,USA,0:00:27.66,?,https://dev.juggle.org/history/champs/champs2000.php,,,27,367
05/08/2000,2000,3b 400m,"IJA, Montreal",Albert Lucas,M,USA,0:01:00.16,?,https://dev.juggle.org/history/champs/champs2000.php,,,60,368
05/08/2000,2000,3b 100m,"IJA, Montreal",Andrew Swan,M,0,0:00:15.88,?,https://dev.juggle.org/history/champs/champs2000.php,,,15,98
05/08/2000,2000,3b 100m,"IJA, Montreal",Andrew Swan,M,0,0:00:16.03,?,https://dev.juggle.org/history/champs/champs2000.php,,,16,24
05/08/2000,2000,3b 200m,"IJA, Montreal",Andrew Swan,M,0,0:00:32.80,?,https://dev.juggle.org/history/champs/champs2000.php,,,32,62
05/08/2000,2000,5b 100m,"IJA, Montreal",Andrew Swan,M,0,0:00:46.19,?,https://dev.juggle.org/history/champs/champs2000.php,,,46,0
05/08/2000,2000,3b 400m,"IJA, Montreal",Andrew Swan,M,0,0:01:24.22,?,https://dev.juggle.org/history/champs/champs2000.php,,,84,0
05/08/2000,2000,3b Mile,"IJA, Montreal",Andrew Swan,M,0,0:06:58.31,?,https://dev.juggle.org/history/champs/champs2000.php,,,418,0
05/08/2000,2000,3b 5km,"IJA, Montreal",Andrew Swan,M,0,0:23:45.63,?,https://dev.juggle.org/history/champs/champs2000.php,,,1425,0
05/08/2000,2000,3b 100m,"IJA, Montreal",Barry Goldmeier,M,USA,0:00:14.00,?,https://dev.juggle.org/history/champs/champs2000.php,,,14,221
05/08/2000,2000,5b 100m,"IJA, Montreal",Barry Goldmeier,M,USA,0:00:29.32,?,https://dev.juggle.org/history/champs/champs2000.php,,,29,0
05/08/2000,2000,3b 4x400m,"IJA, Montreal","Barry Goldmeier, Albert Lucas, Ben Schoenberg, John Zaleskie",M,0,0:04:54.12,?,https://dev.juggle.org/history/champs/champs2000.php,,,294,80
05/08/2000,2000,5b 100m,"IJA, Montreal",Ben Schoenberg,M,0,0:00:22.66,?,https://dev.juggle.org/history/champs/champs2000.php,,,22,0
05/08/2000,2000,3b Mile,"IJA, Montreal",Gil Pontius,M,0,0:06:35.16,?,https://dev.juggle.org/history/champs/champs2000.php,,,395,14
05/08/2000,2000,3b 100m,"IJA, Montreal",Hayley Fix,F,USA,0:00:14.48,?,https://dev.juggle.org/history/champs/champs2000.php,,,14,634
05/08/2000,2000,3b 100m,"IJA, Montreal",Jack Hirschowitz,M,USA,0:00:21.06,?,https://dev.juggle.org/history/champs/champs2000.php,,,21,0
05/08/2000,2000,3b 400m,"IJA, Montreal",Jack Hirschowitz,M,USA,0:01:24.75,?,https://dev.juggle.org/history/champs/champs2000.php,,,84,0
05/08/2000,2000,3b 200m,"IJA, Montreal",Jamie Whoolery,M,0,0:00:30.69,?,https://dev.juggle.org/history/champs/champs2000.php,,,30,153
05/08/2000,2000,3b 400m,"IJA, Montreal",Jamie Whoolery,M,0,0:01:06.69,?,https://dev.juggle.org/history/champs/champs2000.php,,,66,172
05/08/2000,2000,3b Mile,"IJA, Montreal",Jamie Whoolery,M,0,0:05:58.39,?,https://dev.juggle.org/history/champs/champs2000.php,,,358,114
05/08/2000,2000,3b 200m,"IJA, Montreal",Jaye Butler,F,0,0:00:39.00,?,https://dev.juggle.org/history/champs/champs2000.php,,,39,94
05/08/2000,2000,3b 100m,"IJA, Montreal",Jerry Battenfield,M,0,0:00:25.82,?,https://dev.juggle.org/history/champs/champs2000.php,,,25,0
05/08/2000,2000,3b 4x400m,"IJA, Montreal","Jerry Battenfield, Jack Hirschowitz, Gil Pontius, Andrew Swan",M,0,0:06:32.72,?,https://dev.juggle.org/history/champs/champs2000.php,,,392,0
05/08/2000,2000,3b 400m,"IJA, Montreal",Joshua Edleman,M,0,0:01:11.59,?,https://dev.juggle.org/history/champs/champs2000.php,,,71,65
05/08/2000,2000,3b Mile,"IJA, Montreal",Joshua Edleman,M,0,0:06:39.00,?,https://dev.juggle.org/history/champs/champs2000.php,,,399,8
05/08/2000,2000,3b 5km,"IJA, Montreal",Joshua Edleman,M,0,0:24:35.00,?,https://dev.juggle.org/history/champs/champs2000.php,,,1475,0
05/08/2000,2000,3b 100m,"IJA, Montreal",Lana Bolin,F,USA,0:00:14.96,?,https://dev.juggle.org/history/champs/champs2000.php,,,14,634
05/08/2000,2000,3b 200m,"IJA, Montreal",Lana Bolin,F,USA,0:00:34.34,?,https://dev.juggle.org/history/champs/champs2000.php,,,34,296
05/08/2000,2000,3b 400m,"IJA, Montreal",Lana Bolin,F,USA,0:01:17.69,?,https://dev.juggle.org/history/champs/champs2000.php,,,77,364
05/08/2000,2000,3b Mile,"IJA, Montreal",Lana Bolin,F,USA,0:06:49.28,?,https://dev.juggle.org/history/champs/champs2000.php,,,409,340
05/08/2000,2000,3b 4x400m,"IJA, Montreal","Lana Bolin, Kelsey Deutsch, Hayley Fix, Erika Randall",F,0,0:05:39.01,?,https://dev.juggle.org/history/champs/champs2000.php,,,339,310
05/08/2000,2000,3b 400m,"IJA, Montreal",Mark Cembrowski,M,0,0:01:14.59,?,https://dev.juggle.org/history/champs/champs2000.php,,,74,25
05/08/2000,2000,3b 100m,"IJA, Montreal",Nathan Seedfeldt,M,0,0:00:14.00,?,https://dev.juggle.org/history/champs/champs2000.php,,,14,221
05/08/2000,2000,5b 100m,"IJA, Montreal",Nathan Seedfeldt,M,0,0:00:25.47,?,https://dev.juggle.org/history/champs/champs2000.php,,,25,0
05/08/2000,2000,3b Mile,"IJA, Montreal",Sam Hartford,M,0,0:06:02.19,?,https://dev.juggle.org/history/champs/champs2000.php,,,362,98
05/08/2000,2000,3b 5km,"IJA, Montreal",Sam Hartford,M,0,0:23:46.70,?,https://dev.juggle.org/history/champs/champs2000.php,,,1426,0
05/08/2000,2000,3b 400m,"IJA, Montreal",Simon George,M,0,0:01:38.47,?,https://dev.juggle.org/history/champs/champs2000.php,,,98,0
05/08/2000,2000,3b Mile,"IJA, Montreal",Simon George,M,0,0:07:00.00,?,https://dev.juggle.org/history/champs/champs2000.php,,,420,0
05/08/2000,2000,3b Mile,"IJA, Montreal",Tim Baird,M,0,0:07:15.00,?,https://dev.juggle.org/history/champs/champs2000.php,,,435,0
05/08/2000,2000,3b 100m,"IJA, Montreal",Travis Saunders,M,CAN,0:00:13.22,?,https://dev.juggle.org/history/champs/champs2000.php,,,13,394
05/08/2000,2000,3b 200m,"IJA, Montreal",Travis Saunders,M,CAN,0:00:27.44,?,https://dev.juggle.org/history/champs/champs2000.php,,,27,367
05/08/2000,2000,3b 400m,"IJA, Montreal",Travis Saunders,M,CAN,0:01:00.46,?,https://dev.juggle.org/history/champs/champs2000.php,,,60,368
24/10/1999,1999,3b Marathon,Chicago Marathon,Perry Romanowski,M,USA,4:07:18.00,?,https://chicago-history.r.mikatiming.com/2021/?pid=search,,,14838,11
30/07/1999,1999,3b 4x400m,"IJA, Niagara Falls","A.J. Greig, Jason Goodman, Mike Patch, Shawn Bryan",M,0,0:05:55.00,?,IJA Database,,,355,0
30/07/1999,1999,3b 100m,"IJA, Niagara Falls",Andrew Swan,M,0,0:00:15.50,?,IJA Database,,,15,98
30/07/1999,1999,5b 100m,"IJA, Niagara Falls",Andrew Swan,M,0,0:00:54.00,?,IJA Database,,,54,0
30/07/1999,1999,3b 400m,"IJA, Niagara Falls",Andrew Swan,M,0,0:01:22.00,?,IJA Database,,,82,0
30/07/1999,1999,3b Mile,"IJA, Niagara Falls",Andrew Swan,M,0,0:06:36.30,?,IJA Database,,,396,12
30/07/1999,1999,3b 5km,"IJA, Niagara Falls",Andrew Swan,M,0,0:23:58.00,?,IJA Database,,,1438,0
30/07/1999,1999,3b 4x400m,"IJA, Niagara Falls","Andrew Swan, Bill Giduz, Paul Arneberg, Jack Hirschowitz",M,0,0:05:24.50,?,IJA Database,,,324,5
30/07/1999,1999,3b 100m,"IJA, Niagara Falls",Barry Goldmeier,M,USA,0:00:15.00,?,IJA Database,,,15,98
30/07/1999,1999,5b 100m,"IJA, Niagara Falls",Barry Goldmeier,M,USA,0:00:33.00,?,IJA Database,,,33,0
30/07/1999,1999,3b 400m,"IJA, Niagara Falls",Barry Goldmeier,M,USA,0:01:16.00,?,IJA Database,,,76,9
30/07/1999,1999,5b 5km,"IJA, Niagara Falls",Barry Goldmeier,M,USA,0:34:51.00,?,IJA Database,,,2091,0
30/07/1999,1999,5b 100m,"IJA, Niagara Falls",Ben Schoenberg,M,0,0:00:24.00,?,IJA Database,,,24,0
30/07/1999,1999,3b 100m,"IJA, Niagara Falls",Bill Giduz,M,USA,0:00:16.80,?,IJA Database,,,16,24
30/07/1999,1999,3b 400m,"IJA, Niagara Falls",Bill Giduz,M,USA,0:01:23.00,?,IJA Database,,,83,0
30/07/1999,1999,3b Mile,"IJA, Niagara Falls",Bill Giduz,M,USA,0:06:38.00,?,IJA Database,,,398,10
30/07/1999,1999,3b 100m,"IJA, Niagara Falls",Corey Connors,M,0,0:00:17.50,?,IJA Database,,,17,0
30/07/1999,1999,3b 400m,"IJA, Niagara Falls",Corey Connors,M,0,0:01:24.00,?,IJA Database,,,84,0
30/07/1999,1999,5b 100m,"IJA, Niagara Falls",Darin Marriott,M,USA,0:00:40.00,?,IJA Database,,,40,0
30/07/1999,1999,3b Mile,"IJA, Niagara Falls",Darin Marriott,M,USA,0:05:42.50,?,IJA Database,,,342,187
30/07/1999,1999,3b 100m,"IJA, Niagara Falls",David Hussey,M,0,0:00:14.10,?,IJA Database,,,14,221
30/07/1999,1999,3b 400m,"IJA, Niagara Falls",David Hussey,M,0,0:01:09.00,?,IJA Database,,,69,102
30/07/1999,1999,3b 100m,"IJA, Niagara Falls",Erika Randall,F,0,0:00:19.40,?,IJA Database,,,19,89
30/07/1999,1999,3b 400m,"IJA, Niagara Falls",Erika Randall,F,0,0:01:35.00,?,IJA Database,,,95,75
30/07/1999,1999,3b 5km,"IJA, Niagara Falls",George Strain,M,0,0:23:39.00,?,IJA Database,,,1419,1
30/07/1999,1999,3b 100m,"IJA, Niagara Falls",Hayley Fix,F,USA,0:00:19.90,?,IJA Database,,,19,89
30/07/1999,1999,3b 400m,"IJA, Niagara Falls",Hayley Fix,F,USA,0:01:49.00,?,IJA Database,,,109,0
30/07/1999,1999,3b 4x400m,"IJA, Niagara Falls","Hayley Fix, Erika Randall, Lana Bolin, Matt Peterson",M,0,0:06:07.00,?,IJA Database,,,367,0
30/07/1999,1999,5b 100m,"IJA, Niagara Falls",Heather Marriott,F,USA,0:00:36.00,?,IJA Database,,,36,0
30/07/1999,1999,3b Mile,"IJA, Niagara Falls",Heather Marriott,F,USA,0:07:06.00,?,IJA Database,,,426,276
30/07/1999,1999,3b 100m,"IJA, Niagara Falls",Jack Hirschowitz,M,USA,0:00:18.70,?,IJA Database,,,18,0
30/07/1999,1999,3b 400m,"IJA, Niagara Falls",Jack Hirschowitz,M,USA,0:01:32.00,?,IJA Database,,,92,0
30/07/1999,1999,3b Mile,"IJA, Niagara Falls",Jack Hirschowitz,M,USA,0:08:24.00,?,IJA Database,,,504,0
30/07/1999,1999,3b Mile,"IJA, Niagara Falls",Jamie Whoolery,M,0,0:05:58.00,?,IJA Database,,,358,114
30/07/1999,1999,3b 5km,"IJA, Niagara Falls",Jamie Whoolery,M,0,0:22:21.00,?,IJA Database,,,1341,27
30/07/1999,1999,3b 100m,"IJA, Niagara Falls",Joanne Swaim,F,0,0:00:18.60,?,IJA Database,,,18,158
30/07/1999,1999,5b 100m,"IJA, Niagara Falls",Joanne Swaim,F,0,0:01:27.00,?,IJA Database,,,87,0
30/07/1999,1999,3b 400m,"IJA, Niagara Falls",Joanne Swaim,F,0,0:01:41.00,?,IJA Database,,,101,27
30/07/1999,1999,3b 4x400m,"IJA, Niagara Falls","Joanne Swaim, Heather Hackett, Becky Kresser, Sandy Amass",F,0,0:06:44.80,?,IJA Database,,,404,90
30/07/1999,1999,3b 100m,"IJA, Niagara Falls",Joe Sonnenburg,M,0,0:00:14.80,?,IJA Database,,,14,221
30/07/1999,1999,5b 100m,"IJA, Niagara Falls",Joe Sonnenburg,M,0,0:00:38.00,?,IJA Database,,,38,0
30/07/1999,1999,3b 400m,"IJA, Niagara Falls",Joe Sonnenburg,M,0,0:01:20.00,?,IJA Database,,,80,0
30/07/1999,1999,3b 400m,"IJA, Niagara Falls",Joshua edleman,M,0,0:01:16.00,?,IJA Database,,,76,9
30/07/1999,1999,3b 5km,"IJA, Niagara Falls",Joshua edleman,M,0,0:24:57.00,?,IJA Database,,,1497,0
30/07/1999,1999,3b 100m,"IJA, Niagara Falls",Lana Bolin,F,USA,0:00:15.90,?,IJA Database,,,15,486
30/07/1999,1999,3b 400m,"IJA, Niagara Falls",Lana Bolin,F,USA,0:01:25.00,?,IJA Database,,,85,209
30/07/1999,1999,3b 400m,"IJA, Niagara Falls",Laurie Young,F,0,0:02:28.00,?,IJA Database,,,148,0
30/07/1999,1999,3b 4x400m,"IJA, Niagara Falls","Laurie Young, Kay Caskey, Jane Birkhead, Karen Gersch",F,0,0:10:03.60,?,IJA Database,,,603,0
30/07/1999,1999,3b 100m,"IJA, Niagara Falls",Melinda Paas,F,CAN,0:00:15.90,?,IJA Database,,,15,486
30/07/1999,1999,3b 400m,"IJA, Niagara Falls",Melinda Paas,F,CAN,0:01:34.00,?,IJA Database,,,94,85
30/07/1999,1999,5b 100m,"IJA, Niagara Falls",Nate Seefeldt,M,0,0:00:43.00,?,IJA Database,,,43,0
30/07/1999,1999,3b 400m,"IJA, Niagara Falls",Nate Seefeldt,M,0,0:01:14.00,?,IJA Database,,,74,25
30/07/1999,1999,3b 100m,"IJA, Niagara Falls",Rachel Stern,F,0,0:00:28.50,?,IJA Database,,,28,0
30/07/1999,1999,3b 400m,"IJA, Niagara Falls",Rachel Stern,F,0,0:02:28.00,?,IJA Database,,,148,0
30/07/1999,1999,5b 100m,"IJA, Niagara Falls",Sandy Amass,F,0,0:01:50.00,?,IJA Database,,,110,0
30/07/1999,1999,3b 100m,"IJA, Niagara Falls",Sasha Kluger,M,0,0:00:18.70,?,IJA Database,,,18,0
30/07/1999,1999,3b 100m,"IJA, Niagara Falls",Shawn Bryan,M,0,0:00:15.30,?,IJA Database,,,15,98
30/07/1999,1999,3b 4x400m,"IJA, Niagara Falls","Susumu Kawamura, Muneyuki Tani, Ken Matsuoka, Junichiro Nakashima",M,0,0:05:31.30,?,IJA Database,,,331,0
15/07/1998,1998,3b 100m,"IJA, Primm",Andrew Swan,M,0,0:00:15.30,?,IJA Database,,,15,98
15/07/1998,1998,3b 400m,"IJA, Primm",Andrew Swan,M,0,0:01:09.20,?,IJA Database,,,69,102
15/07/1998,1998,5b 100m,"IJA, Primm",Andrew Swan,M,0,0:01:19.30,?,IJA Database,,,79,0
15/07/1998,1998,3b Mile,"IJA, Primm",Andrew Swan,M,0,0:05:51.00,?,IJA Database,,,351,143
15/07/1998,1998,3b 100m,"IJA, Primm",Ben Finnigan,M,0,0:00:31.30,?,IJA Database,,,31,0
15/07/1998,1998,3b 400m,"IJA, Primm",Ben Finnigan,M,0,0:03:05.00,?,IJA Database,,,185,0
15/07/1998,1998,5b 100m,"IJA, Primm",Ben Schoenberg,M,0,0:00:30.60,?,IJA Database,,,30,0
15/07/1998,1998,3b 400m,"IJA, Primm",Ben Schoenberg,M,0,0:01:21.00,?,IJA Database,,,81,0
15/07/1998,1998,3b Mile,"IJA, Primm",Ben Schoenberg,M,0,0:07:08.00,?,IJA Database,,,428,0
15/07/1998,1998,3b 400m,"IJA, Primm",Bill Giduz,M,USA,0:01:19.00,?,IJA Database,,,79,0
15/07/1998,1998,3b Mile,"IJA, Primm",Bill Giduz,M,USA,0:06:53.00,?,IJA Database,,,413,0
15/07/1998,1998,5b 100m,"IJA, Primm",Darin Marriott,M,USA,0:00:32.40,?,IJA Database,,,32,0
15/07/1998,1998,3b 400m,"IJA, Primm",Darin Marriott,M,USA,0:01:14.20,?,IJA Database,,,74,25
15/07/1998,1998,3b Mile,"IJA, Primm",Darin Marriott,M,USA,0:05:56.00,?,IJA Database,,,356,122
15/07/1998,1998,3b 100m,"IJA, Primm",Dorothy Finnigan,F,0,0:00:19.10,?,IJA Database,,,19,89
15/07/1998,1998,5b 100m,"IJA, Primm",Dorothy Finnigan,F,0,0:01:26.00,?,IJA Database,,,86,0
15/07/1998,1998,3b 400m,"IJA, Primm",Dorothy Finnigan,F,0,0:01:56.00,?,IJA Database,,,116,0
15/07/1998,1998,5b 100m,"IJA, Primm",Elias Tarantalo,M,0,0:01:19.30,?,IJA Database,,,79,0
15/07/1998,1998,5b 100m,"IJA, Primm",Heather Marriott,F,USA,0:00:49.30,?,IJA Database,,,49,0
15/07/1998,1998,3b Mile,"IJA, Primm",Heather Marriott,F,USA,0:07:07.00,?,IJA Database,,,427,272
15/07/1998,1998,3b 400m,"IJA, Primm",Jack Hirschowitz,M,USA,0:01:25.00,?,IJA Database,,,85,0
15/07/1998,1998,3b Mile,"IJA, Primm",Jack Hirschowitz,M,USA,0:08:10.00,?,IJA Database,,,490,0
15/07/1998,1998,3b 400m,"IJA, Primm",Julia Snyder,F,0,0:01:34.10,?,IJA Database,,,94,85
15/07/1998,1998,3b Mile,"IJA, Primm",Julia Snyder,F,0,0:07:57.00,?,IJA Database,,,477,123
15/07/1998,1998,3b 100m,"IJA, Primm",Katie Stern,F,0,0:00:22.30,?,IJA Database,,,22,0
15/07/1998,1998,3b 400m,"IJA, Primm",Katie Stern,F,0,0:01:46.00,?,IJA Database,,,106,5
15/07/1998,1998,3b Mile,"IJA, Primm",Kay Caskey,F,0,0:10:39.00,?,IJA Database,,,639,0
15/07/1998,1998,3b 400m,"IJA, Primm",Laurie Young,F,0,0:02:15.00,?,IJA Database,,,135,0
15/07/1998,1998,3b 400m,"IJA, Primm",Mary Holgin,F,0,0:01:48.50,?,IJA Database,,,108,1
15/07/1998,1998,3b Mile,"IJA, Primm",Mary Holgin,F,0,0:08:14.00,?,IJA Database,,,494,86
15/07/1998,1998,3b 100m,"IJA, Primm",Sasha Kluger,M,0,0:00:29.30,?,IJA Database,,,29,0
15/07/1998,1998,3b 400m,"IJA, Primm",Sasha Kluger,M,0,0:02:14.00,?,IJA Database,,,134,0
19/10/1997,1997,3b Marathon,Chicago Marathon,Perry Romanowski,M,USA,4:09:49.00,?,https://chicago-history.r.mikatiming.com/2021/?pid=search,,,14989,7
19/10/1997,1997,3b Marathon,Detroit Free Press Marathon,Riley McLincha,M,USA,5:21:12.00,30,https://www.athlinks.com/event/154412/results/Event/15106/Course/22290/Entry/10440441,,,19272,0
11/09/1997,1997,3b 400m,Time Trial,Franz Roos,M,CHE,0:00:56.06,0,https://www.youtube.com/watch?v=igd6zcLXXAU,,,56,540
06/08/1997,1997,3b 100m,"IJA, Pittsburgh",Aaron Olson,M,0,0:00:17.50,?,https://dev.juggle.org/history/champs/champs1997.php,,,17,0
06/08/1997,1997,3b 400m,"IJA, Pittsburgh",Aaron Olson,M,0,0:01:40.00,?,https://dev.juggle.org/history/champs/champs1997.php,,,100,0
06/08/1997,1997,3b 100m,"IJA, Pittsburgh",Barry Goldmeier,M,USA,0:00:14.10,?,https://dev.juggle.org/history/champs/champs1997.php,,,14,221
06/08/1997,1997,5b 100m,"IJA, Pittsburgh",Barry Goldmeier,M,USA,0:00:26.20,?,https://dev.juggle.org/history/champs/champs1997.php,,,26,0
06/08/1997,1997,3b 100m,"IJA, Pittsburgh",Becky Provance,F,0,0:00:18.30,?,https://dev.juggle.org/history/champs/champs1997.php,,,18,158
06/08/1997,1997,3b 400m,"IJA, Pittsburgh",Becky Provance,F,0,0:01:32.00,?,https://dev.juggle.org/history/champs/champs1997.php,,,92,108
06/08/1997,1997,3b Mile,"IJA, Pittsburgh",Becky Provance,F,0,0:09:10.00,?,https://dev.juggle.org/history/champs/champs1997.php,,,550,10
06/08/1997,1997,5b 100m,"IJA, Pittsburgh",Ben Schoenberg,M,0,0:00:19.70,?,https://dev.juggle.org/history/champs/champs1997.php,,,19,0
06/08/1997,1997,3b 100m,"IJA, Pittsburgh",Bill Giduz,M,USA,0:00:15.40,?,https://dev.juggle.org/history/champs/champs1997.php,,,15,98
06/08/1997,1997,3b 400m,"IJA, Pittsburgh",Bill Giduz,M,USA,0:01:11.40,?,https://dev.juggle.org/history/champs/champs1997.php,,,71,65
06/08/1997,1997,3b 100m,"IJA, Pittsburgh",Brent Beebe,M,0,0:00:18.00,?,https://dev.juggle.org/history/champs/champs1997.php,,,18,0
06/08/1997,1997,3b 100m,"IJA, Pittsburgh",Brian McAllister,M,0,0:00:26.00,?,https://dev.juggle.org/history/champs/champs1997.php,,,26,0
06/08/1997,1997,3b Mile,"IJA, Pittsburgh",Charles Williams,M,0,0:07:10.00,?,https://dev.juggle.org/history/champs/champs1997.php,,,430,0
06/08/1997,1997,3b 400m,"IJA, Pittsburgh",Curt Hoffman,M,0,0:01:07.40,?,https://dev.juggle.org/history/champs/champs1997.php,,,67,147
06/08/1997,1997,3b Mile,"IJA, Pittsburgh",Curt Hoffman,M,0,0:06:03.00,?,https://dev.juggle.org/history/champs/champs1997.php,,,363,94
06/08/1997,1997,3b 100m,"IJA, Pittsburgh",Darin Marriott,M,USA,0:00:14.90,?,https://dev.juggle.org/history/champs/champs1997.php,,,14,221
06/08/1997,1997,3b 5km,"IJA, Pittsburgh",Darin Marriott,M,USA,0:18:43.00,?,https://dev.juggle.org/history/champs/champs1997.php,,,1123,279
06/08/1997,1997,3b 400m,"IJA, Pittsburgh",Dave Gedeon,M,0,0:01:50.00,?,https://dev.juggle.org/history/champs/champs1997.php,,,110,0
06/08/1997,1997,3b Mile,"IJA, Pittsburgh",David Groth,M,0,0:07:35.00,?,https://dev.juggle.org/history/champs/champs1997.php,,,455,0
06/08/1997,1997,3b 100m,"IJA, Pittsburgh",David Hussey,M,0,0:00:13.90,?,https://dev.juggle.org/history/champs/champs1997.php,,,13,394
06/08/1997,1997,3b 400m,"IJA, Pittsburgh",David Hussey,M,0,0:01:16.00,?,https://dev.juggle.org/history/champs/champs1997.php,,,76,9
06/08/1997,1997,3b 100m,"IJA, Pittsburgh",Dorothy Finnigan,F,0,0:00:17.70,?,https://dev.juggle.org/history/champs/champs1997.php,,,17,248
06/08/1997,1997,3b 400m,"IJA, Pittsburgh",Dorothy Finnigan,F,0,0:01:48.50,?,https://dev.juggle.org/history/champs/champs1997.php,,,108,1
06/08/1997,1997,3b 400m,"IJA, Pittsburgh",George Faust,M,0,0:01:17.20,?,https://dev.juggle.org/history/champs/champs1997.php,,,77,4
06/08/1997,1997,3b 5km,"IJA, Pittsburgh",George Faust,M,0,0:23:14.00,?,https://dev.juggle.org/history/champs/champs1997.php,,,1394,5
06/08/1997,1997,3b 100m,"IJA, Pittsburgh",Heather Marriott,F,USA,0:00:20.80,?,https://dev.juggle.org/history/champs/champs1997.php,,,20,39
06/08/1997,1997,3b Mile,"IJA, Pittsburgh",Heather Marriott,F,USA,0:06:47.00,?,https://dev.juggle.org/history/champs/champs1997.php,,,407,348
06/08/1997,1997,3b 5km,"IJA, Pittsburgh",Heather Marriott,F,USA,0:23:45.00,?,https://dev.juggle.org/history/champs/champs1997.php,,,1425,368
06/08/1997,1997,3b 100m,"IJA, Pittsburgh",Jerry Battenfield,M,0,0:00:23.90,?,https://dev.juggle.org/history/champs/champs1997.php,,,23,0
06/08/1997,1997,3b 5km,"IJA, Pittsburgh",Jerry Kurtz,M,0,0:22:29.00,?,https://dev.juggle.org/history/champs/champs1997.php,,,1349,23
06/08/1997,1997,3b 5km,"IJA, Pittsburgh",Kay Caskey,F,0,0:26:57.00,?,https://dev.juggle.org/history/champs/champs1997.php,,,1617,188
06/08/1997,1997,3b 100m,"IJA, Pittsburgh",Kelsey Deutch,F,0,0:00:18.80,?,https://dev.juggle.org/history/champs/champs1997.php,,,18,158
06/08/1997,1997,3b 400m,"IJA, Pittsburgh",Kelsey Deutch,F,0,0:01:34.10,?,https://dev.juggle.org/history/champs/champs1997.php,,,94,85
06/08/1997,1997,3b 100m,"IJA, Pittsburgh",Laura Provance,F,0,0:00:18.60,?,https://dev.juggle.org/history/champs/champs1997.php,,,18,158
06/08/1997,1997,3b 400m,"IJA, Pittsburgh",Laura Provance,F,0,0:01:33.00,?,https://dev.juggle.org/history/champs/champs1997.php,,,93,96
06/08/1997,1997,3b Mile,"IJA, Pittsburgh",Laura Provance,F,0,0:09:10.00,?,https://dev.juggle.org/history/champs/champs1997.php,,,550,10
06/08/1997,1997,3b Mile,"IJA, Pittsburgh",Laurie Young,F,0,0:09:31.00,?,https://dev.juggle.org/history/champs/champs1997.php,,,571,0
06/08/1997,1997,3b 400m,"IJA, Pittsburgh",Marion Caldwell,F,0,0:01:37.60,?,https://dev.juggle.org/history/champs/champs1997.php,,,97,56
06/08/1997,1997,3b Mile,"IJA, Pittsburgh",Marion Caldwell,F,0,0:07:35.00,?,https://dev.juggle.org/history/champs/champs1997.php,,,455,182
06/08/1997,1997,3b 5km,"IJA, Pittsburgh",Marion Caldwell,F,0,0:26:57.00,?,https://dev.juggle.org/history/champs/champs1997.php,,,1617,188
06/08/1997,1997,3b 400m,"IJA, Pittsburgh",Mark Kolbus,M,0,0:01:27.00,?,https://dev.juggle.org/history/champs/champs1997.php,,,87,0
06/08/1997,1997,3b Mile,"IJA, Pittsburgh",Mark Kolbus,M,0,0:05:48.00,?,https://dev.juggle.org/history/champs/champs1997.php,,,348,157
06/08/1997,1997,3b 5km,"IJA, Pittsburgh",Mark Kolbus,M,0,0:20:50.00,?,https://dev.juggle.org/history/champs/champs1997.php,,,1250,100
06/08/1997,1997,5b 100m,"IJA, Pittsburgh",Marlin Ballard,M,0,0:00:38.20,?,https://dev.juggle.org/history/champs/champs1997.php,,,38,0
06/08/1997,1997,3b 100m,"IJA, Pittsburgh",Matt Henstridge,M,0,0:00:31.30,?,https://dev.juggle.org/history/champs/champs1997.php,,,31,0
06/08/1997,1997,3b 100m,"IJA, Pittsburgh",Melinda Paas,F,CAN,0:00:17.00,?,https://dev.juggle.org/history/champs/champs1997.php,,,17,248
06/08/1997,1997,3b 400m,"IJA, Pittsburgh",Melinda Paas,F,CAN,0:01:27.60,?,https://dev.juggle.org/history/champs/champs1997.php,,,87,177
06/08/1997,1997,3b Mile,"IJA, Pittsburgh",Mickey Campaniello,M,0,0:06:13.00,?,https://dev.juggle.org/history/champs/champs1997.php,,,373,61
06/08/1997,1997,3b 5km,"IJA, Pittsburgh",Mickey Campaniello,M,0,0:21:37.00,?,https://dev.juggle.org/history/champs/champs1997.php,,,1297,56
06/08/1997,1997,3b 5km,"IJA, Pittsburgh",Natalie McIntyre,F,0,0:28:48.00,?,https://dev.juggle.org/history/champs/champs1997.php,,,1728,111
06/08/1997,1997,3b 100m,"IJA, Pittsburgh",Peter Fry,M,0,0:00:21.30,?,https://dev.juggle.org/history/champs/champs1997.php,,,21,0
06/08/1997,1997,3b 400m,"IJA, Pittsburgh",Peter Fry,M,0,0:01:41.00,?,https://dev.juggle.org/history/champs/champs1997.php,,,101,0
06/08/1997,1997,3b Mile,"IJA, Pittsburgh",Reese Edwards,M,0,0:05:13.00,?,https://dev.juggle.org/history/champs/champs1997.php,,,313,365
06/08/1997,1997,3b 5km,"IJA, Pittsburgh",Reese Edwards,M,0,0:18:21.00,?,https://dev.juggle.org/history/champs/champs1997.php,,,1101,319
06/08/1997,1997,3b 100m,"IJA, Pittsburgh",Robert Sandberg,M,0,0:00:18.30,?,https://dev.juggle.org/history/champs/champs1997.php,,,18,0
06/08/1997,1997,3b 100m,"IJA, Pittsburgh",Sam Kilbourn,M,0,0:00:20.60,?,https://dev.juggle.org/history/champs/champs1997.php,,,20,0
06/08/1997,1997,3b 400m,"IJA, Pittsburgh",Sam Kilbourn,M,0,0:01:28.90,?,https://dev.juggle.org/history/champs/champs1997.php,,,88,0
06/08/1997,1997,3b 100m,"IJA, Pittsburgh",Sandy Brown,F,0,0:00:17.70,?,https://dev.juggle.org/history/champs/champs1997.php,,,17,248
06/08/1997,1997,3b 400m,"IJA, Pittsburgh",Sandy Brown,F,0,0:01:31.00,?,https://dev.juggle.org/history/champs/champs1997.php,,,91,120
06/08/1997,1997,3b 100m,"IJA, Pittsburgh",Scott Anthony,M,0,0:00:18.10,?,https://dev.juggle.org/history/champs/champs1997.php,,,18,0
06/08/1997,1997,3b 5km,"IJA, Pittsburgh",Scott Anthony,M,0,0:27:22.00,?,https://dev.juggle.org/history/champs/champs1997.php,,,1642,0
06/08/1997,1997,3b Mile,"IJA, Pittsburgh",Tim Baird,M,0,0:07:15.00,?,https://dev.juggle.org/history/champs/champs1997.php,,,435,0
06/08/1997,1997,3b 100m,"IJA, Pittsburgh",Travis Saunders,M,CAN,0:00:15.70,?,https://dev.juggle.org/history/champs/champs1997.php,,,15,98
06/08/1997,1997,3b 400m,"IJA, Pittsburgh",Travis Saunders,M,CAN,0:01:25.00,?,https://dev.juggle.org/history/champs/champs1997.php,,,85,0
06/08/1997,1997,3b 100m,"IJA, Pittsburgh",Tucker Weisman,M,0,0:00:18.30,?,https://dev.juggle.org/history/champs/champs1997.php,,,18,0
06/08/1997,1997,3b 400m,"IJA, Pittsburgh",Tucker Weisman,M,0,0:01:40.00,?,https://dev.juggle.org/history/champs/champs1997.php,,,100,0
20/10/1996,1996,3b Marathon,Chicago Marathon,Perry Romanowski,M,USA,4:05:41.00,?,https://chicago-history.r.mikatiming.com/2021/?pid=search,,,14741,14
20/07/1996,1996,3b 100m,"IJA, Rapid City",Aaron Olson,M,0,0:00:20.00,?,https://dev.juggle.org/history/champs/champs1996.php,,,20,0
20/07/1996,1996,3b 400m,"IJA, Rapid City",Aaron Olson,M,0,0:01:34.00,?,https://dev.juggle.org/history/champs/champs1996.php,,,94,0
20/07/1996,1996,3b 100m,"IJA, Rapid City",Adam Griffin,M,0,0:00:19.90,?,https://dev.juggle.org/history/champs/champs1996.php,,,19,0
20/07/1996,1996,3b Mile,"IJA, Rapid City",Adam Griffin,M,0,0:06:07.00,?,https://dev.juggle.org/history/champs/champs1996.php,,,367,80
20/07/1996,1996,3b 4x400m,"IJA, Rapid City","Adam Griffin, Shawn Bryan, Daniel Margulies, Chuck Howlie",M,0,0:05:28.00,?,https://dev.juggle.org/history/champs/champs1996.php,,,328,1
20/07/1996,1996,3b 100m,"IJA, Rapid City",Albert Lucas,M,USA,0:00:13.10,?,https://dev.juggle.org/history/champs/champs1996.php,,,13,394
20/07/1996,1996,3b 400m,"IJA, Rapid City",Albert Lucas,M,USA,0:01:00.90,?,https://dev.juggle.org/history/champs/champs1996.php,,,60,368
20/07/1996,1996,3b Mile,"IJA, Rapid City",Albert Lucas,M,USA,0:05:27.00,?,https://dev.juggle.org/history/champs/champs1996.php,,,327,271
20/07/1996,1996,3b 100m,"IJA, Rapid City",Andrew Swan,M,0,0:00:14.80,?,https://dev.juggle.org/history/champs/champs1996.php,,,14,221
20/07/1996,1996,3b 400m,"IJA, Rapid City",Andrew Swan,M,0,0:01:05.40,?,https://dev.juggle.org/history/champs/champs1996.php,,,65,200
20/07/1996,1996,5b 100m,"IJA, Rapid City",Andrew Swan,M,0,0:01:17.00,?,https://dev.juggle.org/history/champs/champs1996.php,,,77,0
20/07/1996,1996,3b 5km,"IJA, Rapid City",Andrew Swan,M,0,0:23:21.00,?,https://dev.juggle.org/history/champs/champs1996.php,,,1401,4
20/07/1996,1996,3b 100m,"IJA, Rapid City",Barry Goldmeier,M,USA,0:00:14.90,?,https://dev.juggle.org/history/champs/champs1996.php,,,14,221
20/07/1996,1996,5b Mile,"IJA, Rapid City",Barry Goldmeier,M,USA,0:10:37.00,?,https://dev.juggle.org/history/champs/champs1996.php,,,637,0
20/07/1996,1996,5b 5km,"IJA, Rapid City",Barry Goldmeier,M,USA,0:27:53.00,?,https://dev.juggle.org/history/champs/champs1996.php,,,1673,0
20/07/1996,1996,5b 100m,"IJA, Rapid City",Ben Schoenberg,M,0,0:00:25.40,?,https://dev.juggle.org/history/champs/champs1996.php,,,25,0
20/07/1996,1996,3b 400m,"IJA, Rapid City",Ben Schoenberg,M,0,0:01:06.20,?,https://dev.juggle.org/history/champs/champs1996.php,,,66,172
20/07/1996,1996,5b Mile,"IJA, Rapid City",Ben Schoenberg,M,0,0:10:36.00,?,https://dev.juggle.org/history/champs/champs1996.php,,,636,0
20/07/1996,1996,3b 5km,"IJA, Rapid City",Ben Schoenberg,M,0,0:24:38.00,?,https://dev.juggle.org/history/champs/champs1996.php,,,1478,0
20/07/1996,1996,3b 5km,"IJA, Rapid City",Bill Coad,M,USA,0:29:56.00,?,https://dev.juggle.org/history/champs/champs1996.php,,,1796,0
20/07/1996,1996,3b 100m,"IJA, Rapid City",Bill Giduz,M,USA,0:00:16.10,?,https://dev.juggle.org/history/champs/champs1996.php,,,16,24
20/07/1996,1996,3b 400m,"IJA, Rapid City",Bill Giduz,M,USA,0:01:12.00,?,https://dev.juggle.org/history/champs/champs1996.php,,,72,50
20/07/1996,1996,3b 4x400m,"IJA, Rapid City","Bill Giduz, Sam Kilbourn, Robert Nelson, Albert Lucas",M,0,0:05:17.00,?,https://dev.juggle.org/history/champs/champs1996.php,,,317,14
20/07/1996,1996,3b 100m,"IJA, Rapid City",Chuck Hawley,M,0,0:00:16.60,?,https://dev.juggle.org/history/champs/champs1996.php,,,16,24
20/07/1996,1996,3b 400m,"IJA, Rapid City",Chuck Hawley,M,0,0:01:24.00,?,https://dev.juggle.org/history/champs/champs1996.php,,,84,0
20/07/1996,1996,3b Mile,"IJA, Rapid City",Chuck Hawley,M,0,0:08:31.00,?,https://dev.juggle.org/history/champs/champs1996.php,,,511,0
20/07/1996,1996,3b 100m,"IJA, Rapid City",Corinne Ozolins,F,0,0:00:33.40,?,https://dev.juggle.org/history/champs/champs1996.php,,,33,0
20/07/1996,1996,5b 100m,"IJA, Rapid City",Dan Kirk,M,0,0:01:01.00,?,https://dev.juggle.org/history/champs/champs1996.php,,,61,0
20/07/1996,1996,3b 100m,"IJA, Rapid City",Daniel Margulis,M,0,0:00:18.20,?,https://dev.juggle.org/history/champs/champs1996.php,,,18,0
20/07/1996,1996,3b 400m,"IJA, Rapid City",Daniel Margulis,M,0,0:01:31.00,?,https://dev.juggle.org/history/champs/champs1996.php,,,91,0
20/07/1996,1996,3b Mile,"IJA, Rapid City",Daniel Margulis,M,0,0:08:31.00,?,https://dev.juggle.org/history/champs/champs1996.php,,,511,0
20/07/1996,1996,3b 100m,"IJA, Rapid City",Elizabeth Sanberg,F,0,0:00:21.60,?,https://dev.juggle.org/history/champs/champs1996.php,,,21,9
20/07/1996,1996,3b 100m,"IJA, Rapid City",Elizabeth Sanberg,F,0,0:00:23.80,?,https://dev.juggle.org/history/champs/champs1996.php,,,23,0
20/07/1996,1996,3b 100m,"IJA, Rapid City",Ian Caldwell,M,0,0:00:24.50,?,https://dev.juggle.org/history/champs/champs1996.php,,,24,0
20/07/1996,1996,3b 400m,"IJA, Rapid City",Iman deLachotta-Lizarazu,F,0,0:01:42.00,?,https://dev.juggle.org/history/champs/champs1996.php,,,102,21
20/07/1996,1996,3b 100m,"IJA, Rapid City",Joe Dean,M,0,0:00:17.10,?,https://dev.juggle.org/history/champs/champs1996.php,,,17,0
20/07/1996,1996,3b 100m,"IJA, Rapid City",Joseph Hout,M,0,0:00:20.90,?,https://dev.juggle.org/history/champs/champs1996.php,,,20,0
20/07/1996,1996,3b Mile,"IJA, Rapid City",Kay Caskey,F,0,0:10:12.00,?,https://dev.juggle.org/history/champs/champs1996.php,,,612,0
20/07/1996,1996,3b 4x400m,"IJA, Rapid City","Kay Caskey, Laurie Young, Laura Green, Iman deLachotta-Lizarazu",F,0,0:08:26.00,?,https://dev.juggle.org/history/champs/champs1996.php,,,506,0
20/07/1996,1996,3b Mile,"IJA, Rapid City",Keith Baker,M,0,0:06:05.00,?,https://dev.juggle.org/history/champs/champs1996.php,,,365,87
20/07/1996,1996,3b 5km,"IJA, Rapid City",Keith Baker,M,0,0:21:38.00,?,https://dev.juggle.org/history/champs/champs1996.php,,,1298,56
20/07/1996,1996,3b 100m,"IJA, Rapid City",Keith Tollefson,M,0,0:00:16.60,?,https://dev.juggle.org/history/champs/champs1996.php,,,16,24
20/07/1996,1996,3b 400m,"IJA, Rapid City",Keith Tollefson,M,0,0:01:27.00,?,https://dev.juggle.org/history/champs/champs1996.php,,,87,0
20/07/1996,1996,3b 4x400m,"IJA, Rapid City","Keith Tollefson, Meghan Cain, Aaron Olson, Robert Sanberg",Mixed,0,0:07:17.00,?,https://dev.juggle.org/history/champs/champs1996.php,,,437,0
20/07/1996,1996,3b 100m,"IJA, Rapid City",Laura Green,F,0,0:00:20.10,?,https://dev.juggle.org/history/champs/champs1996.php,,,20,39
20/07/1996,1996,3b 400m,"IJA, Rapid City",Laura Green,F,0,0:02:06.00,?,https://dev.juggle.org/history/champs/champs1996.php,,,126,0
20/07/1996,1996,3b 5km,"IJA, Rapid City",Laurie Young,F,0,0:34:02.00,?,https://dev.juggle.org/history/champs/champs1996.php,,,2042,2
20/07/1996,1996,3b 100m,"IJA, Rapid City",Marion Caldwell,F,0,0:00:26.20,?,https://dev.juggle.org/history/champs/champs1996.php,,,26,0
20/07/1996,1996,3b Mile,"IJA, Rapid City",Marion Caldwell,F,0,0:10:07.00,?,https://dev.juggle.org/history/champs/champs1996.php,,,607,0
20/07/1996,1996,3b 4x400m,"IJA, Rapid City","Matt Henstridge, Greg Blaha, Nick Bartucci, Reece Edwards",M,0,0:06:48.00,?,https://dev.juggle.org/history/champs/champs1996.php,,,408,0
20/07/1996,1996,3b 100m,"IJA, Rapid City",Meghan Cain,F,0,0:00:23.60,?,https://dev.juggle.org/history/champs/champs1996.php,,,23,0
20/07/1996,1996,3b 400m,"IJA, Rapid City",Meghan Cain,F,0,0:01:37.00,?,https://dev.juggle.org/history/champs/champs1996.php,,,97,56
20/07/1996,1996,5b 100m,"IJA, Rapid City",Mike Hout,M,USA,0:00:25.70,?,https://dev.juggle.org/history/champs/champs1996.php,,,25,0
20/07/1996,1996,3b 100m,"IJA, Rapid City",Nick Bartucci,M,0,0:00:31.50,?,https://dev.juggle.org/history/champs/champs1996.php,,,31,0
20/07/1996,1996,3b 400m,"IJA, Rapid City",Paul Arneberg,M,0,0:01:07.50,?,https://dev.juggle.org/history/champs/champs1996.php,,,67,147
20/07/1996,1996,3b Mile,"IJA, Rapid City",Paul Arneberg,M,0,0:05:39.00,?,https://dev.juggle.org/history/champs/champs1996.php,,,339,202
20/07/1996,1996,3b Mile,"IJA, Rapid City",Reese Edwards,M,0,0:05:46.00,?,https://dev.juggle.org/history/champs/champs1996.php,,,346,167
20/07/1996,1996,3b 5km,"IJA, Rapid City",Reese Edwards,M,0,0:20:17.00,?,https://dev.juggle.org/history/champs/champs1996.php,,,1217,138
20/07/1996,1996,3b 100m,"IJA, Rapid City",Sam Kilbourn,M,0,0:00:17.30,?,https://dev.juggle.org/history/champs/champs1996.php,,,17,0
20/07/1996,1996,3b 100m,"IJA, Rapid City",Shawn Bryan,M,0,0:00:21.20,?,https://dev.juggle.org/history/champs/champs1996.php,,,21,0
20/07/1996,1996,3b 400m,"IJA, Rapid City",Shawn Bryan,M,0,0:01:19.00,?,https://dev.juggle.org/history/champs/champs1996.php,,,79,0
19/07/1995,1995,3b 100m,"IJA, Las Vegas",Barry Goldmeier,M,USA,0:00:15.50,?,https://dev.juggle.org/history/champs/champs1995.php,,,15,98
19/07/1995,1995,3b 400m,"IJA, Las Vegas",Barry Goldmeier,M,USA,0:01:06.00,?,https://dev.juggle.org/history/champs/champs1995.php,,,66,172
19/07/1995,1995,5b 5km,"IJA, Las Vegas",Barry Goldmeier,M,USA,0:33:03.00,?,https://dev.juggle.org/history/champs/champs1995.php,,,1983,0
19/07/1995,1995,3b 100m,"IJA, Las Vegas",Becky Provance,F,0,0:00:29.50,?,https://dev.juggle.org/history/champs/champs1995.php,,,29,0
19/07/1995,1995,3b 400m,"IJA, Las Vegas",Becky Provance,F,0,0:01:42.00,?,https://dev.juggle.org/history/champs/champs1995.php,,,102,21
19/07/1995,1995,3b Mile,"IJA, Las Vegas",Becky Provance,F,0,0:08:57.00,?,https://dev.juggle.org/history/champs/champs1995.php,,,537,21
19/07/1995,1995,3b 100m,"IJA, Las Vegas",Ben Hout,M,0,0:00:17.20,?,https://dev.juggle.org/history/champs/champs1995.php,,,17,0
19/07/1995,1995,5b 100m,"IJA, Las Vegas",Ben Schoenberg,M,0,0:00:27.80,?,https://dev.juggle.org/history/champs/champs1995.php,,,27,0
19/07/1995,1995,3b 400m,"IJA, Las Vegas",Ben Schoenberg,M,0,0:01:09.00,?,https://dev.juggle.org/history/champs/champs1995.php,,,69,102
19/07/1995,1995,3b 100m,"IJA, Las Vegas",Bill Giduz,M,USA,0:00:17.30,?,https://dev.juggle.org/history/champs/champs1995.php,,,17,0
19/07/1995,1995,3b 100m,"IJA, Las Vegas",Cam Fleming,M,0,0:00:19.70,?,https://dev.juggle.org/history/champs/champs1995.php,,,19,0
19/07/1995,1995,3b 400m,"IJA, Las Vegas",Cam Fleming,M,0,0:01:20.00,?,https://dev.juggle.org/history/champs/champs1995.php,,,80,0
19/07/1995,1995,3b 100m,"IJA, Las Vegas",Cindy Hout,F,0,0:00:28.70,?,https://dev.juggle.org/history/champs/champs1995.php,,,28,0
19/07/1995,1995,5b 100m,"IJA, Las Vegas",Daniel Hout,M,0,0:00:56.50,?,https://dev.juggle.org/history/champs/champs1995.php,,,56,0
19/07/1995,1995,3b 400m,"IJA, Las Vegas",Daniel Margulis,M,0,0:01:52.00,?,https://dev.juggle.org/history/champs/champs1995.php,,,112,0
19/07/1995,1995,3b 100m,"IJA, Las Vegas",Dorothy Finnigan,F,0,0:00:29.40,?,https://dev.juggle.org/history/champs/champs1995.php,,,29,0
19/07/1995,1995,3b 100m,"IJA, Las Vegas",Franz Roos,M,CHE,0:00:17.10,?,https://dev.juggle.org/history/champs/champs1995.php,,,17,0
19/07/1995,1995,3b 400m,"IJA, Las Vegas",Franz Roos,M,CHE,0:01:05.40,?,https://dev.juggle.org/history/champs/champs1995.php,,,65,200
19/07/1995,1995,3b 100m,"IJA, Las Vegas",Ivan Hernandez,M,0,0:00:28.70,?,https://dev.juggle.org/history/champs/champs1995.php,,,28,0
19/07/1995,1995,3b 100m,"IJA, Las Vegas",Jane Birkhead,F,0,0:00:35.90,?,https://dev.juggle.org/history/champs/champs1995.php,,,35,0
19/07/1995,1995,3b 400m,"IJA, Las Vegas",Jane Birkhead,F,0,0:02:01.00,?,https://dev.juggle.org/history/champs/champs1995.php,,,121,0
19/07/1995,1995,3b 100m,"IJA, Las Vegas",Jim Steffens,M,0,0:00:16.10,?,https://dev.juggle.org/history/champs/champs1995.php,,,16,24
19/07/1995,1995,3b 100m,"IJA, Las Vegas",Joseph Hout,M,0,0:00:28.10,?,https://dev.juggle.org/history/champs/champs1995.php,,,28,0
19/07/1995,1995,3b 5km,"IJA, Las Vegas",Kay Caskey,F,0,0:36:14.00,?,https://dev.juggle.org/history/champs/champs1995.php,,,2174,0
19/07/1995,1995,3b 4x400m,"IJA, Las Vegas","Kay Caskey, Cindy Hout, Roni Lynn, Laurie Young",F,0,0:10:04.00,?,https://dev.juggle.org/history/champs/champs1995.php,,,604,0
19/07/1995,1995,3b 100m,"IJA, Las Vegas",Keith Baker,M,0,0:00:24.20,?,https://dev.juggle.org/history/champs/champs1995.php,,,24,0
19/07/1995,1995,3b Mile,"IJA, Las Vegas",Keith Baker,M,0,0:06:01.00,?,https://dev.juggle.org/history/champs/champs1995.php,,,361,102
19/07/1995,1995,3b 4x400m,"IJA, Las Vegas","Keith Baker, Barry Goldmeier, Ben Schoenberg, Jim Steffens",M,0,0:05:13.00,?,https://dev.juggle.org/history/champs/champs1995.php,,,313,22
19/07/1995,1995,3b 100m,"IJA, Las Vegas",Larry Boehmer,M,0,0:00:19.20,?,https://dev.juggle.org/history/champs/champs1995.php,,,19,0
19/07/1995,1995,3b 4x400m,"IJA, Las Vegas","Larry Boehmer, Bill Giduz, Mike Hout, Bob Neuman",M,0,0:05:39.00,?,https://dev.juggle.org/history/champs/champs1995.php,,,339,0
19/07/1995,1995,3b 400m,"IJA, Las Vegas",Laurie Young,F,0,0:02:12.00,?,https://dev.juggle.org/history/champs/champs1995.php,,,132,0
19/07/1995,1995,3b Mile,"IJA, Las Vegas",Laurie Young,F,0,0:09:22.00,?,https://dev.juggle.org/history/champs/champs1995.php,,,562,3
19/07/1995,1995,3b 100m,"IJA, Las Vegas",Michelle Grossman,F,0,0:00:32.70,?,https://dev.juggle.org/history/champs/champs1995.php,,,32,0
19/07/1995,1995,3b Mile,"IJA, Las Vegas",Mike Hebebrand,M,USA,0:05:42.00,?,https://dev.juggle.org/history/champs/champs1995.php,,,342,187
19/07/1995,1995,3b 5km,"IJA, Las Vegas",Mike Hebebrand,M,USA,0:19:54.00,?,https://dev.juggle.org/history/champs/champs1995.php,,,1194,168
19/07/1995,1995,5b 100m,"IJA, Las Vegas",Mike Hout,M,USA,0:00:27.31,?,https://dev.juggle.org/history/champs/champs1995.php,,,27,0
19/07/1995,1995,3b Mile,"IJA, Las Vegas",Reese Edwards,M,0,0:06:11.00,?,https://dev.juggle.org/history/champs/champs1995.php,,,371,67
19/07/1995,1995,3b 5km,"IJA, Las Vegas",Reese Edwards,M,0,0:22:37.00,?,https://dev.juggle.org/history/champs/champs1995.php,,,1357,19
19/07/1995,1995,3b 5km,"IJA, Las Vegas",Sam Wildofsky,M,0,0:20:37.00,?,https://dev.juggle.org/history/champs/champs1995.php,,,1237,114
13/08/1994,1994,3b 100m,"IJA, Vermont",Albert Lucas,M,USA,0:00:13.20,?,https://dev.juggle.org/history/champs/champs1994.php,,,13,394
13/08/1994,1994,3b 400m,"IJA, Vermont",Albert Lucas,M,USA,0:01:02.20,?,https://dev.juggle.org/history/champs/champs1994.php,,,62,295
13/08/1994,1994,3b Mile,"IJA, Vermont",Albert Lucas,M,USA,0:05:48.20,?,https://dev.juggle.org/history/champs/champs1994.php,,,348,157
13/08/1994,1994,3b 5km,"IJA, Vermont",Albert Lucas,M,USA,0:20:50.00,?,"https://dev.juggle.org/history/champs/champs1994.php, Billy Gillen Memorial 5km",,,1250,100
13/08/1994,1994,3b 4x400m,"IJA, Vermont","Albert Lucas, John Zaleskie",M,0,0:04:37.00,?,https://dev.juggle.org/history/champs/champs1994.php,,,277,163
13/08/1994,1994,3b 100m,"IJA, Vermont",Ben Hout,M,0,0:00:17.70,?,https://dev.juggle.org/history/champs/champs1994.php,,,17,0
13/08/1994,1994,5b 100m,"IJA, Vermont",Ben Schoenberg,M,0,0:00:44.50,?,https://dev.juggle.org/history/champs/champs1994.php,,,44,0
13/08/1994,1994,3b 100m,"IJA, Vermont",Bill Giduz,M,USA,0:00:16.20,?,https://dev.juggle.org/history/champs/champs1994.php,,,16,24
13/08/1994,1994,3b 4x400m,"IJA, Vermont","Bill Giduz, Mike Hout, Darren Samson, Dan Fitzgerald",M,0,0:04:58.00,?,https://dev.juggle.org/history/champs/champs1994.php,,,298,65
13/08/1994,1994,3b Mile,"IJA, Vermont",Bob Neuman,M,0,0:08:27.20,?,https://dev.juggle.org/history/champs/champs1994.php,,,507,0
13/08/1994,1994,3b Mile,"IJA, Vermont",Chuck Worrell,M,0,0:09:10.00,?,https://dev.juggle.org/history/champs/champs1994.php,,,550,0
13/08/1994,1994,3b 400m,"IJA, Vermont",Cindy Hout,F,0,0:02:14.00,?,https://dev.juggle.org/history/champs/champs1994.php,,,134,0
13/08/1994,1994,3b 100m,"IJA, Vermont",Daniel Hout,M,0,0:00:20.80,?,https://dev.juggle.org/history/champs/champs1994.php,,,20,0
13/08/1994,1994,5b 100m,"IJA, Vermont",Daniel Hout,M,0,0:00:52.90,?,https://dev.juggle.org/history/champs/champs1994.php,,,52,0
13/08/1994,1994,3b 400m,"IJA, Vermont",Darren Samson,M,0,0:01:10.00,?,https://dev.juggle.org/history/champs/champs1994.php,,,70,82
13/08/1994,1994,3b 5km,"IJA, Vermont",Darren Samson,M,0,0:22:30.00,?,"https://dev.juggle.org/history/champs/champs1994.php, Billy Gillen Memorial 5km",,,1350,22
13/08/1994,1994,5b 100m,"IJA, Vermont",Joanne Swaim,F,0,0:01:14.00,?,https://dev.juggle.org/history/champs/champs1994.php,,,74,0
13/08/1994,1994,3b 400m,"IJA, Vermont",Joanne Swaim,F,0,0:01:48.20,?,https://dev.juggle.org/history/champs/champs1994.php,,,108,1
13/08/1994,1994,3b 4x400m,"IJA, Vermont","Joanne Swaim, Ben Hout, Joseph Hout, Daniel Hout",Mixed,0,0:08:25.00,?,https://dev.juggle.org/history/champs/champs1994.php,,,505,0
13/08/1994,1994,3b Mile,"IJA, Vermont",Joe Lyons,M,0,0:06:57.00,?,https://dev.juggle.org/history/champs/champs1994.php,,,417,0
13/08/1994,1994,3b 400m,"IJA, Vermont",John Zaleskie,M,0,0:01:05.30,?,https://dev.juggle.org/history/champs/champs1994.php,,,65,200
13/08/1994,1994,3b 100m,"IJA, Vermont",Joseph Hout,M,0,0:00:28.00,?,https://dev.juggle.org/history/champs/champs1994.php,,,28,0
13/08/1994,1994,3b Mile,"IJA, Vermont",Keith Baker,M,0,0:05:56.00,?,https://dev.juggle.org/history/champs/champs1994.php,,,356,122
13/08/1994,1994,3b 5km,"IJA, Vermont",Keith Baker,M,0,0:21:03.00,?,"https://dev.juggle.org/history/champs/champs1994.php, Billy Gillen Memorial 5km",,,1263,87
13/08/1994,1994,3b 5km,"IJA, Vermont",Laurie Young,F,0,0:33:13.00,?,"https://dev.juggle.org/history/champs/champs1994.php, Billy Gillen Memorial 5km",,,1993,9
13/08/1994,1994,3b 4x400m,"IJA, Vermont","Laurie Young, Roni Lynn, Kay Caskey, Cindy Hout",F,0,0:09:43.00,?,https://dev.juggle.org/history/champs/champs1994.php,,,583,0
13/08/1994,1994,3b 100m,"IJA, Vermont",Marlin Ballard,M,0,0:00:15.30,?,https://dev.juggle.org/history/champs/champs1994.php,,,15,98
13/08/1994,1994,5b 100m,"IJA, Vermont",Mike Hout,M,USA,0:00:32.50,?,https://dev.juggle.org/history/champs/champs1994.php,,,32,0
13/08/1994,1994,3b 100m,"IJA, Vermont",Tom Sparough,M,0,0:00:15.20,?,https://dev.juggle.org/history/champs/champs1994.php,,,15,98
13/08/1994,1994,5b 100m,"IJA, Vermont",Tom Sparough,M,0,0:00:48.50,?,https://dev.juggle.org/history/champs/champs1994.php,,,48,0
24/07/1993,1993,3b 100m,"IJA, Fargo",Ben Hout,M,0,0:00:21.00,?,http://www.juggling.org/orgs/ija/champs.txt,,,21,0
24/07/1993,1993,3b 400m,"IJA, Fargo",Ben Schoenberg,M,0,0:01:07.40,?,http://www.juggling.org/orgs/ija/champs.txt,,,67,147
24/07/1993,1993,3b 5km,"IJA, Fargo",Ben Schoenberg,M,0,0:22:35.50,?,http://www.juggling.org/orgs/ija/champs.txt,,,1355,20
24/07/1993,1993,3b 5km,"IJA, Fargo",Bill Coad,M,USA,0:24:36.60,?,http://www.juggling.org/orgs/ija/champs.txt,,,1476,0
24/07/1993,1993,3b 100m,"IJA, Fargo",Bill Giduz,M,USA,0:00:17.50,?,http://www.juggling.org/orgs/ija/champs.txt,,,17,0
24/07/1993,1993,3b 400m,"IJA, Fargo",Bill Giduz,M,USA,0:01:10.50,?,http://www.juggling.org/orgs/ija/champs.txt,,,70,82
24/07/1993,1993,3b 100m,"IJA, Fargo",Carol Mills,F,0,0:00:21.70,?,http://www.juggling.org/orgs/ija/champs.txt,,,21,9
24/07/1993,1993,3b 400m,"IJA, Fargo",Carol Mills,F,0,0:01:52.00,?,http://www.juggling.org/orgs/ija/champs.txt,,,112,0
24/07/1993,1993,3b Mile,"IJA, Fargo",Carol Mills,F,0,0:11:15.00,?,http://www.juggling.org/orgs/ija/champs.txt,,,675,0
24/07/1993,1993,3b 100m,"IJA, Fargo",Cindy Hout,F,0,0:00:30.50,?,http://www.juggling.org/orgs/ija/champs.txt,,,30,0
24/07/1993,1993,3b 100m,"IJA, Fargo",Dan Fitzgerald,M,0,0:00:18.70,?,http://www.juggling.org/orgs/ija/champs.txt,,,18,0
24/07/1993,1993,3b 100m,"IJA, Fargo",Daniel Hout,M,0,0:00:23.20,?,http://www.juggling.org/orgs/ija/champs.txt,,,23,0
24/07/1993,1993,3b 100m,"IJA, Fargo",Dave Finnigan,M,0,0:00:32.20,?,http://www.juggling.org/orgs/ija/champs.txt,,,32,0
24/07/1993,1993,3b 4x400m,"IJA, Fargo","David Czarnoto, Ben Hout, Daniel Hout, Joseph Hout",M,0,0:09:28.00,?,http://www.juggling.org/orgs/ija/champs.txt,,,568,0
24/07/1993,1993,3b 400m,"IJA, Fargo",Jane Hussey,F,0,0:02:16.70,?,http://www.juggling.org/orgs/ija/champs.txt,,,136,0
24/07/1993,1993,3b 5km,"IJA, Fargo",Jay Pittman ,M,0,0:22:34.40,?,http://www.juggling.org/orgs/ija/champs.txt,,,1354,20
24/07/1993,1993,3b Mile,"IJA, Fargo",Jim Shellard,M,0,0:06:25.00,?,http://www.juggling.org/orgs/ija/champs.txt,,,385,31
24/07/1993,1993,3b 100m,"IJA, Fargo",Joanne Swaim,F,0,0:00:20.70,?,http://www.juggling.org/orgs/ija/champs.txt,,,20,39
24/07/1993,1993,3b 400m,"IJA, Fargo",Joanne Swaim,F,0,0:01:39.00,?,http://www.juggling.org/orgs/ija/champs.txt,,,99,40
24/07/1993,1993,3b 100m,"IJA, Fargo",John Phipps,M,0,0:00:31.20,?,http://www.juggling.org/orgs/ija/champs.txt,,,31,0
24/07/1993,1993,3b 100m,"IJA, Fargo",Joseph Hout,M,0,0:00:25.10,?,http://www.juggling.org/orgs/ija/champs.txt,,,25,0
24/07/1993,1993,3b Mile,"IJA, Fargo",Kathy Glynn,F,USA,0:07:57.00,?,http://www.juggling.org/orgs/ija/champs.txt,,,477,123
24/07/1993,1993,3b 5km,"IJA, Fargo",Kay Caskey,F,0,0:29:31.90,?,http://www.juggling.org/orgs/ija/champs.txt,,,1771,87
24/07/1993,1993,3b 4x400m,"IJA, Fargo","Kay Caskey, Laura Green, Jane Hussey, Laurie Young",F,0,0:08:07.00,?,http://www.juggling.org/orgs/ija/champs.txt,,,487,0
24/07/1993,1993,3b 100m,"IJA, Fargo",Laura Green,F,0,0:00:22.30,?,http://www.juggling.org/orgs/ija/champs.txt,,,22,0
24/07/1993,1993,3b 400m,"IJA, Fargo",Laura Green,F,0,0:01:44.50,?,http://www.juggling.org/orgs/ija/champs.txt,,,104,12
24/07/1993,1993,3b 100m,"IJA, Fargo",Laurie Young,F,0,0:00:30.50,?,http://www.juggling.org/orgs/ija/champs.txt,,,30,0
24/07/1993,1993,3b 400m,"IJA, Fargo",Laurie Young,F,0,0:01:57.10,?,http://www.juggling.org/orgs/ija/champs.txt,,,117,0
24/07/1993,1993,3b Mile,"IJA, Fargo",Laurie Young,F,0,0:09:33.00,?,http://www.juggling.org/orgs/ija/champs.txt,,,573,0
24/07/1993,1993,3b 100m,"IJA, Fargo",Mark Kolbus,M,0,0:00:17.10,?,http://www.juggling.org/orgs/ija/champs.txt,,,17,0
24/07/1993,1993,3b 400m,"IJA, Fargo",Mark Kolbus,M,0,0:01:08.40,?,http://www.juggling.org/orgs/ija/champs.txt,,,68,123
24/07/1993,1993,3b Mile,"IJA, Fargo",Mark Kolbus,M,0,0:05:46.00,?,http://www.juggling.org/orgs/ija/champs.txt,,,346,167
24/07/1993,1993,3b 100m,"IJA, Fargo",Michael Nance,M,0,0:00:15.40,?,http://www.juggling.org/orgs/ija/champs.txt,,,15,98
24/07/1993,1993,3b 5km,"IJA, Fargo",Mike Hebebrand,M,USA,0:18:35.90,?,http://www.juggling.org/orgs/ija/champs.txt,,,1115,293
24/07/1993,1993,3b 100m,"IJA, Fargo",Mike Hout,M,USA,0:00:15.60,?,http://www.juggling.org/orgs/ija/champs.txt,,,15,98
24/07/1993,1993,3b 4x400m,"IJA, Fargo","Mike Hout, Michael Nance, Eric Norby, Paul Williamson",M,0,0:05:37.00,?,http://www.juggling.org/orgs/ija/champs.txt,,,337,0
24/07/1993,1993,3b Mile,"IJA, Fargo",Nick Matsakis,M,0,0:07:24.00,?,http://www.juggling.org/orgs/ija/champs.txt,,,444,0
24/07/1993,1993,3b 100m,"IJA, Fargo",Paul Williamson,M,0,0:00:17.40,?,http://www.juggling.org/orgs/ija/champs.txt,,,17,0
24/07/1993,1993,3b 400m,"IJA, Fargo",Richard Courter,M,0,0:01:13.30,?,http://www.juggling.org/orgs/ija/champs.txt,,,73,36
24/07/1993,1993,3b 4x400m,"IJA, Fargo","Richard Courter, Dan Fitzgerald, Mark Fountain, Bill Giduz",M,0,0:05:14.00,?,http://www.juggling.org/orgs/ija/champs.txt,,,314,20
24/07/1993,1993,3b 4x400m,"IJA, Fargo","Robin Chestnut, Troy Fitzgerald, Bob Hartman, Sean McKinney",M,0,0:04:46.00,?,http://www.juggling.org/orgs/ija/champs.txt,,,286,115
24/07/1993,1993,3b 100m,"IJA, Fargo",Sandy Amass,F,0,0:00:27.90,?,http://www.juggling.org/orgs/ija/champs.txt,,,27,0
24/07/1993,1993,3b 400m,"IJA, Fargo",Sandy Amass,F,0,0:02:06.00,?,http://www.juggling.org/orgs/ija/champs.txt,,,126,0
24/07/1993,1993,3b 4x400m,"IJA, Fargo","Sandy Amass, Kathy Glynn, Carol Mills, Joanne Swaim",F,0,0:07:43.00,?,http://www.juggling.org/orgs/ija/champs.txt,,,463,4
24/07/1993,1993,3b 400m,"IJA, Fargo",Sean McKinney,M,0,0:01:07.10,?,http://www.juggling.org/orgs/ija/champs.txt,,,67,147
24/07/1993,1993,3b Mile,"IJA, Fargo",Troy Fitzgerald,M,0,0:06:07.00,?,http://www.juggling.org/orgs/ija/champs.txt,,,367,80
05/12/1991,1991,3b Marathon,California International Marathon,Bill Coad,M,USA,4:43:38.00,?,https://www.justyouraveragejoggler.com/bill-coad-entertainer-business-owner-and-joggler/  https://marathonview.net/search?query=william%20coad,,,17018,0
20/07/1991,1991,3b 4x400m,"IJA, St. Louis","Anthony Gatto, Barry Goldmeier, John Kilgust, Jim Steffens",M,0,0:04:38.81,?,http://www.juggling.org/orgs/ija/champs.txt,,,278,157
20/07/1991,1991,3b 4x400m,"IJA, St. Louis","Barlow, Fountain, Mike Hout, Ignasiask",M,0,0:05:58.00,?,http://www.juggling.org/orgs/ija/champs.txt,,,358,0
20/07/1991,1991,3b 100m,"IJA, St. Louis",Barry Goldmeier,M,USA,0:00:14.16,?,http://www.juggling.org/orgs/ija/champs.txt,,,14,221
20/07/1991,1991,3b 400m,"IJA, St. Louis",Barry Goldmeier,M,USA,0:01:04.88,?,http://www.juggling.org/orgs/ija/champs.txt,,,64,229
20/07/1991,1991,3b 1600m,"IJA, St. Louis",Ben Schoenberg,M,0,0:05:54.00,?,http://www.juggling.org/orgs/ija/champs.txt,,,354,0
20/07/1991,1991,3b 100m,"IJA, St. Louis",Bill Giduz,M,USA,0:00:15.74,?,http://www.juggling.org/orgs/ija/champs.txt,,,15,98
20/07/1991,1991,3b 400m,"IJA, St. Louis",Bill Giduz,M,USA,0:01:09.13,?,http://www.juggling.org/orgs/ija/champs.txt,,,69,102
20/07/1991,1991,3b 5km,"IJA, St. Louis",Billy Gillen,M,USA,0:21:49.40,?,http://www.juggling.org/orgs/ija/champs.txt,,,1309,47
20/07/1991,1991,3b 100m,"IJA, St. Louis",Daniel Hout,M,0,0:00:28.70,?,http://www.juggling.org/orgs/ija/champs.txt,,,28,0
20/07/1991,1991,3b 4x400m,"IJA, St. Louis","Driggers, Bill Giduz, Billy Gillen, Gary Vice",M,0,0:04:41.86,?,http://www.juggling.org/orgs/ija/champs.txt,,,281,141
20/07/1991,1991,3b 4x400m,"IJA, St. Louis","Fleming, Mike Thomason, Joe Welling, Wolcott",M,0,0:04:57.45,?,http://www.juggling.org/orgs/ija/champs.txt,,,297,68
20/07/1991,1991,3b 100m,"IJA, St. Louis",Jane Hussey,F,0,0:00:22.77,?,http://www.juggling.org/orgs/ija/champs.txt,,,22,0
20/07/1991,1991,3b 100m,"IJA, St. Louis",Jim Steffens,M,0,0:00:14.56,?,http://www.juggling.org/orgs/ija/champs.txt,,,14,221
20/07/1991,1991,3b 400m,"IJA, St. Louis",Jim Steffens,M,0,0:01:10.90,?,http://www.juggling.org/orgs/ija/champs.txt,,,70,82
20/07/1991,1991,3b 100m,"IJA, St. Louis",Joanne Swaim,F,0,0:00:24.50,?,http://www.juggling.org/orgs/ija/champs.txt,,,24,0
20/07/1991,1991,3b 400m,"IJA, St. Louis",Joanne Swaim,F,0,0:01:59.35,?,http://www.juggling.org/orgs/ija/champs.txt,,,119,0
20/07/1991,1991,3b 5km,"IJA, St. Louis",Joe Lyons,M,0,0:22:09.20,?,http://www.juggling.org/orgs/ija/champs.txt,,,1329,34
20/07/1991,1991,3b 5km,"IJA, St. Louis",John Kilgust,M,0,0:20:41.80,?,http://www.juggling.org/orgs/ija/champs.txt,,,1241,110
20/07/1991,1991,3b 100m,"IJA, St. Louis",Karen Phariss,F,0,0:00:25.42,?,http://www.juggling.org/orgs/ija/champs.txt,,,25,0
20/07/1991,1991,3b 1600m,"IJA, St. Louis",Kathy Glynn,F,USA,0:07:00.50,?,http://www.juggling.org/orgs/ija/champs.txt,,,420,0
20/07/1991,1991,3b 5km,"IJA, St. Louis",Kay Caskey,F,0,0:30:13.40,?,http://www.juggling.org/orgs/ija/champs.txt,,,1813,66
20/07/1991,1991,3b 4x400m,"IJA, St. Louis","Kay Caskey, Kathy Glynn, Laura Green, Laurie Young",F,0,0:07:30.27,?,http://www.juggling.org/orgs/ija/champs.txt,,,450,14
20/07/1991,1991,3b 100m,"IJA, St. Louis",Laura Green,F,0,0:00:17.54,?,http://www.juggling.org/orgs/ija/champs.txt,,,17,248
20/07/1991,1991,3b 400m,"IJA, St. Louis",Laura Green,F,0,0:01:51.88,?,http://www.juggling.org/orgs/ija/champs.txt,,,111,0
20/07/1991,1991,3b 100m,"IJA, St. Louis",Laurie Young,F,0,0:00:25.42,?,http://www.juggling.org/orgs/ija/champs.txt,,,25,0
20/07/1991,1991,3b 400m,"IJA, St. Louis",Laurie Young,F,0,0:01:57.85,?,http://www.juggling.org/orgs/ija/champs.txt,,,117,0
20/07/1991,1991,3b 1600m,"IJA, St. Louis",Laurie Young,F,0,0:09:10.00,?,http://www.juggling.org/orgs/ija/champs.txt,,,550,0
20/07/1991,1991,3b 100m,"IJA, St. Louis",Mike Hout,M,USA,0:00:13.75,?,http://www.juggling.org/orgs/ija/champs.txt,,,13,394
20/07/1991,1991,3b 400m,"IJA, St. Louis",Mike Hout,M,USA,0:01:08.45,?,http://www.juggling.org/orgs/ija/champs.txt,,,68,123
20/07/1991,1991,3b 1600m,"IJA, St. Louis",Robin Chestnut,M,0,0:06:00.00,?,http://www.juggling.org/orgs/ija/champs.txt,,,360,0
20/07/1991,1991,3b 100m,"IJA, St. Louis",Sandy Amass,F,0,0:00:20.16,?,http://www.juggling.org/orgs/ija/champs.txt,,,20,39
20/07/1991,1991,3b 400m,"IJA, St. Louis",Sandy Amass,F,0,0:02:07.02,?,http://www.juggling.org/orgs/ija/champs.txt,,,127,0
20/07/1991,1991,3b 1600m,"IJA, St. Louis",Steve Otteson,M,0,0:05:44.00,?,http://www.juggling.org/orgs/ija/champs.txt,,,344,0
20/07/1991,1991,3b 5km,"IJA, St. Louis",Steve Otteson,M,0,0:22:36.10,?,http://www.juggling.org/orgs/ija/champs.txt,,,1356,19
20/07/1991,1991,3b 1600m,"IJA, St. Louis",Troy Fitzgerald,M,0,0:05:05.80,?,http://www.juggling.org/orgs/ija/champs.txt,,,305,0
20/07/1991,1991,3b 4x400m,"IJA, St. Louis","Victoria Amick, Risa Davis, Karen Phariss, Joanne Swaim",F,0,0:10:04.20,?,http://www.juggling.org/orgs/ija/champs.txt,,,604,0
20/07/1991,1991,3b 400m,"IJA, St. Louis",Will Howard,M,USA,0:01:46.13,?,http://www.juggling.org/orgs/ija/champs.txt,,,106,0
21/07/1990,1990,3b 100m,"IJA, LA",Albert Lucas,M,USA,0:00:12.90,?,http://www.juggling.org/orgs/ija/champs.txt,,,12,615
21/07/1990,1990,3b 400m,"IJA, LA",Albert Lucas,M,USA,0:01:04.50,?,http://www.juggling.org/orgs/ija/champs.txt,,,64,229
21/07/1990,1990,3b 4x400m,"IJA, LA","Albert Lucas, Owen Morse, Jon Wee, Tuey Wilson",M,0,0:03:57.40,?,http://www.juggling.org/orgs/ija/champs.txt,,,237,472
21/07/1990,1990,3b 100m,"IJA, LA",Barry Goldmeier,M,USA,0:00:14.30,?,http://www.juggling.org/orgs/ija/champs.txt,,,14,221
21/07/1990,1990,3b 400m,"IJA, LA",Barry Goldmeier,M,USA,0:01:06.80,?,http://www.juggling.org/orgs/ija/champs.txt,,,66,172
21/07/1990,1990,3b 100m,"IJA, LA",Christa Rypins,F,USA,0:00:19.20,?,http://www.juggling.org/orgs/ija/champs.txt,,,19,89
21/07/1990,1990,3b 400m,"IJA, LA",Christa Rypins,F,USA,0:01:16.00,?,http://www.juggling.org/orgs/ija/champs.txt,,,76,387
21/07/1990,1990,3b Mile,"IJA, LA",Christa Rypins,F,USA,0:06:43.40,?,http://www.juggling.org/orgs/ija/champs.txt,,,403,364
21/07/1990,1990,3b 5km,"IJA, LA",John Kilgust,M,0,0:20:08.00,?,http://www.juggling.org/orgs/ija/champs.txt,,,1208,149
21/07/1990,1990,3b Mile,"IJA, LA",Kathy Glynn,F,USA,0:07:34.00,?,http://www.juggling.org/orgs/ija/champs.txt,,,454,184
21/07/1990,1990,3b Mile,"IJA, LA",Kay Caskey,F,0,0:08:44.60,?,http://www.juggling.org/orgs/ija/champs.txt,,,524,36
21/07/1990,1990,3b 4x400m,"IJA, LA","Lars Rohrback, Jim Steffens, Michael Taylor, Mike Thomason",M,0,0:04:44.30,?,http://www.juggling.org/orgs/ija/champs.txt,,,284,125
21/07/1990,1990,3b 5km,"IJA, LA",Laurie Young,F,0,0:29:15.00,?,http://www.juggling.org/orgs/ija/champs.txt,,,1755,96
21/07/1990,1990,3b Mile,"IJA, LA",Mark Branner,M,0,0:05:38.20,?,http://www.juggling.org/orgs/ija/champs.txt,,,338,208
21/07/1990,1990,3b Mile,"IJA, LA",Mike Hebebrand,M,USA,0:05:16.00,?,http://www.juggling.org/orgs/ija/champs.txt,,,316,344
21/07/1990,1990,3b 5km,"IJA, LA",Mike Hebebrand,M,USA,0:17:37.00,?,http://www.juggling.org/orgs/ija/champs.txt,,,1057,407
21/07/1990,1990,3b 100m,"IJA, LA",Owen Morse,M,USA,0:00:12.10,?,http://www.juggling.org/orgs/ija/champs.txt,,,12,615
21/07/1990,1990,3b 400m,"IJA, LA",Owen Morse,M,USA,0:00:57.40,?,http://www.juggling.org/orgs/ija/champs.txt,,,57,494
21/07/1990,1990,3b 5km,"IJA, LA",Robert Slick,M,0,0:17:55.00,?,http://www.juggling.org/orgs/ija/champs.txt,,,1075,370
21/07/1990,1990,3b 100m,"IJA, LA",Sandy Brown,F,0,0:00:17.20,?,http://www.juggling.org/orgs/ija/champs.txt,,,17,248
21/07/1990,1990,3b 4x400m,"IJA, LA","Sandy Brown, Kay Caskey, Kathy Glynn, Laurie Young",F,0,0:06:54.10,?,http://www.juggling.org/orgs/ija/champs.txt,,,414,68
21/07/1990,1990,3b 4x400m,"IJA, LA","Scott Anthony, Bill Giduz, Barry Goldmeier, John Kilgust",M,0,0:04:51.90,?,http://www.juggling.org/orgs/ija/champs.txt,,,291,92
22/07/1989,1989,3b 4x400m,"IJA, Baltimore","Albert Lucas, Owen Morse, Jon Wee, Tuey Wilson",M,0,0:04:01.50,?,http://www.juggling.org/orgs/ija/champs.txt,,,241,434
22/07/1989,1989,3b Mile,"IJA, Baltimore",Bill Giduz,M,USA,0:05:47.80,?,http://www.juggling.org/orgs/ija/champs.txt,,,347,162
22/07/1989,1989,3b 100m,"IJA, Baltimore",Jeff Mason,M,USA,0:00:13.20,?,http://www.juggling.org/orgs/ija/champs.txt,,,13,394
22/07/1989,1989,3b 100m,"IJA, Baltimore",Joanne Dintzis,F,0,0:00:21.90,?,http://www.juggling.org/orgs/ija/champs.txt,,,21,9
22/07/1989,1989,3b 5km,"IJA, Baltimore",John Kilgust,M,0,0:19:06.70,?,http://www.juggling.org/orgs/ija/champs.txt,,,1146,240
22/07/1989,1989,3b Mile,"IJA, Baltimore",Kathy Glynn,F,USA,0:06:17.00,?,http://www.juggling.org/orgs/ija/champs.txt,,,377,480
22/07/1989,1989,3b 5km,"IJA, Baltimore",Kay Caskey,F,0,0:27:57.70,?,http://www.juggling.org/orgs/ija/champs.txt,,,1677,144
22/07/1989,1989,3b 100m,"IJA, Baltimore",KC Canter,F,0,0:00:19.70,?,http://www.juggling.org/orgs/ija/champs.txt,,,19,89
22/07/1989,1989,3b 100m,"IJA, Baltimore",Laura Green,F,0,0:00:18.30,?,http://www.juggling.org/orgs/ija/champs.txt,,,18,158
22/07/1989,1989,3b 4x400m,"IJA, Baltimore","Marlin Ballard, Tom Sparough, Barry Goldmeier, Mike Narotsk",M,0,0:05:11.10,?,http://www.juggling.org/orgs/ija/champs.txt,,,311,26
22/07/1989,1989,3b Mile,"IJA, Baltimore",Mike Thomasen,M,0,0:05:51.00,?,http://www.juggling.org/orgs/ija/champs.txt,,,351,143
22/07/1989,1989,3b 5km,"IJA, Baltimore",Paul Ballard,M,0,0:20:50.00,?,http://www.juggling.org/orgs/ija/champs.txt,,,1250,100
22/07/1989,1989,3b Mile,"IJA, Baltimore",Steve Otteson,M,0,0:05:41.00,?,http://www.juggling.org/orgs/ija/champs.txt,,,341,192
22/07/1989,1989,3b 5km,"IJA, Baltimore",Steve Otteson,M,0,0:20:33.00,?,http://www.juggling.org/orgs/ija/champs.txt,,,1233,119
22/07/1989,1989,3b 4x400m,"IJA, Baltimore","Steve Otteson, Jim Steffens, Lars Rohrbach, John Kilgust",M,0,0:04:41.30,?,http://www.juggling.org/orgs/ija/champs.txt,,,281,141
22/07/1989,1989,3b 100m,"IJA, Baltimore",Tom Sparough,M,0,0:00:13.90,?,http://www.juggling.org/orgs/ija/champs.txt,,,13,394
22/07/1989,1989,3b 100m,"IJA, Baltimore",Tuey Wilson,M,USA,0:00:13.30,?,http://www.juggling.org/orgs/ija/champs.txt,,,13,394
05/03/1989,1989,3b Marathon,Los Angeles Marathon,Mike Hebebrand,M,USA,3:32:00.00,10,https://www.latimes.com/archives/la-xpm-1989-04-24-me-1750-story.html,,,12720,158
12/02/1989,1989,3b 50 Miles,New York Time Trial,Ashrita Furman,M,USA,8:52:07.00,?,Former Guinness WR https://www.recordholders.org/en/list/joggling.html,,,31927,0
06/11/1988,1988,5b Marathon,New York City Marathon,Billy Gillen,M,USA,7:07:16.00,?,"https://results.nyrr.org/event/881106/finishers/1329691#search=William%2520Gillen     https://www.dev.juggle.org/history/archives/jugmags/41-3/41-3,p6.htm",,,25636,0
16/07/1988,1988,3b 100m,"IJA, Denver",Albert Lucas,M,USA,0:00:12.00,?,http://www.juggling.org/orgs/ija/champs.txt,,,12,615
16/07/1988,1988,3b Mile,"IJA, Denver",Albert Lucas,M,USA,0:05:35.80,?,http://www.juggling.org/orgs/ija/champs.txt,,,335,224
16/07/1988,1988,3b 5km,"IJA, Denver",Albert Lucas,M,USA,0:20:39.00,?,http://www.juggling.org/orgs/ija/champs.txt,,,1239,112
16/07/1988,1988,3b 4x400m,"IJA, Denver","Albert Lucas, Owen Morse, Jon Wee, Tuey Wilson",M,0,0:04:05.40,?,http://www.juggling.org/orgs/ija/champs.txt,,,245,398
16/07/1988,1988,3b 5km,"IJA, Denver",Eric Promislow,M,0,0:23:21.00,?,http://www.juggling.org/orgs/ija/champs.txt,,,1401,4
16/07/1988,1988,3b 100m,"IJA, Denver",Joanne Dintzis,F,0,0:00:25.10,?,http://www.juggling.org/orgs/ija/champs.txt,,,25,0
16/07/1988,1988,3b Mile,"IJA, Denver",John Ellwanger,M,USA,0:05:51.00,?,http://www.juggling.org/orgs/ija/champs.txt,,,351,143
16/07/1988,1988,3b 5km,"IJA, Denver",John Kilgust,M,0,0:19:34.30,?,http://www.juggling.org/orgs/ija/champs.txt,,,1174,196
16/07/1988,1988,3b Mile,"IJA, Denver",Kay Caskey,F,0,0:10:40.00,?,http://www.juggling.org/orgs/ija/champs.txt,,,640,0
16/07/1988,1988,3b 5km,"IJA, Denver",Laurie Young,F,0,0:30:22.00,?,http://www.juggling.org/orgs/ija/champs.txt,,,1822,62
16/07/1988,1988,3b 100m,"IJA, Denver",Owen Morse,M,USA,0:00:11.90,?,http://www.juggling.org/orgs/ija/champs.txt,,,11,886
16/07/1988,1988,3b 100m,"IJA, Denver",Sandy Brown,F,0,0:00:18.80,?,http://www.juggling.org/orgs/ija/champs.txt,,,18,158
16/07/1988,1988,3b Mile,"IJA, Denver",Sarah Breckenridge,F,0,0:10:03.00,?,http://www.juggling.org/orgs/ija/champs.txt,,,603,0
16/07/1988,1988,3b 4x400m,"IJA, Denver","Sarah Breckenridge, Kay Caskey, Joanne Dintzis, Tina Fraser",F,0,0:07:57.40,?,http://www.juggling.org/orgs/ija/champs.txt,,,477,0
16/07/1988,1988,3b Mile,"IJA, Denver",Steve Wilson,M,0,0:05:39.00,?,http://www.juggling.org/orgs/ija/champs.txt,,,339,202
16/07/1988,1988,3b 100m,"IJA, Denver",Tina Fraser,F,0,0:00:22.40,?,http://www.juggling.org/orgs/ija/champs.txt,,,22,0
16/07/1988,1988,3b Mile,"IJA, Denver",Tina Fraser,F,0,0:09:40.00,?,http://www.juggling.org/orgs/ija/champs.txt,,,580,0
16/07/1988,1988,3b 100m,"IJA, Denver",Tom Sparough,M,0,0:00:14.00,?,http://www.juggling.org/orgs/ija/champs.txt,,,14,221
04/07/1988,1988,3b Marathon,Salmon River Idaho,Ashrita Furman,M,USA,3:22:32.00,?,,,,12152,227
01/11/1987,1987,3b Marathon,New York Marathon,Albert Lucas,M,USA,3:58:43.00,?,His second joggling marathon. http://www.juggling.org/jw/87/4/notes.html,,,14323,31
18/07/1987,1987,3b Mile,"IJA, Akron",Billy Gillen,M,USA,0:05:28.55,?,http://www.juggling.org/orgs/ija/champs.txt,,,328,265
18/07/1987,1987,3b 5km,"IJA, Akron",Billy Gillen,M,USA,0:19:52.40,?,http://www.juggling.org/orgs/ija/champs.txt,,,1192,170
18/07/1987,1987,3b Mile,"IJA, Akron",Clarke McFarlane,M,0,0:05:34.28,?,http://www.juggling.org/orgs/ija/champs.txt,,,334,230
18/07/1987,1987,3b 5km,"IJA, Akron",Clarke McFarlane,M,0,0:20:06.91,?,http://www.juggling.org/orgs/ija/champs.txt,,,1206,152
18/07/1987,1987,3b 100m,"IJA, Akron",Owen Morse,M,USA,0:00:12.12,?,http://www.juggling.org/orgs/ija/champs.txt,,,12,615
18/07/1987,1987,3b 100m,"IJA, Akron",Todd McLeish,M,0,0:00:14.89,?,http://www.juggling.org/orgs/ija/champs.txt,,,14,221
18/07/1987,1987,3b Mile,"IJA, Akron",Todd McLeish,M,0,0:05:26.74,?,http://www.juggling.org/orgs/ija/champs.txt,,,326,278
18/07/1987,1987,3b 100m,"IJA, Akron",Tom Sparough,M,0,0:00:14.61,?,http://www.juggling.org/orgs/ija/champs.txt,,,14,221
08/05/1987,1987,3b 50 Miles,"Amos Alonzo Stagg 50 Mile Hike, Utah",Helaman Pratt Ferguson,M,USA,16:12:24.00,?,https://www.recordholders.org/en/list/joggling.html,,,58344,0
01/03/1987,1987,3b Marathon,Los Angeles Marathon,Albert Lucas,M,USA,4:04:35.00,0,Albert's first joggling marathon. https://www.instagram.com/p/B9awUjCHeG-/ Also documented in Jugglers World Spring 1987 Newsletter,,,14675,16
26/07/1986,1986,3b 100m,"IJA, San Jose",Bill Giduz,M,USA,0:00:16.10,?,http://www.juggling.org/orgs/ija/champs.txt,,,16,24
26/07/1986,1986,3b 100m,"IJA, San Jose",Jerome Ellis,M,USA,0:00:13.00,?,http://www.juggling.org/orgs/ija/champs.txt,,,13,394
26/07/1986,1986,3b Mile,"IJA, San Jose",Kirk Swenson,M,USA,0:04:43.80,1,http://www.juggling.org/orgs/ija/champs.txt http://www.juggling.org/jw/86/3/joggling.html,,,283,611
26/07/1986,1986,3b 5km,"IJA, San Jose",Kirk Swenson,M,USA,0:16:55.80,1,"http://www.juggling.org/orgs/ija/champs.txt  http://www.juggling.org/jw/86/3/joggling.html I reached out to Kirk on Linkedin. He thinks he ran 16:55.8, and the 16:58.8 is a typo.",,,1015,501
26/07/1986,1986,3b Mile,"IJA, San Jose",Marty Gardella,M,0,0:05:44.00,?,http://www.juggling.org/orgs/ija/champs.txt,,,344,176
26/07/1986,1986,3b Mile,"IJA, San Jose",Mickey Campaniello,M,0,0:05:48.00,?,http://www.juggling.org/orgs/ija/champs.txt,,,348,157
26/07/1986,1986,3b 5km,"IJA, San Jose",Mickey Campaniello,M,0,0:19:20.80,?,http://www.juggling.org/orgs/ija/champs.txt,,,1160,217
26/07/1986,1986,3b 100m,"IJA, San Jose",Owen Morse,M,USA,0:00:12.03,?,http://www.juggling.org/orgs/ija/champs.txt,,,12,615
26/07/1986,1986,3b 5km,"IJA, San Jose",Owen Morse,M,USA,0:20:27.40,?,http://www.juggling.org/orgs/ija/champs.txt,,,1227,126
20/07/1985,1985,3b Mile,"IJA, Atlanta",Andrew Head,M,0,0:05:47.00,?,http://www.juggling.org/orgs/ija/champs.txt,,,347,162
20/07/1985,1985,3b Mile,"IJA, Atlanta",Banks Helfrich,M,0,0:05:06.00,?,http://www.juggling.org/orgs/ija/champs.txt,,,306,417
20/07/1985,1985,3b 100m,"IJA, Atlanta",Bill Giduz,M,USA,0:00:15.05,?,http://www.juggling.org/orgs/ija/champs.txt,,,15,98
20/07/1985,1985,3b Mile,"IJA, Atlanta",Kirk Swenson,M,USA,0:04:47.51,?,http://www.juggling.org/orgs/ija/champs.txt,,,287,575
20/07/1985,1985,3b 100m,"IJA, Atlanta",Lars Rohrback,M,0,0:00:17.53,?,http://www.juggling.org/orgs/ija/champs.txt,,,17,0
20/07/1985,1985,3b 100m,"IJA, Atlanta",Mike Draney,M,0,0:00:20.00,?,http://www.juggling.org/orgs/ija/champs.txt,,,20,0
21/07/1984,1984,3b 100m,"IJA, Las Vegas",Albert Lucas,M,USA,0:00:12.67,?,http://www.juggling.org/orgs/ija/champs.txt,,,12,615
21/07/1984,1984,3b Mile,"IJA, Las Vegas",Jim Piaskowy,M,0,0:05:06.95,?,http://www.juggling.org/orgs/ija/champs.txt,,,306,417
21/07/1984,1984,3b 100m,"IJA, Las Vegas",John Ellwanger,M,USA,0:00:13.84,?,http://www.juggling.org/orgs/ija/champs.txt,,,13,394
21/07/1984,1984,3b Mile,"IJA, Las Vegas",John Ellwanger,M,USA,0:05:23.00,?,http://www.juggling.org/orgs/ija/champs.txt,,,323,297
21/07/1984,1984,3b 100m,"IJA, Las Vegas",Ken Rabe,M,0,0:00:15.86,?,http://www.juggling.org/orgs/ija/champs.txt,,,15,98
21/07/1984,1984,3b Mile,"IJA, Las Vegas",Kirk Swenson,M,USA,0:04:56.01,?,http://www.juggling.org/orgs/ija/champs.txt,,,296,497
23/07/1983,1983,3b Mile,"IJA, Purchase, NY",Andrew Head,M,0,0:05:29.00,?,http://www.juggling.org/orgs/ija/champs.txt,,,329,259
23/07/1983,1983,3b 5km,"IJA, Purchase, NY",Billy Gillen,M,USA,0:20:07.00,?,http://www.juggling.org/orgs/ija/champs.txt,,,1207,150
23/07/1983,1983,3b 100m,"IJA, Purchase, NY",Matt Cantrell,M,0,0:00:15.63,?,http://www.juggling.org/orgs/ija/champs.txt,,,15,98
23/07/1983,1983,3b 100m,"IJA, Purchase, NY",Michel Lauziere,M,CAN,0:00:14.63,?,http://www.juggling.org/orgs/ija/champs.txt,,,14,221
23/07/1983,1983,3b Mile,"IJA, Purchase, NY",Michel Lauziere,M,CAN,0:05:25.00,?,http://www.juggling.org/orgs/ija/champs.txt,,,325,284
23/07/1983,1983,3b 5km,"IJA, Purchase, NY",Michel Lauziere,M,CAN,0:20:09.00,?,http://www.juggling.org/orgs/ija/champs.txt,,,1209,148
23/07/1983,1983,3b Mile,"IJA, Purchase, NY",Paul Bernardo,M,0,0:05:38.00,?,http://www.juggling.org/orgs/ija/champs.txt,,,338,208
23/07/1983,1983,3b 5km,"IJA, Purchase, NY",Shidan Habib,M,0,0:19:35.00,?,http://www.juggling.org/orgs/ija/champs.txt,,,1175,195
23/07/1983,1983,3b 100m,"IJA, Purchase, NY",Yvon Tourigny,M,0,0:00:14.83,?,http://www.juggling.org/orgs/ija/champs.txt,,,14,221
17/07/1982,1982,3b Mile,"IJA, Santa Barbara",Bill Giduz,M,USA,0:05:36.00,?,http://www.juggling.org/orgs/ija/champs.txt,,,336,219
17/07/1982,1982,3b 5km,"IJA, Santa Barbara",David Marcias,M,0,0:19:51.00,?,http://www.juggling.org/orgs/ija/champs.txt,,,1191,172
17/07/1982,1982,3b 100y,"IJA, Santa Barbara",Edward Sax,M,0,0:00:14.81,?,http://www.juggling.org/orgs/ija/champs.txt,,,14,0
17/07/1982,1982,3b 100y,"IJA, Santa Barbara",Ken Rabe,M,0,0:00:15.12,?,http://www.juggling.org/orgs/ija/champs.txt,,,15,0
17/07/1982,1982,3b 5km,"IJA, Santa Barbara",Marty Gardella,M,0,0:18:47.95,?,http://www.juggling.org/orgs/ija/champs.txt,,,1127,272
17/07/1982,1982,3b 100y,"IJA, Santa Barbara",Matt Cantrell,M,0,0:00:17.80,?,http://www.juggling.org/orgs/ija/champs.txt,,,17,0
17/07/1982,1982,3b Mile,"IJA, Santa Barbara",Paul Williams,M,0,0:05:29.00,?,http://www.juggling.org/orgs/ija/champs.txt,,,329,259
17/07/1982,1982,3b Mile,"IJA, Santa Barbara",Sean McLoughlin,M,0,0:05:15.94,?,http://www.juggling.org/orgs/ija/champs.txt,,,315,351
17/07/1982,1982,3b 5km,"IJA, Santa Barbara",Sean McLoughlin,M,0,0:19:00.00,?,http://www.juggling.org/orgs/ija/champs.txt,,,1140,250
30/05/1982,1982,3b Marathon,Montreal International Marathon,Michel Lauziere,M,CAN,3:57:00.00,?,Email exchange,,,14220,36
12/09/1981,1981,3b Marathon,Montreal International Marathon,Michel Lauziere,M,CAN,4:05:00.00,1,"The very first marathon joggled http://www.dev.juggle.org/history/archives/jugmags/33-5/33-5,p28.htm  https://michellauziere.com/en/biography?fbclid=IwAR2anhLNF-oEFjURGW7YdlZSqmlNxilYRQdh3MeirIdGkLK9dzQRfV8nOwM",,,14700,15
18/07/1981,1981,3b 100m,"IJA, Cleveland, Ohio",Bill Giduz,M,USA,0:00:14.85,?,https://dev.juggle.org/history/champs/champs1981.php,,,14,221
18/07/1981,1981,3b 1500m,"IJA, Cleveland, Ohio",Bill Giduz,M,USA,0:05:26.00,?,https://dev.juggle.org/history/champs/champs1981.php,,,326,141
18/07/1981,1981,3b 5km,"IJA, Cleveland, Ohio",Dan Berg,M,0,0:21:34.00,?,https://dev.juggle.org/history/champs/champs1981.php,,,1294,59
18/07/1981,1981,3b 1500m,"IJA, Cleveland, Ohio",Gerry Berg,M,0,0:05:36.00,?,https://dev.juggle.org/history/champs/champs1981.php,,,336,97
18/07/1981,1981,3b 5km,"IJA, Cleveland, Ohio",Larry Kluger,M,0,0:21:09.00,?,https://dev.juggle.org/history/champs/champs1981.php,,,1269,81
18/07/1981,1981,3b 100m,"IJA, Cleveland, Ohio",Michel Lauziere,M,CAN,0:00:15.15,?,https://dev.juggle.org/history/champs/champs1981.php,,,15,98
18/07/1981,1981,3b 1500m,"IJA, Cleveland, Ohio",Michel Lauziere,M,CAN,0:05:03.00,?,"Email exchange inc photo of newpaper article, http://www.juggling.org/orgs/ija/champs.txt",,,303,273
18/07/1981,1981,3b 100m,"IJA, Cleveland, Ohio",Paul Williams,M,0,0:00:14.50,?,https://dev.juggle.org/history/champs/champs1981.php,,,14,221
18/07/1981,1981,3b 5km,"IJA, Cleveland, Ohio",Paul Williams,M,0,0:20:11.00,?,https://dev.juggle.org/history/champs/champs1981.php,,,1211,145
2025,2025,3b 800m,"IJA, Virtual",Andrew Widmann,M,0,0:03:06.37,?,IJA Database,,,186,0
2025,2025,3b 200m,"IJA, Virtual",Andrew Widmann,M,0,0:00:34.07,?,IJA Database,,,34,11
2025,2025,3b 100m,"IJA, Virtual",Chris Fowler,M,USA,0:00:19.00,?,IJA Database,,,19,0
2025,2025,3b 100m,"IJA, Virtual",Chris Fowler,M,USA,0:00:17.92,?,IJA Database,,,17,0
2025,2025,3b Half Marathon,"IJA, Virtual",Christoph Mitasch,M,AUT,1:44:07.80,?,IJA Database,,,6247,60
2025,2025,3b 1500m,"IJA, Virtual",Christoph Mitasch,M,AUT,0:05:39.20,?,IJA Database,,,339,86
2025,2025,3b Half Marathon,"IJA, Virtual",Craig Muhlenkamp,M,USA,2:00:12.00,?,IJA Database,,,7212,0
2025,2025,3b 1500m,"IJA, Virtual",Craig Muhlenkamp,M,USA,0:06:13.50,?,IJA Database,,,373,5
2025,2025,3b 800m,"IJA, Virtual",Craig Muhlenkamp,M,USA,0:02:58.70,?,IJA Database,,,178,3
2025,2025,3b 200m,"IJA, Virtual",Craig Muhlenkamp,M,USA,0:00:37.45,?,IJA Database,,,37,0
2025,2025,3b 60m,"IJA, Virtual",Craig Muhlenkamp,M,USA,0:00:09.33,?,IJA Database,,,9,0
2025,2025,3b Half Marathon,"IJA, Virtual",Daniel Raum,M,AUT,1:36:00.60,?,IJA Database,,,5760,161
2025,2025,3b 1500m,"IJA, Virtual",Daniel Raum,M,AUT,0:05:35.00,?,IJA Database,,,335,101
2025,2025,3b 800m,"IJA, Virtual",Daniel Raum,M,AUT,0:02:45.33,?,IJA Database,,,165,57
2025,2025,3b 200m,"IJA, Virtual",Daniel Raum,M,AUT,0:00:35.03,?,IJA Database,,,35,1
2025,2025,3b 800m,"IJA, Virtual",Daniel Raum,M,AUT,0:04:33.53,?,IJA Database,,,273,0
2025,2025,3b 200m,"IJA, Virtual",Daniel Raum,M,AUT,0:00:56.76,?,IJA Database,,,56,0
2025,2025,3b 60m,"IJA, Virtual",Daniel Raum,M,AUT,0:00:16.23,?,IJA Database,,,16,0
2025,2025,3b Half Marathon,"IJA, Virtual",Samuel Dean,M,USA,1:20:42.00,?,IJA Database,,,4842,483
2025,2025,3b 1500m,"IJA, Virtual",Samuel Dean,M,USA,0:04:46.00,?,IJA Database,,,286,398
2025,2025,3b 800m,"IJA, Virtual",Samuel Dean,M,USA,0:02:18.20,?,IJA Database,,,138,383
2025,2025,3b Half Marathon,"IJA, Virtual",Sterling Franklin,M,USA,1:50:06.14,?,IJA Database,,,6606,17
2025,2025,4b 200m,"IJA, Virtual",Sterling Franklin,M,USA,0:00:33.80,?,IJA Database,,,33,31
2025,2025,3b 60m,"IJA, Virtual",Sterling Franklin,M,USA,0:00:08.68,?,IJA Database,,,8,0
2025,2025,4b 60m,"IJA, Virtual",Sterling Franklin,M,USA,0:00:09.64,?,IJA Database,,,9,0
2025,2025,5b 60m,"IJA, Virtual",Sterling Franklin,M,USA,0:00:25.78,?,IJA Database,,,25,0
2025,2025,6b 60m,"IJA, Virtual",Sterling Franklin,M,USA,0:00:57.46,?,IJA Database,,,57,0
2025,2025,3b 800m,"IJA, Virtual",Thijs Niesten,M,0,0:04:06.17,?,IJA Database,,,246,0
2025,2025,3b 200m,"IJA, Virtual",Thijs Niesten,M,0,0:00:48.33,?,IJA Database,,,48,0
2024,2024,3b 5km,"IJA, Virtual",Christoph Mitasch,M,AUT,0:20:45.60,?,IJA Database,,,1245,105
2024,2024,3b 100m,"IJA, Virtual",Daniel Raum,M,AUT,0:00:16.84,?,IJA Database,,,16,24
2024,2024,3b 100m,"IJA, Virtual",Daniel Raum,M,AUT,0:00:26.44,?,IJA Database,,,26,0
2024,2024,3b 400m,"IJA, Virtual",Daniel Raum,M,AUT,0:01:15.12,?,IJA Database,,,75,16
2024,2024,3b 400m,"IJA, Virtual",Daniel Raum,M,AUT,0:02:01.64,?,IJA Database,,,121,0
2024,2024,3b Mile,"IJA, Virtual",Daniel Raum,M,AUT,0:05:51.70,?,IJA Database,,,351,143
2024,2024,3b 5km,"IJA, Virtual",Daniel Raum,M,AUT,0:20:55.50,?,IJA Database,,,1255,95
2024,2024,3b 10km,"IJA, Virtual",Daniel Raum,M,AUT,0:42:29.00,?,IJA Database,,,2549,190
2024,2024,3b 100m,"IJA, Virtual",Kaylyn Schull,F,0,0:00:23.77,?,IJA Database,,,23,0
2024,2024,4b 100m,"IJA, Virtual",Kaylyn Schull,F,0,0:01:48.57,?,IJA Database,,,108,0
2024,2024,3b 400m,"IJA, Virtual",Kaylyn Schull,F,0,0:01:54.34,?,IJA Database,,,114,0
2024,2024,3b Mile,"IJA, Virtual",Kaylyn Schull,F,0,0:09:35.00,?,IJA Database,,,575,0
2024,2024,3b 100m,"IJA, Virtual",Samuel Dean,M,USA,0:00:15.90,?,IJA Database,,,15,98
2024,2024,3b 400m,"IJA, Virtual",Samuel Dean,M,USA,0:01:10.10,?,IJA Database,,,70,82
2024,2024,3b Mile,"IJA, Virtual",Samuel Dean,M,USA,0:05:02.31,?,IJA Database,,,302,448
2024,2024,3b 100m,"IJA, Virtual",Sterling Franklin,M,USA,0:00:13.90,?,IJA Database,,,13,394
2024,2024,4b 100m,"IJA, Virtual",Sterling Franklin,M,USA,0:00:14.84,?,IJA Database,,,14,221
2024,2024,4b 200m,"IJA, Virtual",Sterling Franklin,M,USA,0:00:32.70,?,IJA Database,,,32,62
2024,2024,3b 400m,"IJA, Virtual",Sterling Franklin,M,USA,0:01:03.90,?,IJA Database,,,63,261
2024,2024,4b 400m,"IJA, Virtual",Sterling Franklin,M,USA,0:01:23.56,?,IJA Database,,,83,0
2023,2023,3b 200m,"IJA, Virtual",Andy Widmann,M,0,0:00:36.17,?,IJA Database,,,36,0
2023,2023,3b 500m,"IJA, Virtual",Andy Widmann,M,0,0:01:53.50,?,IJA Database,,,113,0
2023,2023,3b 1600m,"IJA, Virtual",Andy Widmann,M,0,0:06:48.60,?,IJA Database,,,408,0
2023,2023,3b 200m,"IJA, Virtual",Brady Xue,M,USA,0:00:35.33,?,IJA Database,,,35,1
2023,2023,3b 500m,"IJA, Virtual",Brady Xue,M,USA,0:01:38.90,?,IJA Database,,,98,0
2023,2023,3b 1000m,"IJA, Virtual",Brady Xue,M,USA,0:03:46.70,?,IJA Database,,,226,21
2023,2023,3b 1600m,"IJA, Virtual",Brady Xue,M,USA,0:05:38.90,?,IJA Database,,,338,0
2023,2023,3b 5km,"IJA, Virtual",Brady Xue,M,USA,0:20:25.00,?,IJA Database,,,1225,128
2023,2023,3b 1600m,"IJA, Virtual",Caleb Williams,M,USA,0:04:35.30,?,IJA Database,,,275,0
2023,2023,7b 100m,"IJA, Virtual",Chris Fowler,M,USA,0:00:45.24,?,"IJA Database, https://www.instagram.com/reel/CyH9YZgsHzg/?igsh=cmV2aXR0ZzRjeDRo",,,45,0
2023,2023,3b 200m,"IJA, Virtual",Christoph Mitasch,M,AUT,0:00:36.73,?,IJA Database,,,36,0
2023,2023,3b 500m,"IJA, Virtual",Christoph Mitasch,M,AUT,0:01:44.40,?,IJA Database,,,104,0
2023,2023,3b 1000m,"IJA, Virtual",Christoph Mitasch,M,AUT,0:03:33.80,?,IJA Database,,,213,78
2023,2023,3b 1600m,"IJA, Virtual",Christoph Mitasch,M,AUT,0:06:13.20,?,IJA Database,,,373,0
2023,2023,3b 5km,"IJA, Virtual",Christoph Mitasch,M,AUT,0:21:06.80,?,IJA Database,,,1266,84
2023,2023,3b 200m,"IJA, Virtual",Daniel Raum,M,AUT,0:00:35.00,?,IJA Database,,,35,1
2023,2023,3b 500m,"IJA, Virtual",Daniel Raum,M,AUT,0:01:39.20,?,IJA Database,,,99,0
2023,2023,3b 1000m,"IJA, Virtual",Daniel Raum,M,AUT,0:03:31.50,?,IJA Database,,,211,90
2023,2023,3b 1600m,"IJA, Virtual",Daniel Raum,M,AUT,0:05:53.20,?,IJA Database,,,353,0
2023,2023,3b 5km,"IJA, Virtual",Daniel Raum,M,AUT,0:20:18.40,?,IJA Database,,,1218,136
2023,2023,3b 200m,"IJA, Virtual",JoAnn Ireland,F,USA,0:00:52.10,?,IJA Database,,,52,0
2023,2023,3b 500m,"IJA, Virtual",JoAnn Ireland,F,USA,0:03:05.60,?,IJA Database,,,185,0
2023,2023,3b 1000m,"IJA, Virtual",JoAnn Ireland,F,USA,0:07:23.10,?,IJA Database,,,443,0
2023,2023,3b 1600m,"IJA, Virtual",JoAnn Ireland,F,USA,0:12:59.10,?,IJA Database,,,779,0
2023,2023,3b 5km,"IJA, Virtual",JoAnn Ireland,F,USA,0:39:23.40,?,IJA Database,,,2363,0
2023,2023,3b 500m,"IJA, Virtual",Kaylyn Schull,F,0,0:02:29.40,?,IJA Database,,,149,0
2023,2023,3b 1000m,"IJA, Virtual",Kaylyn Schull,F,0,0:05:36.30,?,IJA Database,,,336,0
2023,2023,3b 1600m,"IJA, Virtual",Kaylyn Schull,F,0,0:09:11.80,?,IJA Database,,,551,0
2023,2023,3b 200m,"IJA, Virtual",Samuel Dean,M,USA,0:00:30.87,?,IJA Database,,,30,153
2023,2023,3b 500m,"IJA, Virtual",Samuel Dean,M,USA,0:01:23.60,?,IJA Database,,,83,0
2023,2023,3b 1000m,"IJA, Virtual",Samuel Dean,M,USA,0:02:59.30,?,IJA Database,,,179,399
2023,2023,3b 1600m,"IJA, Virtual",Samuel Dean,M,USA,0:04:58.40,?,IJA Database,,,298,0
2023,2023,3b 5km,"IJA, Virtual",Samuel Dean,M,USA,0:18:02.80,?,IJA Database,,,1082,356
2023,2023,3b 200m,"IJA, Virtual",Sterling Franklin,M,USA,0:00:29.44,?,IJA Database,,,29,214
2023,2023,4b 200m,"IJA, Virtual",Sterling Franklin,M,USA,0:00:33.94,?,IJA Database,,,33,31
2023,2023,3b 500m,"IJA, Virtual",Sterling Franklin,M,USA,0:01:25.80,?,IJA Database,,,85,0
2023,2023,5b 200m,"IJA, Virtual",Sterling Franklin,M,USA,0:01:39.40,?,IJA Database,,,99,0
2023,2023,3b 1000m,"IJA, Virtual",Sterling Franklin,M,USA,0:03:16.50,?,IJA Database,,,196,207
2023,2023,3b 1600m,"IJA, Virtual",Sterling Franklin,M,USA,0:05:31.50,?,IJA Database,,,331,0
2023,2023,3b 5km,"IJA, Virtual",Sterling Franklin,M,USA,0:21:57.00,?,IJA Database,,,1317,42
2022,2022,3b 800m,"IJA, Virtual",Brady Xue,M,USA,0:02:50.60,?,IJA Database,,,170,28
2022,2022,3b 10km,Time Trial,Chris Edwin,M,GBR,0:36:02.00,0,,,,2162,515
2022,2022,3b 100m,"IJA, Virtual",Chris Fowler,M,USA,0:00:29.26,?,IJA Database,,,29,0
2022,2022,7b 100m,"IJA, Virtual",Chris Fowler,M,USA,0:00:41.83,?,"IJA Database, https://www.youtube.com/watch?v=PZ8Vb38s-do, ",,,41,0
2022,2022,5b 100m,"IJA, Virtual",Chris Fowler,M,USA,0:00:53.60,?,IJA Database,,,53,0
2022,2022,3b 100m,"IJA, Virtual",Christoph Mitasch,M,AUT,0:00:17.47,?,IJA Database,,,17,0
2022,2022,4b 100m,"IJA, Virtual",Christoph Mitasch,M,AUT,0:00:20.00,?,IJA Database,,,20,0
2022,2022,5b 100m,"IJA, Virtual",Christoph Mitasch,M,AUT,0:00:34.23,?,IJA Database,,,34,0
2022,2022,5b 200m,"IJA, Virtual",Christoph Mitasch,M,AUT,0:01:16.80,?,IJA Database,,,76,0
2022,2022,3b 400m,"IJA, Virtual",Christoph Mitasch,M,AUT,0:01:17.40,?,IJA Database,,,77,4
2022,2022,4b 400m,"IJA, Virtual",Christoph Mitasch,M,AUT,0:01:33.00,?,IJA Database,,,93,0
2022,2022,3b 800m,"IJA, Virtual",Christoph Mitasch,M,AUT,0:02:42.00,?,IJA Database,,,162,79
2022,2022,3b 1600m,"IJA, Virtual",Christoph Mitasch,M,AUT,0:05:52.20,?,IJA Database,,,352,0
2022,2022,3b 100m,"IJA, Virtual",Daniel Raum,M,AUT,0:00:26.28,?,IJA Database,,,26,0
2022,2022,3b 200m,"IJA, Virtual",Daniel Raum,M,AUT,0:00:34.24,?,IJA Database,,,34,11
2022,2022,3b 400m,"IJA, Virtual",Daniel Raum,M,AUT,0:01:21.90,?,IJA Database,,,81,0
2022,2022,3b 600m,"IJA, Virtual",Daniel Raum,M,AUT,0:01:55.30,?,IJA Database,,,115,93
2022,2022,3b 800m,"IJA, Virtual",Daniel Raum,M,AUT,0:02:39.20,?,IJA Database,,,159,104
2022,2022,3b 1600m,"IJA, Virtual",Daniel Raum,M,AUT,0:05:44.80,?,IJA Database,,,344,0
2022,2022,3b 5km,"IJA, Virtual",Daniel Raum,M,AUT,0:19:58.60,?,IJA Database,,,1198,162
2022,2022,4b 100m,"IJA, Virtual",Giovanni Gaole,M,0,0:00:20.20,?,IJA Database,,,20,0
2022,2022,3b 200m,"IJA, Virtual",Giovanni Gaole,M,0,0:00:34.24,?,IJA Database,,,34,11
2022,2022,7b 100m,"IJA, Virtual",Giovanni Gaole,M,0,0:01:03.00,?,IJA Database,,,63,0
2022,2022,3b 100m,"IJA, Virtual",James Auriemma,M,0,0:00:19.13,?,IJA Database,,,19,0
2022,2022,4b 100m,"IJA, Virtual",James Auriemma,M,0,0:00:33.20,?,IJA Database,,,33,0
2022,2022,3b 400m,"IJA, Virtual",James Auriemma,M,0,0:01:26.00,?,IJA Database,,,86,0
2022,2022,3b 800m,"IJA, Virtual",James Auriemma,M,0,0:03:25.90,?,IJA Database,,,205,0
2022,2022,3b 100m,"IJA, Virtual",JoAnn Ireland,F,USA,0:00:22.17,?,IJA Database,,,22,0
2022,2022,5b 100m,"IJA, Virtual",JoAnn Ireland,F,USA,0:01:27.40,?,IJA Database,,,87,0
2022,2022,3b 400m,"IJA, Virtual",JoAnn Ireland,F,USA,0:02:24.40,?,IJA Database,,,144,0
2022,2022,4b 400m,"IJA, Virtual",JoAnn Ireland,F,USA,0:03:33.00,?,IJA Database,,,213,0
2022,2022,3b 1600m,"IJA, Virtual",JoAnn Ireland,F,USA,0:11:59.00,?,IJA Database,,,719,0
2022,2022,3b 100m,"IJA, Virtual",Kaylin Meyers,F,USA,0:00:20.82,?,IJA Database,,,20,39
2022,2022,3b 200m,"IJA, Virtual",Kaylyn Schull,F,0,0:00:57.46,?,IJA Database,,,57,0
2022,2022,3b 400m,"IJA, Virtual",Kaylyn Schull,F,0,0:02:53.30,?,IJA Database,,,173,0
2022,2022,3b 800m,"IJA, Virtual",Kaylyn Schull,F,0,0:04:46.60,?,IJA Database,,,286,0
2022,2022,3b 1600m,"IJA, Virtual",Kaylyn Schull,F,0,0:10:56.30,?,IJA Database,,,656,0
2022,2022,3b 1600m,"IJA, Virtual",Koutaro Kawano,M,JPN,0:06:38.60,?,IJA Database,,,398,0
2022,2022,3b 100m,"IJA, Virtual",Len Ferman,M,USA,0:00:16.90,?,IJA Database,,,16,24
2022,2022,3b 100m,"IJA, Virtual",Logan Pearce,F,0,0:00:19.43,?,IJA Database,,,19,89
2022,2022,3b 100m,"IJA, Virtual",Logan Pearce,F,0,0:00:32.09,?,IJA Database,,,32,0
2022,2022,3b 200m,"IJA, Virtual",Logan Pearce,F,0,0:00:43.10,?,IJA Database,,,43,14
2022,2022,3b 100m,"IJA, Virtual",Michal Kapral,M,CAN,0:00:15.83,?,IJA Database,,,15,98
2022,2022,3b 100m,Time Trial,Michal Kapral,M,CAN,0:00:15.84,0,https://www.youtube.com/watch?v=j7OPOZPIeAw,,,15,98
2022,2022,4b 100m,"IJA, Virtual",Michal Kapral,M,CAN,0:00:16.25,?,IJA Database,,,16,24
2022,2022,4b 100m,Time Trial,Michal Kapral,M,CAN,0:00:16.45,0,https://www.youtube.com/watch?v=mUf639tqH-o,,,16,24
2022,2022,5b 100m,"IJA, Virtual",Michal Kapral,M,CAN,0:00:23.17,?,IJA Database,,,23,0
2022,2022,3b 100m,"IJA, Virtual",Michal Kapral,M,CAN,0:00:23.20,?,IJA Database,,,23,0
2022,2022,5b 100m,Time Trial,Michal Kapral,M,CAN,0:00:23.93,0,https://www.youtube.com/watch?v=BWrKCTbbiXw,,,23,0
2022,2022,3b 200m,Time Trial,Michal Kapral,M,CAN,0:00:31.81,0,https://www.youtube.com/watch?v=_h2daDU1JlM,,,31,102
2022,2022,3b 200m,"IJA, Virtual",Michal Kapral,M,CAN,0:00:31.81,?,IJA Database,,,31,102
2022,2022,4b 400m,"IJA, Virtual",Michal Kapral,M,CAN,0:01:54.30,?,IJA Database,,,114,0
2022,2022,4b 400m,Time Trial,Michal Kapral,M,CAN,0:01:54.56,0,https://www.youtube.com/watch?v=p_dsWS_JdEo&t=33s,,,114,0
2022,2022,3b 800m,"IJA, Virtual",Michal Kapral,M,CAN,0:02:31.30,?,IJA Database,,,151,190
2022,2022,3b 800m,Time Trial,Michal Kapral,M,CAN,0:02:31.65,0,https://www.youtube.com/watch?v=GtdYaeHkXNw,,,151,190
2022,2022,3b 200m,"IJA, Virtual",Quest Crothers,M,0,0:00:37.67,?,IJA Database,,,37,0
2022,2022,3b 800m,"IJA, Virtual",Quest Crothers,M,0,0:03:20.30,?,IJA Database,,,200,0
2022,2022,3b 100m,"IJA, Virtual",Skye Jerpbak,F,0,0:00:25.85,?,IJA Database,,,25,0
2022,2022,3b 200m,"IJA, Virtual",Skye Jerpbak,F,0,0:00:42.00,?,IJA Database,,,42,27
2022,2022,3b 100m,"IJA, Virtual",Sterling Franklin,M,USA,0:00:14.22,?,IJA Database,,,14,221
2022,2022,4b 100m,"IJA, Virtual",Sterling Franklin,M,USA,0:00:15.10,?,IJA Database,,,15,98
2022,2022,3b 100m,"IJA, Virtual",Sterling Franklin,M,USA,0:00:28.46,?,IJA Database,,,28,0
2022,2022,3b 200m,"IJA, Virtual",Sterling Franklin,M,USA,0:00:29.96,?,IJA Database,,,29,214
2022,2022,5b 100m,"IJA, Virtual",Sterling Franklin,M,USA,0:00:59.20,?,IJA Database,,,59,0
2022,2022,3b 400m,"IJA, Virtual",Sterling Franklin,M,USA,0:01:06.30,?,IJA Database,,,66,172
2022,2022,6b 100m,"IJA, Virtual",Sterling Franklin,M,USA,0:01:28.70,?,IJA Database,,,88,0
2022,2022,4b 400m,"IJA, Virtual",Sterling Franklin,M,USA,0:01:31.20,?,IJA Database,,,91,0
2022,2022,5b 200m,"IJA, Virtual",Sterling Franklin,M,USA,0:01:53.30,?,IJA Database,,,113,0
2022,2022,3b 800m,"IJA, Virtual",Sterling Franklin,M,USA,0:02:34.00,?,IJA Database,,,154,155
2022,2022,4b 800m,"IJA, Virtual",Sterling Franklin,M,USA,0:03:40.00,?,IJA Database,,,220,0
2022,2022,3b 1600m,"IJA, Virtual",Sterling Franklin,M,USA,0:05:41.50,?,IJA Database,,,341,0
2022,2022,7b 100m,"IJA, Virtual",Sterling Franklin,M,USA,0:09:18.50,?,IJA Database,,,558,0
2021,2021,3b 800m,IJA Virtual,Caleb Williams,M,USA,0:02:10.90,?,IJA Database,,,130,535
2021,2021,4b 100m,IJA Virtual,Chris Fowler,M,USA,0:00:27.36,?,IJA Database,,,27,0
2021,2021,7b 100m,IJA Virtual,Chris Fowler,M,USA,0:00:52.71,?,IJA Database,,,52,0
2021,2021,3b 100m,IJA Virtual,Christoph Mitasch,M,AUT,0:00:18.50,?,IJA Database,,,18,0
2021,2021,4b 100m,IJA Virtual,Christoph Mitasch,M,AUT,0:00:20.30,?,IJA Database,,,20,0
2021,2021,5b 100m,IJA Virtual,Christoph Mitasch,M,AUT,0:00:35.40,?,IJA Database,,,35,0
2021,2021,3b 200m,IJA Virtual,Christoph Mitasch,M,AUT,0:00:35.94,?,IJA Database,,,35,1
2021,2021,4b 200m,IJA Virtual,Christoph Mitasch,M,AUT,0:00:46.74,?,IJA Database,,,46,0
2021,2021,3b 400m,IJA Virtual,Christoph Mitasch,M,AUT,0:01:22.20,?,IJA Database,,,82,0
2021,2021,5b 200m,IJA Virtual,Christoph Mitasch,M,AUT,0:01:38.80,?,IJA Database,,,98,0
2021,2021,3b 800m,IJA Virtual,Christoph Mitasch,M,AUT,0:02:45.70,?,IJA Database,,,165,57
2021,2021,3b 1600m,IJA Virtual,Christoph Mitasch,M,AUT,0:06:10.80,?,IJA Database,,,370,0
2021,2021,3b 3200m,IJA Virtual,Christoph Mitasch,M,AUT,0:12:34.00,?,IJA Database,,,754,0
2021,2021,3b 100m,IJA Virtual,Daniel Raum,M,AUT,0:00:17.98,?,IJA Database,,,17,0
2021,2021,3b 200m,IJA Virtual,Daniel Raum,M,AUT,0:00:36.80,?,IJA Database,,,36,0
2021,2021,3b 400m,IJA Virtual,Daniel Raum,M,AUT,0:01:18.10,?,IJA Database,,,78,1
2021,2021,3b 800m,IJA Virtual,Daniel Raum,M,AUT,0:02:45.70,?,IJA Database,,,165,57
2021,2021,3b 1600m,IJA Virtual,Daniel Raum,M,AUT,0:05:43.00,?,IJA Database,,,343,0
2021,2021,3b 200m,IJA Virtual,David Pavlove Cunsolo,M,0,0:00:35.37,?,IJA Database,,,35,1
2021,2021,4b 200m,IJA Virtual,David Pavlove Cunsolo,M,0,0:00:40.50,?,IJA Database,,,40,0
2021,2021,5b 200m,IJA Virtual,David Pavlove Cunsolo,M,0,0:01:05.10,?,IJA Database,,,65,0
2021,2021,7b 200m,IJA Virtual,David Pavlove Cunsolo,M,0,0:03:33.70,?,IJA Database,,,213,0
2021,2021,5b 800m,IJA Virtual,David Pavlove Cunsolo,M,0,0:07:55.40,?,IJA Database,,,475,0
2021,2021,3b 400m,IJA Virtual,James Auriemma,M,0,0:01:32.70,?,IJA Database,,,92,0
2021,2021,3b 800m,IJA Virtual,James Auriemma,M,0,0:04:05.20,?,IJA Database,,,245,0
2021,2021,3b 100m,IJA Virtual,JoAnn Ireland,F,USA,0:00:21.90,?,IJA Database,,,21,9
2021,2021,5b 100m,IJA Virtual,JoAnn Ireland,F,USA,0:01:08.00,?,IJA Database,,,68,0
2021,2021,4b 200m,IJA Virtual,JoAnn Ireland,F,USA,0:01:54.00,?,IJA Database,,,114,0
2021,2021,3b 400m,IJA Virtual,JoAnn Ireland,F,USA,0:02:21.50,?,IJA Database,,,141,0
2021,2021,5b 200m,IJA Virtual,JoAnn Ireland,F,USA,0:03:23.00,?,IJA Database,,,203,0
2021,2021,3b 800m,IJA Virtual,JoAnn Ireland,F,USA,0:04:58.90,?,IJA Database,,,298,0
2021,2021,3b 1600m,IJA Virtual,JoAnn Ireland,F,USA,0:11:02.00,?,IJA Database,,,662,0
2021,2021,3b 3200m,IJA Virtual,JoAnn Ireland,F,USA,0:23:52.70,?,IJA Database,,,1432,0
2021,2021,5b 100m,IJA Virtual,Joel Hilchey,M,0,0:00:20.73,?,IJA Database,,,20,0
2021,2021,3b 100m,IJA Virtual,Joel Hilchey,M,0,0:00:21.10,?,IJA Database,,,21,0
2021,2021,3b 200m,IJA Virtual,Joel Hilchey,M,0,0:00:32.80,?,IJA Database,,,32,62
2021,2021,5b 100m,IJA Virtual,Joel Hilchey,M,0,0:00:37.20,?,IJA Database,,,37,0
2021,2021,4b 200m,IJA Virtual,Joel Hilchey,M,0,0:00:40.47,?,IJA Database,,,40,0
2021,2021,3b 3200m,IJA Virtual,John Baker,M,USA,0:11:33.00,?,IJA Database,,,693,0
2021,2021,3b 800m,IJA Virtual,Josh Horowitz,M,0,0:03:02.10,?,IJA Database,,,182,0
2021,2021,3b 200m,IJA Virtual,Kaylyn Schull,F,0,0:00:57.89,?,IJA Database,,,57,0
2021,2021,3b 800m,IJA Virtual,Kaylyn Schull,F,0,0:04:27.50,?,IJA Database,,,267,0
2021,2021,3b 1600m,IJA Virtual,Koutaro Kawano,M,JPN,0:06:17.00,?,IJA Database,,,377,0
2021,2021,3b 3200m,IJA Virtual,Koutaro Kawano,M,JPN,0:13:57.00,?,IJA Database,,,837,0
2021,2021,3b 5km,IJA Virtual,Koutaro Kawano,M,JPN,0:23:46.00,?,IJA Database,,,1426,0
2021,2021,3b 200m,IJA Virtual,Len Ferman,M,USA,0:00:35.10,?,IJA Database,,,35,1
2021,2021,3b 100m,IJA Virtual,Logan Pearce,F,0,0:00:23.00,?,IJA Database,,,23,0
2021,2021,3b 200m,IJA Virtual,Logan Pearce,F,0,0:00:46.70,?,IJA Database,,,46,0
2021,2021,5b 100m,IJA Virtual,Mark Fiore,M,USA,0:00:14.37,?,IJA Database,,,14,221
2021,2021,3b 100m,IJA Virtual,Matthew Feldman,M,USA,0:00:14.73,?,IJA Database,,,14,221
2021,2021,5b 100m,IJA Virtual,Matthew Feldman,M,USA,0:00:15.03,?,IJA Database,,,15,98
2021,2021,3b 100m,IJA Virtual,Matthew Feldman,M,USA,0:00:23.38,?,IJA Database,,,23,0
2021,2021,3b 200m,IJA Virtual,Matthew Feldman,M,USA,0:00:32.01,?,IJA Database,,,32,62
2021,2021,5b 200m,IJA Virtual,Matthew Feldman,M,USA,0:00:37.67,?,IJA Database,,,37,0
2021,2021,4b 200m,IJA Virtual,Matthew Feldman,M,USA,0:00:38.88,?,IJA Database,,,38,0
2021,2021,3b 400m,IJA Virtual,Matthew Feldman,M,USA,0:01:13.90,?,IJA Database,,,73,36
2021,2021,3b 800m,IJA Virtual,Matthew Feldman,M,USA,0:02:38.80,?,IJA Database,,,158,114
2021,2021,3b 3200m,IJA Virtual,Matthew Feldman,M,USA,0:13:10.00,?,IJA Database,,,790,0
2021,2021,3b 100m,IJA Virtual,Nicholas Boffa,M,0,0:00:22.90,?,IJA Database,,,22,0
2021,2021,3b 3200m,IJA Virtual,Nicholas Boffa,M,0,0:12:44.70,?,IJA Database,,,764,0
2021,2021,3b 100m,IJA Virtual,Stephan Cipra,M,DEU,0:00:14.50,?,IJA Database,,,14,221
2021,2021,4b 100m,IJA Virtual,Stephan Cipra,M,DEU,0:00:15.44,?,IJA Database,,,15,98
2021,2021,5b 100m,IJA Virtual,Stephan Cipra,M,DEU,0:00:17.80,?,IJA Database,,,17,0
2021,2021,3c 100m,IJA Virtual,Stephan Cipra,M,DEU,0:00:30.00,?,IJA Database,,,30,0
2021,2021,3b 200m,IJA Virtual,Stephan Cipra,M,DEU,0:00:31.76,?,IJA Database,,,31,102
2021,2021,4b 200m,IJA Virtual,Stephan Cipra,M,DEU,0:00:33.50,?,IJA Database,,,33,31
2021,2021,5b 200m,IJA Virtual,Stephan Cipra,M,DEU,0:00:55.00,?,IJA Database,,,55,0
2021,2021,3b 400m,IJA Virtual,Stephan Cipra,M,DEU,0:01:11.80,?,IJA Database,,,71,65
2021,2021,3b 800m,IJA Virtual,Stephan Cipra,M,DEU,0:02:37.20,?,IJA Database,,,157,123
2021,2021,3b 1600m,IJA Virtual,Stephan Cipra,M,DEU,0:06:32.70,?,IJA Database,,,392,0
2021,2021,3b 3200m,IJA Virtual,Stephan Cipra,M,DEU,0:14:02.00,?,IJA Database,,,842,0
2021,2021,3b 100m,IJA Virtual,Sterling Franklin,M,USA,0:00:14.10,?,IJA Database,,,14,221
2021,2021,3b 200m,IJA Virtual,Sterling Franklin,M,USA,0:00:29.14,?,IJA Database,,,29,214
2021,2021,4b 200m,IJA Virtual,Sterling Franklin,M,USA,0:00:36.48,?,IJA Database,,,36,0
2021,2021,5b 100m,IJA Virtual,Sterling Franklin,M,USA,0:00:40.46,?,IJA Database,,,40,0
2021,2021,3b 400m,IJA Virtual,Sterling Franklin,M,USA,0:01:03.90,?,IJA Database,,,63,261
2021,2021,3b 600m,IJA Virtual,Sterling Franklin,M,USA,0:01:43.00,?,IJA Database,,,103,287
2021,2021,5b 200m,IJA Virtual,Sterling Franklin,M,USA,0:01:57.20,?,IJA Database,,,117,0
2021,2021,3b 800m,IJA Virtual,Sterling Franklin,M,USA,0:02:23.50,?,IJA Database,,,143,301
2021,2021,3b 1600m,IJA Virtual,Sterling Franklin,M,USA,0:05:25.60,?,IJA Database,,,325,0
2021,2021,3b 3200m,IJA Virtual,Sterling Franklin,M,USA,0:13:10.00,?,IJA Database,,,790,0
2021,2021,3b 100m,IJA Virtual,Valentin Bolognini,M,0,0:00:21.00,?,IJA Database,,,21,0
2021,2021,4b 100m,IJA Virtual,Valentin Bolognini,M,0,0:00:31.40,?,IJA Database,,,31,0
2021,2021,4b 200m,IJA Virtual,Valentin Bolognini,M,0,0:01:49.50,?,IJA Database,,,109,0
2020,2020,3b 800m,"IJA, Virtual",Aaron Scott,M,USA,0:02:35.40,?,IJA Database,,,155,144
2020,2020,3b Marathon,New York Virtual Marathon,Barak Hirschowitz,M,USA,4:37:21.00,?,https://results.nyrr.org/event/20VMara/finishers#search=Barak%2520Hirschowitz,,,16641,0
2020,2020,3b 100m,"IJA, Virtual",Caleb Black,M,0,0:00:20.66,?,IJA Database,,,20,0
2020,2020,5b 100m,"IJA, Virtual",Caleb Black,M,0,0:02:13.00,?,IJA Database,,,133,0
2020,2020,3b 400m,"IJA, Virtual",Caleb Black,M,0,0:02:43.00,?,IJA Database,,,163,0
2020,2020,5b 400m,"IJA, Virtual",Caleb Black,M,0,0:06:33.00,?,IJA Database,,,393,0
2020,2020,3b 800m,"IJA, Virtual",Caleb Black,M,0,0:08:45.00,?,IJA Database,,,525,0
2020,2020,3b Mile,"IJA, Virtual",Caleb Black,M,0,0:19:47.00,?,IJA Database,,,1187,0
2020,2020,3b 100m,"IJA, Virtual",Chris Fowler,M,USA,0:00:15.96,?,IJA Database,,,15,98
2020,2020,3b 100m,"IJA, Virtual",Christoph Mitasch,M,AUT,0:00:19.87,?,IJA Database,,,19,0
2020,2020,3b 400m,"IJA, Virtual",Christoph Mitasch,M,AUT,0:01:28.30,?,IJA Database,,,88,0
2020,2020,3b 800m,"IJA, Virtual",Christoph Mitasch,M,AUT,0:03:16.70,?,IJA Database,,,196,0
2020,2020,3b 5km,"IJA, Virtual",Christoph Mitasch,M,AUT,0:23:34.00,?,IJA Database,,,1414,1
2020,2020,3b 100m,"IJA, Virtual",Craig Muhlenkamp,M,USA,0:00:18.20,?,IJA Database,,,18,0
2020,2020,3b 400m,"IJA, Virtual",Craig Muhlenkamp,M,USA,0:01:21.60,?,IJA Database,,,81,0
2020,2020,3b 800m,"IJA, Virtual",Craig Muhlenkamp,M,USA,0:03:16.50,?,IJA Database,,,196,0
2020,2020,3b Mile,"IJA, Virtual",Craig Muhlenkamp,M,USA,0:06:54.20,?,IJA Database,,,414,0
2020,2020,3b 5km,"IJA, Virtual",Craig Muhlenkamp,M,USA,0:26:17.00,?,IJA Database,,,1577,0
2020,2020,3b 100m,"IJA, Virtual",David Pavlove Cunsolo,M,0,0:00:16.50,?,IJA Database,,,16,24
2020,2020,5b 100m,"IJA, Virtual",Davld Pavlove Cunsolo,M,0,0:00:30.20,?,IJA Database,,,30,0
2020,2020,7b 100m,"IJA, Virtual",Davld Pavlove Cunsolo,M,0,0:01:37.40,?,IJA Database,,,97,0
2020,2020,5b 400m,"IJA, Virtual",Davld Pavlove Cunsolo,M,0,0:03:03.70,?,IJA Database,,,183,0
2020,2020,3b 800m,"IJA, Virtual",Henry Wellenstein,M,USA,0:02:19.10,?,IJA Database,,,139,366
2020,2020,3b 100m,"IJA, Virtual",Jill Edgecomb,F,0,0:00:32.78,?,IJA Database,,,32,0
2020,2020,3b 400m,"IJA, Virtual",Jill Edgecomb,F,0,0:02:57.70,?,IJA Database,,,177,0
2020,2020,5b 100m,"IJA, Virtual",Jill Edgecomb,F,0,0:03:31.80,?,IJA Database,,,211,0
2020,2020,3b 800m,"IJA, Virtual",Jill Edgecomb,F,0,0:07:09.40,?,IJA Database,,,429,0
2020,2020,3b 100m,"IJA, Virtual",JoAnn Ireland,F,USA,0:00:21.24,?,IJA Database,,,21,9
2020,2020,5b 100m,"IJA, Virtual",JoAnn Ireland,F,USA,0:01:12.50,?,IJA Database,,,72,0
2020,2020,3b 400m,"IJA, Virtual",JoAnn Ireland,F,USA,0:02:02.70,?,IJA Database,,,122,0
2020,2020,3b 800m,"IJA, Virtual",JoAnn Ireland,F,USA,0:05:28.40,?,IJA Database,,,328,0
2020,2020,5b 400m,"IJA, Virtual",JoAnn Ireland,F,USA,0:06:59.50,?,IJA Database,,,419,0
2020,2020,3b 100m,"IJA, Virtual",Joshua Black,M,0,0:00:19.42,?,IJA Database,,,19,0
2020,2020,3b 400m,"IJA, Virtual",Joshua Black,M,0,0:02:05.00,?,IJA Database,,,125,0
2020,2020,5b 100m,"IJA, Virtual",Joshua Black,M,0,0:02:11.00,?,IJA Database,,,131,0
2020,2020,5b 400m,"IJA, Virtual",Joshua Black,M,0,0:06:31.00,?,IJA Database,,,391,0
2020,2020,3b 5km,"IJA, Virtual",Koutaro Kawano,M,JPN,0:24:07.00,?,IJA Database,,,1447,0
2020,2020,3b 400m,"IJA, Virtual",Len Ferman,M,USA,0:01:17.00,?,IJA Database,,,77,4
2020,2020,3b 100m,"IJA, Virtual",Marla Edgecomb,F,USA,0:00:21.45,?,IJA Database,,,21,9
2020,2020,3b 400m,"IJA, Virtual",Marla Edgecomb,F,USA,0:02:00.70,?,IJA Database,,,120,0
2020,2020,3b 800m,"IJA, Virtual",Marla Edgecomb,F,USA,0:05:02.70,?,IJA Database,,,302,0
2020,2020,3b Mile,"IJA, Virtual",Marla Edgecomb,F,USA,0:10:45.40,?,IJA Database,,,645,0
2020,2020,3b 5km,"IJA, Virtual",Michael-Lucien Bergeron,M,CAN,0:16:49.70,?,IJA Database,,,1009,516
2020,2020,3b 100m,"IJA, Virtual",Sterling Franklin,M,USA,0:00:13.96,?,IJA Database,,,13,394
2020,2020,4b 100m,"IJA, Virtual",Sterling Franklin,M,USA,0:00:15.78,?,IJA Database,,,15,98
2020,2020,3b 200m,"IJA, Virtual",Sterling Franklin,M,USA,0:00:29.12,?,IJA Database,,,29,214
2020,2020,4b 200m,"IJA, Virtual",Sterling Franklin,M,USA,0:00:40.47,?,IJA Database,,,40,0
2020,2020,5b 100m,"IJA, Virtual",Sterling Franklin,M,USA,0:00:55.57,?,IJA Database,,,55,0
2020,2020,3b 400m,"IJA, Virtual",Sterling Franklin,M,USA,0:01:02.40,?,IJA Database,,,62,295
2020,2020,3b 600m,"IJA, Virtual",Sterling Franklin,M,USA,0:01:44.90,?,IJA Database,,,104,267
2020,2020,4b 400m,"IJA, Virtual",Sterling Franklin,M,USA,0:01:49.40,?,IJA Database,,,109,0
2020,2020,3b 800m,"IJA, Virtual",Sterling Franklin,M,USA,0:02:22.30,?,IJA Database,,,142,316
2020,2020,5b 200m,"IJA, Virtual",Sterling Franklin,M,USA,0:02:42.20,?,IJA Database,,,162,0
2020,2020,5b 400m,"IJA, Virtual",Sterling Franklin,M,USA,0:05:29.80,?,IJA Database,,,329,0
2020,2020,3b Mile,"IJA, Virtual",Sterling Franklin,M,USA,0:05:30.00,?,IJA Database,,,330,253
2020,2020,3b 3km,"IJA, Virtual",Sterling Franklin,M,USA,0:11:10.90,?,IJA Database,,,670,235
2020,2020,7b 100m,"IJA, Virtual",Sterling Franklin,M,USA,0:14:13.00,?,IJA Database,,,853,0
2020,2020,3b 5km,"IJA, Virtual",Sterling Franklin,M,USA,0:19:43.00,?,IJA Database,,,1183,183
2019,2019,3b 5km,Guelph 5km,Gabrielle Foran,F,CAN,0:20:42.00,?,https://sites.google.com/site/guelph5kjoggling/results,,,1242,594
2019,2019,3b 5km,Guelph 5km,Greg Philips,M,0,0:27:19.00,?,https://sites.google.com/site/guelph5kjoggling/results,,,1639,0
2019,2019,3b 17km,Wings for Life World Run,Levent Denizci,M,TUR,1:39:00.00,1,,,,5940,0
2019,2019,3b Half Marathon,Eskisehir Half Marathon,Levent Denizci,M,TUR,2:09:18.00,3,,,,7758,0
2019,2019,3b Half Marathon,Istanbul Half Marathon,Levent Denizci,M,TUR,2:10:05.00,2,,,,7805,0
2019,2019,3b 5km,Guelph 5km,Mark Jolin,M,0,0:36:02.00,?,https://sites.google.com/site/guelph5kjoggling/results,,,2162,0
2018,2018,3b 5km,Guelph 5km,David Pavlove Cunsolo,M,0,0:30:17.00,?,https://sites.google.com/site/guelph5kjoggling/results,,,1817,0
2018,2018,3b 5km,Guelph 5km,Ely Doan,M,0,0:26:05.00,?,https://sites.google.com/site/guelph5kjoggling/results,,,1565,0
2018,2018,3b 5km,Guelph 5km,Gabrielle Foran,F,CAN,0:19:09.00,?,https://sites.google.com/site/guelph5kjoggling/results,,,1149,730
2018,2018,3b 5km,Guelph 5km,Greg Philips,M,0,0:25:05.00,?,https://sites.google.com/site/guelph5kjoggling/results,,,1505,0
2018,2018,3b 15km,Istanbul,Levent Denizci,M,TUR,1:35:30.00,8,,,,5730,0
2018,2018,3b Half Marathon,Giresun Half Marathon,Levent Denizci,M,TUR,1:56:38.00,3,,,,6998,0
2018,2018,3b Half Marathon,Istanbul Half Marathon,Levent Denizci,M,TUR,1:59:31.00,4,,,,7171,0
2018,2018,3b Half Marathon,Edirne Half Marathon,Levent Denizci,M,TUR,2:17:35.00,9,,,,8255,0
2018,2018,3b 5km,Guelph 5km,Michal Kapral,M,CAN,0:19:05.00,?,https://sites.google.com/site/guelph5kjoggling/results,,,1145,241
2018,2018,3b 5km,Guelph 5km,Mike Moore,M,USA,0:26:20.00,?,https://sites.google.com/site/guelph5kjoggling/results,,,1580,0
2018,2018,3b 5km,Guelph 5km,Morgan Anderson,F,0,0:24:42.00,?,https://sites.google.com/site/guelph5kjoggling/results,,,1482,308
2018,2018,3b 5km,Guelph 5km,Sydney McDonald,M,0,0:21:39.00,?,https://sites.google.com/site/guelph5kjoggling/results,,,1299,55
2017,2017,3b 5km,Guelph 5km,Boris Georgiev,M,0,0:24:42.00,?,https://sites.google.com/site/guelph5kjoggling/results,,,1482,0
2017,2017,3b 5km,Guelph 5km,David Pavlove Cunsolo,M,0,0:33:15.00,?,https://sites.google.com/site/guelph5kjoggling/results,,,1995,0
2017,2017,3b 5km,Guelph 5km,Ely Doan,M,0,0:28:26.00,?,https://sites.google.com/site/guelph5kjoggling/results,,,1706,0
2017,2017,3b 5km,Guelph 5km,Eric Malikowski,M,0,0:34:45.00,?,https://sites.google.com/site/guelph5kjoggling/results,,,2085,0
2017,2017,3b 15km,Istanbul,Ferda Tekgul,M,TUR,1:35:55.00,?,https://event.spor.istanbul/eventresults.aspx,,,5755,0
2017,2017,3b 5km,Guelph 5km,Gabrielle Foran,F,CAN,0:19:12.00,?,https://sites.google.com/site/guelph5kjoggling/results,,,1152,726
2017,2017,3b 5km,Guelph 5km,Gavin Hossack,M,0,0:30:07.00,?,https://sites.google.com/site/guelph5kjoggling/results,,,1807,0
2017,2017,3b 5km,Guelph 5km,Julian Tam,M,0,0:23:49.00,?,https://sites.google.com/site/guelph5kjoggling/results,,,1429,0
2017,2017,3c 10km,Ignite Istanbul,Levent Denizci,M,TUR,1:05:37.00,10,,,,3937,0
2017,2017,3c 15km,Istanbul,Levent Denizci,M,TUR,1:47:42.00,10,,,,6462,0
2017,2017,3b 5km,Guelph 5km,Tony Malikowski,M,USA,0:25:08.00,?,https://sites.google.com/site/guelph5kjoggling/results,,,1508,0
2016,2016,3b 5km,Guelph 5km,Boris Georgiev,M,0,0:29:45.00,?,https://sites.google.com/site/guelph5kjoggling/results,,,1785,0
2016,2016,3b 5km,Guelph 5km,David Pavlove Cunsolo,M,0,0:42:23.00,?,https://sites.google.com/site/guelph5kjoggling/results,,,2543,0
2016,2016,3b 5km,Guelph 5km,Ely Doan,M,0,0:25:00.00,?,https://sites.google.com/site/guelph5kjoggling/results,,,1500,0
2016,2016,3b 5km,Guelph 5km,Gabrielle Foran,F,CAN,0:18:26.00,?,https://sites.google.com/site/guelph5kjoggling/results,,,1106,798
2016,2016,3b 5km,Guelph 5km,Julian Tam,M,0,0:23:22.00,?,https://sites.google.com/site/guelph5kjoggling/results,,,1402,4
2016,2016,3b 10km,Ignite Istanbul,Levent Denizci,M,TUR,0:54:42.00,2,Levent shared a pdf doc of his results,,,3282,0
2016,2016,3b 13km,Wings for Life World Run,Levent Denizci,M,TUR,1:24:08.00,4,,,,5048,0
2016,2016,3b 15km,Istanbul,Levent Denizci,M,TUR,1:24:35.00,0,Levent shared a pdf doc of his results,,,5075,0
2016,2016,3b 5km,Guelph 5km,Mike Moore,M,USA,0:23:56.00,?,https://sites.google.com/site/guelph5kjoggling/results,,,1436,0
2015,2015,3b 26km,Istanbul,Levent Denizci,M,TUR,2:37:41.00,4,Levent shared a pdf doc of his results,,,9461,0
2014,2014,3b Half Marathon,Istanbul Half Marathon,Levent Denizci,M,TUR,2:01:19.00,3,https://www.instagram.com/p/BIl1YIKDEa0/,,,7279,0
2014,2014,3b Half Marathon,Runtalya,Levent Denizci,M,TUR,2:13:00.00,4,https://www.instagram.com/p/BIjUzCajyuf/,,,7980,0
2013,2013,3b 15km,Istanbul,Levent Denizci,M,TUR,1:12:49.00,7,Levent shared a pdf doc of his results,,,4369,53
2013,2013,3b 10km,Runtalya,Levent Denizci,M,TUR,1:14:27.00,12,https://www.instagram.com/p/BIg06QODG3d/,,,4467,0
2008,2008,3b 10km,"Ukrops Monument Avenue 10k (Richmond, VA)",Jesse Joyner,M,USA,1:00:29.00,?,https://www.trackshackresults.com/richmond/results/2008/10k_results.php?Link=46&Type=3&LName=Joyner&FName=Jesse&City=&State=&Country=,,,3629,0
2008,2008,3b Half Marathon,"McDonalds Half Marathon (Richmond, VA)",Jesse Joyner,M,USA,2:34:05.00,?,https://www.trackshackresults.com/richmond/results/2008/hm_results.php?Link=22&Type=3&LName=Joyner&FName=Jesse&City=&State=&Country=,,,9245,0
2007,2007,3b Marathon,Moscow Peace Marathon,Jonas Eberlein,M,DEU,5:10:53.00,46,Messenger Chat with Jonas,,,18653,0
2007,2007,3b Marathon,Tampa Bay Marathon,Perry Romanowski,M,USA,3:23:00.00,?,,,,12180,223
2007,2007,3b 5km,Time Trial,Tyler Wishau,M,USA,0:17:08.00,0,https://thejoggler.blogspot.com/2007/12/best-joggles-of-2007.html,,,1028,471
2005,2005,3b 5km,Berlin,Perry Romanowski,M,USA,0:19:48.00,?,,,,1188,176
1998,1998,3b 5km,EJC,Mike Hebebrand,M,USA,0:19:00.00,?,From Email exchange with Mike (April 2023),,,1140,250
1990,1990,3b 10km,Time Trial,Mike Hebebrand,M,USA,0:35:45.00,?,From Email exchange with Mike (April 2023),,,2145,533
1989,1989,5b Mile,Time Trial,Billy Gillen,M,USA,0:07:41.00,?,"https://www.dev.juggle.org/history/archives/jugmags/45-2/45-2,p11.htm",,,461,0
1989,1989,5b 5km,Time Trial,Billy Gillen,M,USA,0:28:11.00,?,"https://www.dev.juggle.org/history/archives/jugmags/45-2/45-2,p11.htm",,,1691,0
1989,1989,3b 100m,Time Trial,Owen Morse,M,USA,0:00:11.68,0,https://www.guinnessworldrecords.com/world-records/fastest-100m-joggling-with-three-objects-men,,,11,886
1988,1988,3b Marathon,??,Albert Lucas,M,USA,3:29:04.00,?,,,,12544,178
1988,1988,5b 100m,Time Trial,Owen Morse,M,USA,0:00:13.80,0,https://www.youtube.com/watch?v=g18oD4SjaEs,,,13,394
1988,1988,3b Marathon,West Australian Marathon,Reg Bolton,M,GBR,3:45:50.00,?,https://www.heraldscotland.com/default_content/12429364.reg-bolton/  https://www.jugglingballs.com.au/15-famous-jugglers-from-australia-and-the-world/,,,13550,80
1983,1983,3c Marathon,Swindon Marathon,Colin Francome,M,GBR,4:26:00.00,?,"Phone call with Colin, August 2023",,,15960,0
1982,1982,3b Half Marathon,Montreal University Half Marathon,Michel Lauziere,M,CAN,1:19:00.00,?,Email exchange,,,4740,530
